state,slope_angle,elevation_m,soil_type,fault_dist_km,ndvi,road_cut_idx,rainfall_24h_mm,rainfall_72h_mm,soil_sat_pct,pwp_kpa,tilt_rate_deg_day,pga_seismic_g,layer1_susceptibility,layer2_dynamic_trigger,composite_risk_score,landslide_event
Sikkim,48.64,1837.7,1,7.31,0.651,12.3,18.3,36.6,37.2,64.7,0.049,0.025,44.9,17.1,26.8,0
Assam,20.97,216.8,1,1.58,0.527,56.2,173.2,412.3,99.0,132.6,0.092,0.048,35.6,87.0,69.0,1
Nagaland,36.51,1381.0,2,1.39,0.748,5.9,105.2,188.3,94.3,162.7,0.231,0.006,71.8,68.5,69.7,1
Mizoram,32.57,1257.7,2,4.81,0.811,16.4,31.1,72.1,47.8,77.6,0.047,0.04,55.9,27.4,37.4,1
Arunachal Pradesh,43.72,3759.7,1,2.23,0.754,94.8,157.1,351.9,99.0,177.6,0.609,0.02,58.1,85.5,76.0,1
Arunachal Pradesh,39.42,4187.8,3,0.66,0.469,74.5,64.6,130.8,42.3,56.0,0.015,0.014,70.7,39.1,50.1,0
Arunachal Pradesh,48.04,2270.2,2,0.31,0.706,61.3,159.2,225.0,76.3,104.7,0.013,0.025,82.9,74.1,77.2,1
Manipur,22.42,315.3,3,6.98,0.567,20.9,44.3,98.4,49.5,62.2,0.12,0.017,40.3,26.1,31.1,0
Mizoram,32.72,1584.5,1,5.07,0.421,21.9,112.8,175.3,76.7,137.6,0.005,0.035,40.1,62.1,54.4,1
Mizoram,15.8,1820.1,2,2.39,0.68,44.6,2.4,3.5,25.9,40.6,0.265,0.004,50.7,8.2,23.1,0
Arunachal Pradesh,48.43,3080.5,2,10.2,0.726,75.4,206.6,318.0,99.0,134.8,0.353,0.011,73.6,88.4,83.2,1
Assam,10.52,592.9,3,2.38,0.55,0.4,129.8,216.7,86.5,129.0,2.081,0.026,40.7,77.1,64.4,1
Nagaland,22.75,918.5,2,5.58,0.687,4.4,120.2,249.9,79.6,142.0,0.065,0.027,52.0,70.7,64.2,0
Arunachal Pradesh,44.56,1822.0,2,10.79,0.581,87.0,80.2,197.0,82.1,115.6,0.456,0.006,73.2,60.2,64.8,1
Arunachal Pradesh,38.01,3769.2,3,8.27,0.705,81.4,25.1,68.4,34.6,58.4,0.01,0.012,57.5,21.6,34.1,0
Arunachal Pradesh,24.87,3393.5,1,3.22,0.713,69.5,88.9,160.0,92.0,117.6,0.09,0.006,37.2,59.1,51.4,0
Sikkim,32.89,2592.6,1,5.14,0.612,50.0,69.5,151.8,75.3,123.2,0.022,0.021,39.2,47.3,44.5,0
Meghalaya,40.16,1351.2,3,2.4,0.459,14.5,79.3,221.5,81.1,115.9,0.286,0.074,61.7,58.3,59.5,1
Meghalaya,32.96,1033.6,2,4.69,0.738,10.2,110.7,245.9,84.9,111.8,0.348,0.014,61.6,70.0,67.1,1
Sikkim,38.22,1626.0,2,1.34,0.771,90.5,16.4,36.4,22.1,38.2,0.019,0.015,78.7,12.4,35.6,0
Mizoram,26.98,1961.5,2,2.57,0.781,38.3,12.0,19.5,27.3,41.8,0.007,0.018,61.2,12.1,29.3,0
Arunachal Pradesh,44.88,3400.6,1,1.06,0.594,69.6,76.2,140.0,61.9,88.2,0.045,0.057,61.3,46.3,51.5,0
Sikkim,36.95,3287.3,1,0.18,0.757,45.6,35.3,58.7,38.5,55.5,0.178,0.045,51.9,24.7,34.2,0
Sikkim,43.12,2755.1,2,4.0,0.808,73.1,22.4,60.5,28.4,35.3,0.114,0.017,80.1,21.4,42.0,0
Meghalaya,26.31,1064.1,3,8.99,0.586,19.3,4.1,8.5,16.2,24.2,0.032,0.01,48.9,9.0,23.0,0
Nagaland,46.74,1511.1,2,0.12,0.557,48.5,57.0,108.4,41.1,67.3,0.029,0.02,82.9,33.6,50.9,0
Arunachal Pradesh,49.63,3485.9,2,0.98,0.667,37.7,57.8,140.2,69.6,117.8,0.041,0.004,83.1,42.1,56.4,0
Meghalaya,32.88,1729.3,3,2.77,0.694,24.5,84.7,159.7,74.6,126.7,0.044,0.029,53.7,52.4,52.9,1
Mizoram,34.37,1500.4,2,4.93,0.566,59.8,140.5,367.4,99.0,168.9,0.955,0.004,72.8,86.3,81.6,1
Arunachal Pradesh,32.97,3914.1,3,0.85,0.774,53.7,67.7,158.8,82.7,141.3,1.332,0.02,61.9,58.9,59.9,1
Mizoram,36.8,1007.3,3,0.26,0.669,49.6,73.6,107.6,60.9,90.2,0.011,0.006,65.9,40.7,49.6,0
Arunachal Pradesh,19.69,3515.0,1,3.29,0.658,59.1,0.2,0.4,10.4,15.1,0.002,0.066,32.4,3.7,13.7,0
Arunachal Pradesh,52.05,3974.9,2,7.68,0.169,14.3,172.7,440.5,99.0,125.4,0.096,0.02,74.9,84.6,81.2,1
Assam,23.74,734.9,3,0.16,0.598,37.1,208.6,566.8,99.0,136.1,1.194,0.05,59.9,94.4,82.3,1
Assam,14.01,101.2,3,1.93,0.587,32.5,111.9,204.1,82.5,110.2,0.072,0.04,43.4,59.1,53.6,1
Nagaland,43.36,968.2,1,4.9,0.52,76.9,254.1,459.6,99.0,155.1,0.169,0.024,54.1,88.6,76.5,1
Sikkim,54.93,2627.1,1,0.63,0.785,3.6,42.6,92.2,44.6,62.2,0.012,0.018,51.9,29.3,37.3,0
Arunachal Pradesh,41.34,3472.8,2,1.21,0.679,28.2,6.5,9.2,20.7,31.5,0.009,0.049,70.9,13.5,33.6,0
Mizoram,26.42,1068.8,2,3.45,0.717,91.8,75.7,137.3,67.1,95.8,0.015,0.015,69.5,43.9,52.9,1
Meghalaya,32.29,1976.0,2,13.78,0.673,30.0,36.7,90.9,53.8,93.3,0.039,0.033,56.4,33.5,41.5,0
Arunachal Pradesh,42.57,1817.4,2,1.52,0.609,15.2,108.0,281.8,99.0,144.0,0.252,0.003,74.1,74.2,74.1,1
Meghalaya,34.14,2186.3,3,3.01,0.686,75.7,12.1,23.6,39.8,67.7,0.048,0.014,64.1,18.7,34.6,0
Arunachal Pradesh,29.51,3066.6,2,2.3,0.535,4.8,32.9,88.3,52.7,64.6,0.085,0.012,66.2,28.4,41.6,0
Manipur,23.11,913.6,3,10.25,0.705,42.6,159.1,285.7,99.0,120.7,0.071,0.01,36.9,79.9,64.8,1
Sikkim,47.8,2007.3,1,0.34,0.69,85.5,94.3,137.1,94.0,154.0,0.579,0.005,63.4,59.2,60.7,0
Mizoram,23.48,1674.7,1,3.76,0.521,95.4,41.1,67.0,32.2,52.3,0.133,0.003,43.4,24.4,31.1,0
Sikkim,28.53,2345.6,2,8.42,0.442,24.9,24.1,63.1,51.8,62.8,0.008,0.044,60.9,24.4,37.2,1
Meghalaya,27.58,1050.4,1,19.95,0.704,29.6,45.0,124.0,62.5,93.3,0.075,0.015,25.9,36.7,32.9,0
Meghalaya,30.5,1143.4,2,5.4,0.584,56.7,30.9,69.6,64.4,79.2,0.112,0.083,67.1,32.1,44.4,0
Arunachal Pradesh,45.12,2710.7,3,2.15,0.728,22.7,47.5,115.0,50.1,65.1,0.002,0.002,64.5,32.8,43.9,0
Assam,26.84,974.1,1,2.39,0.596,15.1,42.3,108.5,58.9,104.7,0.022,0.032,40.6,33.3,35.9,0
Nagaland,26.14,1413.2,3,1.95,0.768,42.6,173.2,288.7,99.0,139.0,0.129,0.002,48.9,86.1,73.1,0
Assam,21.2,241.5,2,4.16,0.602,7.2,43.8,95.1,64.5,95.6,0.124,0.001,57.4,36.9,44.1,0
Manipur,26.57,721.6,1,6.05,0.725,89.4,52.9,143.4,63.5,102.2,0.02,0.007,33.8,40.0,37.9,0
Mizoram,47.25,2045.6,2,7.7,0.527,33.4,100.3,190.4,88.8,155.6,0.21,0.049,76.3,66.3,69.8,1
Assam,21.17,496.4,3,2.42,0.472,33.6,109.9,306.2,99.0,127.6,0.026,0.057,49.0,71.6,63.7,1
Arunachal Pradesh,40.12,2819.2,2,5.68,0.37,79.1,139.7,333.7,99.0,132.3,1.438,0.006,73.0,84.1,80.2,1
Arunachal Pradesh,41.39,3128.7,2,11.16,0.614,34.2,159.8,374.0,99.0,152.0,1.066,0.016,67.2,88.6,81.1,1
Arunachal Pradesh,35.3,2381.9,3,11.41,0.573,76.1,128.7,185.5,67.3,107.5,0.045,0.002,56.0,57.2,56.8,1
Sikkim,38.99,3182.9,3,5.48,0.663,18.1,144.6,204.5,79.3,115.9,0.0,0.045,51.6,69.6,63.3,1
Sikkim,21.29,2683.4,1,4.56,0.721,52.9,74.9,121.5,60.5,96.4,0.018,0.002,31.0,42.4,38.4,1
Sikkim,33.01,2209.3,3,3.41,0.706,76.9,26.4,71.4,49.7,59.9,0.005,0.003,61.5,24.2,37.3,0
Nagaland,35.52,1520.4,2,0.91,0.708,45.0,14.7,36.9,23.1,30.4,0.015,0.006,69.1,6.1,28.1,0
Sikkim,30.43,2040.4,3,0.59,0.51,7.2,70.4,149.4,75.0,127.7,0.068,0.006,57.3,51.1,53.2,0
Sikkim,45.33,1695.0,2,2.99,0.709,73.7,86.0,179.6,95.1,157.2,0.468,0.011,78.3,62.9,68.3,1
Meghalaya,20.14,1006.4,1,0.78,0.718,49.4,28.5,45.0,44.9,70.9,0.014,0.002,39.1,24.3,29.5,0
Arunachal Pradesh,44.97,3434.1,2,3.87,0.589,31.6,194.0,376.6,99.0,151.4,0.613,0.008,73.0,95.4,87.6,1
Nagaland,37.72,1737.1,2,4.67,0.771,99.3,91.8,147.8,68.9,90.9,0.023,0.029,71.0,46.0,54.8,0
Arunachal Pradesh,56.72,1603.6,2,3.36,0.425,87.6,55.6,99.1,37.2,50.7,0.013,0.01,89.5,25.8,48.1,0
Tripura,17.86,659.3,3,0.17,0.73,3.8,7.7,10.8,33.0,58.6,0.006,0.038,43.1,15.9,25.4,0
Nagaland,32.01,1300.5,3,0.27,0.556,59.4,186.3,360.5,99.0,118.9,0.041,0.007,63.0,95.5,84.1,1
Arunachal Pradesh,51.03,2249.1,2,0.54,0.535,35.5,126.5,296.0,89.7,131.3,0.125,0.012,84.5,75.1,78.4,1
Arunachal Pradesh,49.71,3851.6,2,0.75,0.468,3.7,47.7,112.7,45.1,54.5,0.016,0.01,77.6,37.8,51.8,0
Nagaland,39.14,1279.3,2,20.67,0.67,1.1,89.2,176.9,70.0,98.4,0.003,0.016,60.2,51.2,54.4,0
Mizoram,34.39,2036.0,2,1.9,0.756,58.4,86.1,208.4,72.5,101.1,0.062,0.075,75.3,56.5,63.1,1
Nagaland,42.5,1538.9,3,1.55,0.423,32.0,11.6,23.0,16.9,21.4,0.012,0.002,68.0,5.9,27.7,0
Nagaland,50.49,1849.0,2,0.24,0.638,70.3,28.4,75.7,60.7,75.4,0.052,0.107,87.7,33.7,52.6,1
Arunachal Pradesh,43.08,4104.7,2,4.54,0.607,45.4,230.3,424.5,99.0,169.4,5.143,0.005,72.2,100.0,90.3,1
Sikkim,38.42,3160.2,2,4.75,0.477,76.6,13.3,29.8,30.6,42.7,0.018,0.004,72.0,16.4,35.9,0
Arunachal Pradesh,44.14,2802.5,2,0.87,0.729,81.3,173.4,267.5,99.0,152.0,0.142,0.024,85.6,88.7,87.6,1
Manipur,21.08,772.5,2,11.32,0.673,65.7,107.9,226.5,99.0,163.8,0.905,0.031,49.9,68.1,61.7,1
Mizoram,30.09,1236.4,2,7.25,0.55,41.8,144.9,279.6,99.0,150.8,0.423,0.01,61.2,80.6,73.9,1
Sikkim,45.37,1695.4,1,1.18,0.765,98.8,140.7,247.5,89.6,131.0,0.061,0.027,58.2,73.6,68.2,1
Arunachal Pradesh,33.77,3879.0,1,2.99,0.821,30.7,6.9,12.8,35.3,52.7,0.019,0.011,41.6,9.9,21.0,0
Sikkim,42.9,4027.2,2,2.76,0.613,51.5,171.9,317.3,99.0,168.4,0.318,0.025,79.6,91.1,87.1,1
Sikkim,25.18,3330.9,2,1.93,0.728,52.0,32.8,68.1,19.8,30.0,0.022,0.033,71.4,19.3,37.5,0
Nagaland,43.95,1281.6,1,7.66,0.754,42.8,52.2,134.6,63.5,83.2,0.246,0.023,47.2,39.5,42.2,0
Mizoram,26.6,1188.2,3,0.52,0.576,12.1,67.3,140.2,51.8,67.9,0.034,0.009,51.2,40.1,44.0,0
Manipur,11.98,144.2,2,2.42,0.743,35.4,127.8,216.1,96.8,145.3,0.378,0.002,52.3,69.5,63.5,1
Meghalaya,41.36,843.5,3,2.51,0.633,21.5,72.2,108.1,56.3,74.4,0.022,0.01,64.7,43.1,50.7,0
Arunachal Pradesh,51.16,2950.9,1,2.85,0.69,90.0,16.2,30.7,30.3,50.8,0.092,0.007,62.0,16.4,32.4,0
Mizoram,34.24,1977.1,1,8.89,0.692,65.5,209.4,339.2,99.0,170.7,0.296,0.034,35.1,91.1,71.5,1
Nagaland,31.33,1131.9,2,1.11,0.713,28.8,38.4,98.6,50.8,65.9,0.035,0.036,67.0,34.6,45.9,0
Meghalaya,29.67,1426.2,1,0.49,0.381,56.6,51.9,145.1,64.4,94.3,0.096,0.007,50.0,36.2,41.0,0
Nagaland,33.85,1575.7,3,4.33,0.408,85.3,132.4,342.7,99.0,163.4,1.251,0.014,62.8,86.1,77.9,1
Meghalaya,31.72,2103.2,1,0.86,0.731,93.4,74.8,145.1,54.4,68.0,0.018,0.009,52.5,40.7,44.8,0
Meghalaya,30.86,2107.2,2,0.35,0.69,7.5,101.2,153.2,82.2,128.0,0.119,0.07,61.7,60.1,60.6,0
Meghalaya,25.9,1559.3,3,2.5,0.597,78.7,26.8,64.2,40.1,61.4,0.033,0.019,54.5,19.4,31.7,0
Arunachal Pradesh,28.28,1502.1,2,1.12,0.547,96.6,22.4,52.3,49.7,82.7,0.078,0.04,69.8,28.0,42.7,0
Arunachal Pradesh,38.74,3687.4,1,2.02,0.723,46.7,12.5,18.6,35.5,62.8,0.012,0.015,50.9,13.2,26.4,0
Arunachal Pradesh,39.98,3969.5,2,1.35,0.398,99.6,75.7,189.5,75.0,111.9,0.008,0.005,83.9,52.7,63.6,1
Mizoram,26.97,1092.1,2,0.44,0.679,95.7,153.5,392.2,99.0,135.5,1.016,0.008,69.4,86.2,80.3,1
Sikkim,33.0,3130.1,1,3.7,0.499,65.7,9.8,23.5,18.1,22.3,0.017,0.016,40.0,9.6,20.2,0
Meghalaya,33.61,1029.5,2,0.12,0.727,84.8,27.5,66.6,35.4,59.9,0.014,0.011,76.0,17.5,38.0,1
Manipur,14.63,517.1,3,15.27,0.502,29.7,66.2,156.6,50.8,66.4,0.094,0.033,36.9,43.2,41.0,0
Sikkim,47.03,3118.5,3,1.88,0.788,91.7,116.4,234.0,99.0,169.5,1.186,0.002,74.9,76.5,75.9,1
Sikkim,42.54,2317.1,1,5.35,0.432,59.2,75.9,171.8,87.2,136.8,0.257,0.006,48.0,52.3,50.8,1
Nagaland,26.91,1727.3,1,7.48,0.806,51.0,157.5,356.5,99.0,128.9,2.329,0.058,33.1,95.7,73.8,0
Sikkim,42.08,1846.1,2,1.47,0.842,83.6,109.0,234.7,94.1,139.9,0.059,0.021,81.4,71.3,74.9,1
Arunachal Pradesh,30.58,2648.5,2,6.22,0.677,88.9,2.8,6.4,26.8,42.4,0.136,0.032,61.2,12.0,29.2,0
Sikkim,44.99,2207.5,2,8.04,0.613,70.1,26.5,52.0,39.8,62.3,0.008,0.103,73.4,24.4,41.5,1
Arunachal Pradesh,30.89,3880.6,3,1.24,0.67,2.5,14.5,34.1,21.9,26.5,0.12,0.026,52.6,13.2,27.0,0
Assam,19.31,652.5,3,22.01,0.509,59.7,118.5,203.6,91.9,142.7,0.007,0.0,38.5,66.9,57.0,0
Nagaland,33.03,922.8,1,0.1,0.736,82.2,14.5,37.6,47.5,83.0,0.029,0.006,56.2,19.7,32.5,0
Mizoram,42.71,1723.2,2,1.1,0.782,54.5,21.0,54.5,53.2,84.0,0.143,0.024,72.0,28.3,43.6,0
Manipur,15.33,662.2,1,6.81,0.723,93.5,98.7,206.9,89.5,137.9,2.71,0.04,27.5,71.2,55.9,0
Nagaland,26.29,944.1,2,0.97,0.683,89.7,34.7,72.7,46.1,76.2,0.012,0.057,73.6,29.1,44.7,0
Arunachal Pradesh,25.63,3441.4,1,5.39,0.755,53.0,102.8,201.4,68.6,103.8,0.084,0.001,25.8,58.3,47.0,1
Manipur,31.21,324.0,1,8.71,0.522,40.4,48.7,71.3,32.6,53.6,0.038,0.001,38.8,24.5,29.5,0
Meghalaya,32.24,1254.2,2,14.4,0.52,5.5,3.7,5.9,17.4,22.7,0.038,0.02,56.6,8.5,25.3,1
Nagaland,39.63,2056.2,2,2.89,0.55,63.3,25.7,61.6,55.5,97.3,0.045,0.022,72.7,29.1,44.3,0
Manipur,16.57,566.4,1,15.95,0.665,26.6,8.7,14.0,25.1,36.6,0.001,0.012,17.3,8.4,11.5,0
Sikkim,33.88,3873.9,3,2.39,0.463,66.8,3.0,6.0,8.0,11.5,0.005,0.06,65.7,4.5,25.9,0
Arunachal Pradesh,37.61,1535.1,2,1.11,0.642,79.9,21.1,39.9,22.7,37.3,0.001,0.043,74.6,15.9,36.4,0
Sikkim,37.86,2423.2,1,3.25,0.785,40.9,107.6,183.7,91.2,141.5,2.075,0.011,40.7,75.2,63.1,0
Meghalaya,36.78,2093.9,1,4.72,0.573,1.6,5.6,12.1,21.6,29.1,0.026,0.016,38.0,8.0,18.5,0
Nagaland,32.45,1568.5,2,2.76,0.66,86.5,0.3,0.6,7.8,10.7,0.167,0.034,76.6,6.9,31.3,0
Manipur,17.77,297.4,3,3.77,0.678,54.9,123.1,303.1,99.0,156.7,1.078,0.019,52.4,80.1,70.4,1
Arunachal Pradesh,54.08,3463.3,2,2.42,0.675,31.5,103.6,237.7,91.3,131.0,1.041,0.004,84.0,70.7,75.3,1
Meghalaya,25.81,801.0,3,3.35,0.475,63.4,36.8,76.3,37.6,54.5,0.017,0.007,55.9,23.0,34.5,0
Sikkim,31.43,1602.1,2,13.72,0.533,67.4,191.2,421.8,99.0,158.9,0.775,0.006,62.2,93.0,82.2,1
Sikkim,30.6,1832.2,2,3.12,0.67,14.7,150.9,302.4,99.0,155.5,2.243,0.011,63.2,90.4,80.9,1
Arunachal Pradesh,44.16,2193.8,2,1.31,0.544,64.6,139.1,347.4,99.0,128.8,1.442,0.025,79.3,81.4,80.7,0
Sikkim,41.81,1556.5,2,6.4,0.603,28.7,66.2,181.8,68.5,118.4,0.063,0.013,64.6,48.5,54.1,0
Assam,19.05,306.9,2,1.85,0.611,80.4,42.6,105.3,32.6,45.6,0.087,0.06,62.9,23.6,37.4,0
Sikkim,30.2,2893.1,3,7.62,0.624,94.2,52.5,136.8,65.3,104.6,0.08,0.046,51.2,46.6,48.2,0
Meghalaya,33.0,1296.2,1,0.26,0.777,10.3,189.5,473.2,99.0,173.7,0.193,0.023,38.8,91.9,73.3,1
Mizoram,38.1,1333.6,2,1.82,0.701,91.7,19.8,38.9,37.1,54.4,0.024,0.001,81.8,21.8,42.8,0
Sikkim,51.43,2719.4,2,0.45,0.621,90.3,15.1,39.2,42.4,63.3,0.021,0.008,90.0,16.2,42.0,0
Tripura,16.33,871.1,2,0.4,0.45,34.3,160.7,233.5,99.0,158.9,0.408,0.035,64.1,80.3,74.6,0
Assam,19.03,604.6,2,4.83,0.363,2.9,108.5,286.4,99.0,138.3,1.648,0.004,52.9,76.5,68.2,1
Sikkim,41.73,1756.7,2,2.19,0.784,66.3,38.7,79.7,50.9,71.8,0.032,0.044,72.2,27.6,43.2,0
Meghalaya,29.33,1088.7,2,9.23,0.687,34.5,39.9,74.2,42.8,66.5,0.018,0.021,53.1,25.3,35.0,0
Sikkim,26.78,3866.7,2,3.27,0.574,19.2,51.8,110.5,51.9,72.0,0.015,0.022,60.0,38.3,45.9,1
Sikkim,36.67,3135.4,3,1.58,0.783,10.9,202.1,477.6,99.0,137.4,0.033,0.003,58.1,92.7,80.6,1
Arunachal Pradesh,27.71,3368.0,3,5.74,0.662,19.6,116.6,263.6,99.0,166.4,0.299,0.019,46.6,73.9,64.4,0
Mizoram,38.75,1595.6,2,4.4,0.833,23.7,8.4,19.1,25.2,30.8,0.015,0.038,66.6,12.7,31.5,0
Meghalaya,29.86,1415.3,3,7.23,0.474,79.6,1.2,1.8,20.4,24.8,0.018,0.012,55.4,4.4,22.3,0
Arunachal Pradesh,37.48,3716.0,3,4.64,0.573,78.4,9.9,23.9,31.5,43.4,0.021,0.001,67.3,16.4,34.2,0
Sikkim,31.64,3159.3,2,0.82,0.779,49.4,107.4,257.4,99.0,159.8,0.917,0.014,71.7,69.0,70.0,1
Manipur,19.86,206.6,1,4.99,0.727,55.3,37.7,58.9,33.0,45.6,0.008,0.028,34.0,24.1,27.6,0
Sikkim,48.87,1536.8,2,2.24,0.642,91.8,85.0,124.1,46.5,73.3,0.011,0.012,82.7,43.3,57.1,0
Arunachal Pradesh,47.21,3633.7,2,2.8,0.743,90.8,12.0,33.3,18.9,25.9,0.042,0.009,82.0,13.6,37.6,1
Meghalaya,24.47,1214.1,3,11.45,0.682,82.9,55.7,136.1,60.4,73.6,0.028,0.034,47.4,37.4,40.9,0
Tripura,5.0,469.5,3,2.01,0.651,37.4,59.2,133.1,68.7,112.4,0.001,0.005,37.2,44.9,42.2,0
Sikkim,36.73,2124.6,3,4.26,0.609,36.7,74.6,137.5,63.8,97.3,0.173,0.001,56.5,47.3,50.5,0
Mizoram,29.91,877.5,2,2.03,0.506,88.8,192.0,343.0,99.0,157.1,0.063,0.055,76.4,90.8,85.8,1
Nagaland,29.49,1077.4,2,0.45,0.403,92.7,71.0,112.8,55.8,72.9,0.03,0.014,70.8,41.5,51.7,0
Sikkim,33.31,2466.2,2,2.72,0.779,79.8,123.3,277.7,95.7,150.3,0.214,0.005,71.1,72.7,72.1,1
Nagaland,24.32,811.8,1,4.09,0.749,75.7,142.0,313.3,99.0,166.9,0.576,0.066,36.8,90.2,71.5,1
Sikkim,57.48,3265.2,2,2.36,0.587,55.8,140.3,380.3,99.0,127.1,0.286,0.063,90.0,86.6,87.8,1
Mizoram,45.07,1341.9,1,2.23,0.652,33.8,166.4,379.1,99.0,135.6,0.43,0.035,58.8,88.9,78.3,1
Mizoram,29.2,875.7,2,7.73,0.725,24.1,5.4,11.0,45.5,76.2,0.004,0.02,59.2,17.3,32.0,0
Meghalaya,32.9,1440.1,2,0.14,0.794,14.0,115.1,305.8,99.0,157.0,0.123,0.022,68.8,78.4,75.0,0
Arunachal Pradesh,46.36,1782.6,3,1.58,0.628,72.8,248.7,562.0,99.0,130.0,0.232,0.029,73.5,92.6,85.9,1
Nagaland,32.88,1951.7,1,7.52,0.412,77.7,31.2,74.8,41.6,56.7,0.054,0.0,39.7,22.6,28.5,0
Sikkim,33.95,2354.8,3,11.4,0.501,35.9,144.7,329.6,99.0,172.6,0.874,0.011,52.9,85.3,74.0,0
Arunachal Pradesh,26.91,2580.4,3,2.39,0.514,0.6,65.4,107.1,45.8,65.4,0.162,0.011,49.4,34.5,39.7,0
Arunachal Pradesh,38.1,3664.4,3,9.88,0.48,93.9,53.6,84.3,46.7,58.6,0.016,0.015,58.2,31.4,40.8,0
Mizoram,23.62,1418.1,3,1.0,0.582,43.7,39.1,89.0,49.9,79.7,0.02,0.007,53.0,32.3,39.6,0
Mizoram,40.4,1788.5,2,1.13,0.598,97.5,23.5,63.0,31.7,45.7,0.039,0.004,80.9,21.7,42.5,0
Arunachal Pradesh,37.73,2824.2,2,8.42,0.523,67.7,149.3,410.5,99.0,162.2,0.28,0.002,71.7,88.5,82.6,1
Meghalaya,35.65,1607.8,3,10.51,0.594,12.4,9.9,27.6,26.3,33.4,0.039,0.004,47.1,12.0,24.3,0
Sikkim,35.21,2097.1,3,1.13,0.565,32.7,73.0,188.5,73.5,101.7,0.009,0.023,61.6,50.3,54.2,0
Mizoram,37.81,861.8,2,0.28,0.718,65.7,20.6,39.4,39.5,56.7,0.026,0.014,76.2,19.1,39.1,0
Arunachal Pradesh,32.63,4178.6,3,0.43,0.639,64.9,63.0,142.2,50.1,77.4,0.013,0.053,62.5,41.9,49.1,0
Mizoram,34.04,1352.7,2,1.36,0.68,23.2,8.0,18.1,12.0,15.7,0.004,0.005,66.8,6.4,27.5,0
Sikkim,34.91,2829.0,1,6.45,0.568,17.7,21.0,45.3,14.2,19.7,0.014,0.011,40.5,14.9,23.9,0
Assam,18.67,583.7,2,3.21,0.571,27.7,131.5,320.6,99.0,164.3,0.429,0.006,57.2,82.1,73.4,1
Arunachal Pradesh,46.24,1633.1,2,2.74,0.739,78.7,36.7,60.1,65.4,85.9,0.024,0.002,75.5,33.2,48.0,0
Sikkim,31.57,1807.2,2,3.95,0.446,24.2,30.4,50.6,54.9,78.3,0.117,0.001,63.1,25.3,38.5,0
Arunachal Pradesh,41.06,2609.6,1,9.94,0.373,70.2,62.8,170.9,69.4,99.5,0.049,0.027,41.2,47.2,45.1,0
Assam,28.0,260.6,2,0.43,0.566,87.0,24.3,62.6,35.8,47.5,0.023,0.083,72.9,24.4,41.4,0
Manipur,25.57,171.6,3,5.34,0.786,39.2,30.6,77.8,39.6,68.3,0.158,0.013,48.6,24.7,33.1,0
Sikkim,32.86,3718.9,2,11.76,0.456,0.7,37.0,76.8,39.0,58.8,0.103,0.0,54.0,27.3,36.6,0
Mizoram,35.48,1877.0,1,1.08,0.787,14.2,207.2,454.7,99.0,141.7,0.141,0.042,41.4,90.1,73.0,1
Nagaland,20.14,1167.5,2,8.18,0.561,31.2,73.7,167.5,78.4,130.7,0.077,0.003,45.8,53.8,51.0,0
Meghalaya,39.05,970.6,2,5.39,0.472,19.0,1.8,3.3,12.8,15.6,0.055,0.003,72.5,1.6,26.4,0
Meghalaya,50.47,1303.1,2,0.1,0.446,29.0,68.9,124.9,60.4,108.6,0.033,0.002,82.8,40.7,55.5,1
Sikkim,40.57,2783.5,2,1.19,0.766,54.4,111.1,183.5,99.0,175.9,0.005,0.001,77.4,69.5,72.3,1
Arunachal Pradesh,49.81,3933.4,3,4.19,0.577,2.1,11.8,25.8,30.2,37.9,0.042,0.025,62.9,15.8,32.3,0
Manipur,11.93,247.5,1,3.14,0.737,6.4,176.2,287.0,99.0,171.6,0.705,0.005,22.2,87.8,64.8,1
Manipur,13.98,662.4,2,3.38,0.801,85.6,14.2,23.9,32.9,45.6,0.011,0.007,60.8,14.7,30.8,0
Mizoram,29.68,1820.4,3,1.19,0.544,52.2,17.4,46.3,43.9,55.4,0.052,0.012,65.0,21.8,36.9,0
Sikkim,36.66,4065.6,3,5.06,0.777,93.6,2.9,6.3,11.3,17.4,0.022,0.007,64.3,0.0,22.5,0
Sikkim,40.62,1670.8,1,1.39,0.424,0.3,171.0,387.5,99.0,170.4,0.206,0.006,46.9,88.4,73.9,1
Nagaland,27.8,2051.3,2,2.22,0.627,0.0,71.4,113.4,46.6,60.4,0.071,0.006,62.6,32.5,43.1,0
Manipur,20.84,576.8,1,2.07,0.486,74.0,7.2,12.2,39.0,69.4,0.016,0.016,38.4,17.4,24.7,0
Manipur,25.8,235.3,2,5.02,0.775,47.6,30.3,46.5,34.3,47.1,0.1,0.008,55.7,24.3,35.3,0
Nagaland,35.46,854.0,1,0.43,0.814,91.4,18.5,32.9,12.0,18.5,0.003,0.025,53.0,10.8,25.5,0
Mizoram,29.46,980.6,3,1.04,0.443,78.7,1.5,3.9,21.5,34.3,0.039,0.01,64.0,8.5,27.9,0
Arunachal Pradesh,44.31,2764.8,1,1.01,0.426,50.4,117.9,311.8,99.0,139.6,0.502,0.009,54.6,76.9,69.1,1
Arunachal Pradesh,34.57,2242.2,2,0.52,0.562,47.9,82.3,192.8,76.8,132.6,0.028,0.043,72.7,56.3,62.0,1
Manipur,20.51,129.5,2,1.05,0.431,81.1,280.0,735.3,99.0,177.7,0.019,0.008,70.2,94.3,85.8,1
Mizoram,38.37,2175.7,3,4.2,0.6,80.4,12.5,20.8,28.6,41.3,0.031,0.038,61.2,14.2,30.6,0
Arunachal Pradesh,36.44,3220.0,2,5.93,0.67,27.7,54.1,86.9,72.2,92.9,0.045,0.032,66.3,39.4,48.8,0
Arunachal Pradesh,27.72,3988.7,2,4.86,0.558,67.5,5.7,14.0,21.8,37.8,0.031,0.025,64.0,12.2,30.3,0
Mizoram,32.4,1860.5,1,2.9,0.56,64.3,137.9,384.2,99.0,150.0,0.05,0.007,42.2,80.2,66.9,1
Arunachal Pradesh,45.82,2040.9,1,0.24,0.705,85.6,84.4,203.0,85.0,139.8,0.197,0.015,60.2,59.5,59.7,0
Arunachal Pradesh,46.66,2069.7,3,14.37,0.78,86.9,0.4,0.5,22.6,32.0,0.03,0.001,60.9,8.9,27.1,0
Meghalaya,24.72,1414.1,2,0.83,0.568,26.8,29.5,48.9,33.8,42.9,0.003,0.001,61.8,22.3,36.1,0
Mizoram,36.89,1894.8,2,4.97,0.498,88.0,138.9,242.6,93.2,159.9,0.482,0.003,74.8,78.4,77.1,1
Mizoram,30.31,1909.1,1,10.98,0.587,92.5,52.8,105.3,53.4,79.5,0.027,0.013,39.3,39.1,39.2,0
Sikkim,50.47,3764.3,3,5.38,0.556,11.0,126.3,215.9,87.2,110.4,0.185,0.035,71.1,70.6,70.8,1
Mizoram,23.66,1183.6,2,1.11,0.805,57.4,8.6,12.7,17.3,22.7,0.01,0.02,66.8,7.5,28.2,0
Sikkim,43.77,2350.1,3,1.71,0.804,43.6,47.3,83.4,46.9,77.1,0.015,0.011,68.4,28.5,42.5,0
Sikkim,35.05,2065.7,2,0.14,0.749,40.2,46.1,87.3,59.2,102.2,0.058,0.012,73.6,38.9,51.0,0
Nagaland,27.9,1437.5,2,4.27,0.754,70.5,173.6,312.1,99.0,135.3,0.312,0.095,66.4,88.7,80.9,1
Mizoram,38.71,934.1,2,4.27,0.489,13.0,12.8,18.4,33.2,45.4,0.113,0.01,75.7,18.1,38.3,0
Manipur,26.77,930.3,1,5.82,0.625,82.0,0.7,2.0,18.5,23.3,0.009,0.008,38.2,3.1,15.4,0
Mizoram,18.37,1859.2,3,0.1,0.764,2.7,94.7,204.3,98.8,143.5,0.314,0.01,45.1,68.3,60.2,0
Meghalaya,38.85,1160.3,3,7.66,0.723,57.8,10.4,26.9,27.1,46.9,0.008,0.059,55.9,16.5,30.3,0
Arunachal Pradesh,37.42,3766.4,1,6.04,0.527,22.5,24.4,34.6,28.8,37.3,0.022,0.001,39.6,15.8,24.1,0
Sikkim,38.24,2710.1,1,0.68,0.764,66.7,28.4,71.6,45.9,76.5,0.007,0.02,53.9,28.7,37.5,0
Sikkim,27.46,3328.1,1,1.92,0.703,52.5,84.4,201.3,80.8,107.6,0.025,0.042,41.6,56.1,51.0,0
Sikkim,43.17,3585.0,3,4.58,0.795,100.0,33.1,91.6,60.8,80.4,0.058,0.015,71.5,35.5,48.1,0
Tripura,33.95,510.7,1,3.08,0.8,86.2,110.6,172.5,66.6,80.6,0.012,0.009,45.9,52.2,50.0,0
Sikkim,33.5,3914.0,2,0.55,0.625,33.7,14.2,32.8,43.7,70.0,0.244,0.009,67.2,19.8,36.4,0
Manipur,27.4,821.2,2,0.41,0.627,52.8,33.1,47.3,32.3,46.2,0.018,0.001,69.2,22.1,38.6,0
Mizoram,31.95,1374.7,2,6.84,0.798,31.8,16.6,31.6,33.1,59.1,0.051,0.015,59.7,17.7,32.4,0
Nagaland,28.56,1956.7,3,0.76,0.773,72.9,177.7,407.0,99.0,121.9,0.284,0.034,61.0,92.3,81.4,1
Meghalaya,22.11,1118.7,3,0.85,0.77,42.2,11.2,30.3,25.1,31.2,0.017,0.028,54.2,14.2,28.2,0
Meghalaya,41.74,1294.9,1,8.0,0.414,11.5,5.2,7.9,32.7,44.8,0.015,0.009,42.0,11.8,22.4,0
Meghalaya,32.78,1699.1,2,4.26,0.731,66.1,6.9,14.4,38.3,58.3,0.03,0.043,65.6,17.7,34.5,0
Arunachal Pradesh,34.23,3644.8,2,4.18,0.625,1.1,20.6,35.7,44.6,73.5,0.127,0.003,64.7,19.3,35.2,0
Nagaland,29.98,938.6,3,2.94,0.705,29.7,36.2,61.7,52.5,72.6,0.029,0.036,53.2,23.6,34.0,0
Sikkim,43.87,2435.5,2,3.79,0.498,90.7,158.6,374.8,99.0,138.6,2.02,0.041,78.2,94.8,89.0,1
Arunachal Pradesh,34.22,4127.2,1,4.14,0.455,9.4,37.2,53.5,61.5,100.4,0.027,0.032,39.5,31.6,34.3,0
Mizoram,25.52,1790.5,2,15.46,0.472,50.4,106.2,242.6,99.0,140.8,0.057,0.058,51.1,69.5,63.1,0
Arunachal Pradesh,37.03,1584.2,1,1.14,0.718,79.5,20.1,32.7,22.6,36.0,0.015,0.055,54.2,14.4,28.3,0
Assam,19.14,964.2,1,1.09,0.747,90.5,56.1,79.7,43.4,60.3,0.117,0.0,38.1,30.4,33.1,0
Assam,19.01,723.9,2,0.27,0.786,56.0,14.0,30.4,19.5,35.0,0.179,0.014,60.4,10.4,27.9,0
Manipur,17.41,402.7,3,4.83,0.53,15.3,51.5,80.2,58.6,102.6,0.053,0.003,41.6,37.0,38.6,0
Sikkim,48.82,2133.1,2,3.58,0.212,94.1,117.1,255.9,99.0,153.6,0.093,0.055,90.8,70.1,77.3,1
Arunachal Pradesh,61.63,3205.8,2,0.53,0.667,74.9,280.0,501.9,99.0,175.9,0.398,0.014,100.0,88.4,92.4,1
Assam,13.77,331.4,2,2.04,0.623,39.6,58.9,105.4,57.9,89.0,0.051,0.014,56.5,38.6,44.9,0
Meghalaya,17.46,1428.8,2,0.89,0.674,27.7,128.5,324.7,99.0,169.4,0.39,0.02,59.0,81.9,73.9,1
Assam,18.59,613.6,2,1.81,0.672,4.8,51.3,123.0,60.3,106.8,0.007,0.004,50.7,41.0,44.4,0
Assam,8.11,759.5,2,13.6,0.799,19.1,148.6,380.2,99.0,176.8,0.004,0.019,32.0,83.1,65.2,0
Manipur,11.0,717.3,1,5.17,0.689,77.8,102.7,205.0,98.3,175.3,0.955,0.009,29.1,65.3,52.6,1
Sikkim,33.64,3145.7,2,0.1,0.587,10.9,5.1,7.9,5.0,8.6,0.015,0.016,69.8,4.6,27.5,0
Sikkim,43.81,3080.0,2,1.31,0.687,12.9,28.9,71.4,52.1,74.8,0.049,0.049,77.0,29.6,46.2,0
Manipur,18.52,382.4,2,0.1,0.588,19.6,19.2,50.2,45.5,81.7,0.019,0.083,63.8,27.0,39.9,0
Sikkim,18.44,1883.0,3,5.65,0.596,39.5,1.2,2.7,19.3,32.2,0.033,0.003,47.0,8.8,22.2,0
Arunachal Pradesh,35.8,3344.3,2,2.85,0.803,18.9,28.3,48.4,30.0,51.3,0.002,0.011,64.1,21.6,36.5,0
Meghalaya,30.68,1725.0,1,23.04,0.351,90.4,100.3,248.2,87.3,146.7,0.008,0.004,39.5,66.9,57.3,1
Assam,18.97,627.3,2,5.95,0.696,25.8,90.6,132.4,58.1,89.7,0.156,0.029,47.3,48.5,48.1,1
Mizoram,39.69,2166.5,1,3.28,0.764,91.9,145.4,273.6,89.5,136.5,2.652,0.004,52.3,86.3,74.4,1
Meghalaya,38.35,916.3,3,7.35,0.572,98.5,11.9,23.2,26.3,38.1,0.091,0.007,62.0,14.8,31.3,0
Arunachal Pradesh,38.61,2015.8,2,5.49,0.703,75.5,123.2,229.7,99.0,126.2,0.777,0.019,75.2,71.0,72.5,1
Mizoram,46.4,1942.7,3,1.26,0.53,0.7,75.4,205.2,66.9,105.5,0.149,0.009,66.2,50.3,55.9,1
Tripura,11.37,989.4,2,3.4,0.738,24.0,140.7,361.0,99.0,137.9,1.259,0.012,47.4,88.8,74.3,1
Arunachal Pradesh,33.62,3663.2,3,3.65,0.524,26.7,247.7,530.7,99.0,130.2,0.271,0.001,57.7,86.0,76.1,1
Meghalaya,31.11,1646.1,3,2.7,0.473,54.3,58.6,158.7,85.0,115.4,0.154,0.013,58.3,50.3,53.1,1
Manipur,19.85,768.1,2,0.89,0.738,15.8,41.0,66.3,43.2,61.8,0.038,0.014,54.7,28.2,37.5,0
Nagaland,22.04,1878.6,3,1.14,0.67,7.7,3.0,4.7,5.0,6.0,0.041,0.032,52.8,0.0,18.5,0
Mizoram,18.41,2163.2,2,1.48,0.66,17.6,13.9,27.0,16.6,23.3,0.044,0.011,64.5,14.3,31.9,0
Mizoram,31.97,1728.7,3,0.1,0.684,32.7,55.8,155.6,57.6,91.1,0.004,0.006,63.0,42.7,49.8,0
Sikkim,24.48,3474.0,3,11.2,0.733,4.9,113.8,303.2,99.0,130.7,0.208,0.057,37.8,77.7,63.7,0
Sikkim,32.35,2153.9,3,5.21,0.506,19.5,17.7,30.3,38.1,50.6,0.098,0.01,53.4,14.7,28.3,0
Nagaland,32.82,1206.0,2,5.26,0.672,16.8,4.9,13.3,18.2,23.5,0.079,0.002,62.6,7.5,26.8,0
Nagaland,23.0,1680.5,3,3.82,0.795,77.2,3.3,7.5,27.6,37.1,0.064,0.034,56.0,11.5,27.1,0
Manipur,21.98,355.0,2,5.26,0.584,17.0,10.6,19.4,13.6,16.6,0.001,0.003,55.7,4.7,22.6,0
Manipur,15.12,100.2,2,18.04,0.688,79.2,81.0,206.0,82.3,147.0,0.155,0.013,49.8,57.7,54.9,0
Meghalaya,29.44,1889.7,2,2.19,0.829,50.8,48.9,127.2,59.1,73.4,0.0,0.041,63.3,35.8,45.4,0
Meghalaya,35.53,1652.0,3,5.61,0.72,75.8,18.8,26.3,28.8,47.1,0.009,0.032,59.5,14.8,30.4,0
Nagaland,31.42,1754.0,1,2.0,0.735,45.0,2.8,4.5,8.7,11.9,0.007,0.023,39.4,4.5,16.7,0
Mizoram,34.15,889.0,2,8.67,0.663,90.1,72.3,177.1,80.8,121.1,0.389,0.016,64.8,57.7,60.2,0
Mizoram,35.08,1554.6,2,8.78,0.556,27.7,26.9,60.7,21.7,30.3,0.009,0.035,61.0,19.2,33.8,0
Nagaland,31.31,1203.0,2,10.46,0.52,76.7,7.5,13.2,11.6,20.7,0.048,0.001,64.8,9.5,28.9,0
Manipur,22.19,680.4,3,0.1,0.709,16.3,64.7,115.5,49.2,69.6,0.007,0.072,49.9,35.9,40.8,0
Sikkim,32.22,2509.6,3,1.59,0.71,88.3,69.9,108.8,64.1,94.2,0.058,0.0,66.4,39.2,48.7,0
Sikkim,42.18,2366.5,2,0.65,0.549,2.8,6.6,13.2,28.8,51.7,0.115,0.015,75.8,10.8,33.5,0
Arunachal Pradesh,36.05,2181.1,2,2.72,0.682,45.7,58.4,86.8,37.5,47.2,0.074,0.005,73.0,26.0,42.5,1
Meghalaya,41.12,944.4,2,3.08,0.722,42.1,32.3,76.2,46.6,64.2,0.017,0.043,70.8,29.2,43.7,1
Arunachal Pradesh,39.17,4046.2,2,1.33,0.535,62.4,147.6,257.4,99.0,141.7,0.068,0.048,78.1,80.4,79.6,1
Meghalaya,28.15,1796.8,2,5.78,0.548,44.1,69.7,183.6,98.6,144.9,0.79,0.006,63.8,60.4,61.6,0
Meghalaya,35.57,1338.9,1,1.41,0.653,58.9,39.6,60.7,45.2,80.1,0.055,0.061,51.2,30.9,38.0,0
Sikkim,49.5,4099.5,2,8.66,0.732,86.2,41.6,98.6,57.4,82.0,0.007,0.024,81.3,33.8,50.5,1
Mizoram,28.73,977.3,2,0.88,0.714,14.2,8.9,23.2,16.6,22.8,0.041,0.046,69.6,11.7,32.0,0
Arunachal Pradesh,32.66,2516.0,2,2.06,0.546,24.4,208.1,496.5,99.0,137.5,0.255,0.022,71.6,91.0,84.3,1
Arunachal Pradesh,15.75,2480.6,2,4.38,0.523,80.3,36.9,99.4,52.8,67.4,0.011,0.084,55.6,37.5,43.9,0
Nagaland,32.95,1410.7,2,4.18,0.664,22.8,38.4,71.4,38.2,49.1,0.01,0.007,61.3,18.9,33.8,0
Sikkim,35.23,2025.9,1,0.37,0.753,90.6,38.5,61.3,24.9,33.5,0.082,0.002,49.3,18.6,29.3,0
Arunachal Pradesh,42.3,2813.3,3,8.43,0.536,54.1,14.5,27.5,19.4,25.2,0.009,0.025,57.5,11.4,27.5,0
Meghalaya,35.69,1217.8,2,4.1,0.621,8.2,75.2,168.1,66.3,93.0,0.151,0.016,63.9,47.2,53.1,0
Nagaland,22.32,1130.4,1,9.18,0.439,2.1,89.2,243.1,99.0,127.1,0.425,0.035,26.2,67.0,52.8,1
Arunachal Pradesh,45.66,3472.4,2,9.1,0.757,76.3,15.3,27.7,24.4,37.6,0.111,0.013,67.6,12.5,31.8,1
Mizoram,26.64,1137.4,3,3.55,0.551,85.6,26.2,61.9,33.8,59.8,0.01,0.05,58.3,20.8,33.9,0
Arunachal Pradesh,34.08,4027.5,3,10.87,0.742,24.0,132.0,203.4,68.6,102.8,0.025,0.014,50.1,61.8,57.7,0
Arunachal Pradesh,18.85,3858.2,3,8.49,0.776,24.1,12.3,21.8,29.5,43.3,0.033,0.037,43.8,11.2,22.6,0
Meghalaya,34.35,1353.0,1,14.28,0.671,95.4,18.4,29.9,38.9,51.0,0.061,0.034,46.6,15.1,26.1,0
Meghalaya,24.31,1328.9,2,8.55,0.721,65.6,104.5,216.4,70.5,94.1,0.016,0.007,54.6,60.4,58.4,0
Mizoram,27.67,1243.4,3,7.75,0.455,16.8,202.8,549.8,99.0,155.7,0.067,0.019,50.3,93.5,78.4,1
Nagaland,23.73,1608.1,2,2.85,0.791,44.9,39.9,107.0,56.2,71.4,0.049,0.008,63.4,32.5,43.3,0
Tripura,25.98,159.3,3,1.07,0.796,91.0,132.0,263.7,99.0,129.3,0.144,0.016,62.1,76.6,71.6,1
Meghalaya,29.33,2111.7,2,10.87,0.671,62.1,183.9,478.2,99.0,153.6,0.34,0.023,56.6,93.6,80.6,1
Sikkim,27.21,2518.6,1,5.77,0.797,40.7,0.7,1.5,32.0,52.5,0.003,0.03,31.9,11.9,18.9,0
Nagaland,23.55,977.8,3,1.49,0.573,15.1,6.0,11.8,16.1,28.4,0.041,0.021,53.3,13.0,27.1,0
Sikkim,44.88,1658.0,2,1.88,0.357,72.6,12.8,33.8,42.9,56.0,0.012,0.067,83.3,18.0,40.9,0
Meghalaya,26.05,1043.6,1,5.21,0.645,27.6,16.3,23.5,20.2,32.9,0.027,0.009,30.0,13.9,19.5,0
Arunachal Pradesh,33.89,3554.1,2,2.92,0.412,56.6,160.9,423.6,99.0,133.2,0.249,0.011,71.8,87.8,82.2,1
Arunachal Pradesh,38.32,2524.5,3,0.38,0.606,60.0,132.2,339.5,99.0,128.3,0.268,0.016,69.8,82.1,77.8,1
Assam,18.11,555.9,1,0.69,0.645,55.5,7.1,11.9,5.0,8.5,0.022,0.019,32.3,5.5,14.9,0
Nagaland,19.19,1213.2,1,6.16,0.579,24.6,34.4,67.6,15.6,21.5,0.036,0.014,24.9,20.3,21.9,0
Mizoram,36.31,1826.8,2,1.79,0.493,70.8,5.2,13.5,33.0,46.2,0.103,0.007,74.9,9.9,32.6,0
Sikkim,35.93,1763.6,3,3.19,0.846,56.6,8.5,18.6,37.0,53.1,0.077,0.005,55.0,11.5,26.8,0
Arunachal Pradesh,40.51,3924.0,3,6.55,0.394,40.4,85.2,206.3,99.0,121.5,0.063,0.022,62.1,63.7,63.2,0
Arunachal Pradesh,43.89,2470.8,2,6.26,0.683,5.2,106.1,171.7,82.5,142.4,2.162,0.049,63.5,65.7,64.9,1
Sikkim,20.76,1839.7,2,0.82,0.485,33.1,20.5,42.3,38.5,68.7,0.026,0.041,65.6,24.1,38.6,0
Meghalaya,36.92,1084.2,2,0.47,0.499,35.2,111.4,235.6,93.3,123.4,1.509,0.018,71.0,70.3,70.5,1
Mizoram,49.49,1432.6,1,4.02,0.7,79.1,132.7,203.4,83.4,103.9,0.151,0.005,59.5,67.3,64.6,0
Mizoram,34.82,935.7,3,6.09,0.786,51.3,62.3,115.5,59.5,88.9,0.046,0.058,55.0,40.6,45.6,0
Sikkim,49.23,2979.7,1,0.73,0.768,93.2,182.7,443.4,99.0,157.9,1.681,0.011,66.0,93.6,83.9,1
Assam,25.75,666.2,2,2.09,0.693,75.1,4.5,7.4,23.9,35.8,0.05,0.002,67.4,6.3,27.7,0
Nagaland,36.64,1013.7,2,9.19,0.741,53.8,75.8,172.2,76.8,122.2,0.057,0.022,59.3,54.0,55.8,0
Meghalaya,38.98,834.2,1,12.99,0.656,16.9,13.1,19.7,27.5,48.7,0.058,0.051,35.9,14.5,22.0,0
Mizoram,40.27,1376.4,2,2.72,0.734,22.1,280.0,422.3,99.0,138.5,0.806,0.003,74.4,91.8,85.7,1
Sikkim,48.43,2083.6,2,0.37,0.686,16.0,207.6,492.6,99.0,171.6,0.196,0.016,84.8,88.3,87.1,1
Sikkim,27.71,3095.4,3,1.34,0.798,44.3,256.4,715.2,99.0,151.2,1.139,0.024,54.4,98.7,83.2,1
Sikkim,47.06,2179.9,1,1.19,0.533,72.3,124.5,237.7,99.0,161.2,0.225,0.003,61.8,73.0,69.1,1
Nagaland,30.19,2173.4,2,1.23,0.659,75.9,20.1,45.4,50.7,86.2,0.061,0.01,69.4,20.8,37.8,0
Arunachal Pradesh,48.78,1731.1,2,3.06,0.686,9.6,127.9,289.9,99.0,134.6,0.012,0.021,72.1,74.0,73.3,1
Arunachal Pradesh,42.18,1995.3,3,3.94,0.825,49.6,18.0,29.7,22.8,32.2,0.103,0.053,60.1,16.2,31.6,0
Arunachal Pradesh,27.6,3151.0,1,0.59,0.738,48.1,176.0,478.2,99.0,121.2,0.09,0.006,41.4,79.4,66.1,1
Arunachal Pradesh,50.11,3379.3,3,9.91,0.549,43.9,76.8,164.3,75.9,126.6,0.032,0.001,59.5,52.7,55.1,0
Manipur,15.43,162.7,3,4.35,0.793,30.1,82.5,160.6,72.5,90.1,0.103,0.023,42.5,46.8,45.3,0
Mizoram,29.86,1624.5,3,4.09,0.525,47.6,10.3,16.3,22.0,31.9,0.045,0.011,55.7,10.2,26.1,0
Meghalaya,43.85,1513.6,1,19.64,0.655,51.7,254.7,557.2,99.0,167.4,0.212,0.049,39.5,90.0,72.3,1
Arunachal Pradesh,39.23,2640.6,2,4.45,0.743,60.0,4.9,13.1,22.5,28.3,0.068,0.005,74.5,11.4,33.5,0
Meghalaya,29.56,1269.8,1,11.9,0.419,37.7,20.4,43.2,28.4,50.9,0.004,0.002,33.1,15.3,21.5,0
Meghalaya,31.48,2166.4,2,1.52,0.604,94.5,166.9,262.4,95.2,146.5,0.743,0.023,75.9,87.0,83.1,1
Arunachal Pradesh,34.87,3087.0,3,1.24,0.82,33.9,73.5,131.5,55.7,71.0,0.035,0.057,57.9,40.5,46.6,0
Meghalaya,37.65,1986.2,1,3.27,0.766,89.5,204.9,570.2,99.0,119.6,0.417,0.016,48.2,92.1,76.7,0
Sikkim,35.12,1701.2,2,3.2,0.78,80.1,183.8,360.7,99.0,138.8,0.924,0.013,69.3,92.4,84.3,1
Mizoram,31.71,1514.5,1,1.16,0.601,46.5,38.3,106.5,58.8,78.3,0.172,0.005,45.3,37.6,40.3,0
Mizoram,36.05,1664.8,3,5.41,0.778,49.6,200.7,434.2,99.0,146.3,0.088,0.002,54.5,89.1,77.0,1
Arunachal Pradesh,41.91,3239.9,1,0.14,0.523,87.0,28.3,67.8,39.8,58.9,0.033,0.036,58.1,22.1,34.7,0
Sikkim,32.17,3413.4,1,5.28,0.696,49.3,36.9,63.0,38.8,50.1,0.208,0.008,38.1,25.6,30.0,0
Mizoram,37.74,1100.8,2,2.75,0.602,67.9,0.8,2.3,20.6,32.9,0.048,0.003,74.5,6.8,30.5,0
Meghalaya,28.38,1385.8,3,5.26,0.437,80.9,135.8,191.8,74.3,107.6,0.039,0.01,60.2,58.7,59.3,1
Manipur,13.86,557.7,1,2.92,0.687,90.8,133.9,348.0,99.0,156.4,0.715,0.031,39.1,83.3,67.8,0
Mizoram,19.74,840.8,1,17.04,0.741,21.8,58.5,138.3,71.3,122.5,0.04,0.012,17.5,46.8,36.5,0
Arunachal Pradesh,36.49,3133.8,1,1.83,0.675,97.5,12.8,29.8,19.1,24.9,0.011,0.009,53.4,6.0,22.6,0
Arunachal Pradesh,24.57,3840.7,3,18.22,0.762,96.5,139.3,256.5,99.0,144.5,0.994,0.006,44.8,81.7,68.8,1
Mizoram,26.27,1845.4,2,0.3,0.628,29.7,27.7,46.0,41.5,70.7,0.038,0.013,65.4,25.0,39.1,0
Arunachal Pradesh,37.86,1853.5,3,5.18,0.624,61.4,162.4,369.2,99.0,161.7,0.925,0.018,58.0,87.6,77.3,1
Mizoram,40.1,1774.7,2,2.72,0.787,4.7,79.8,213.9,96.7,133.8,0.97,0.002,67.1,59.0,61.8,1
Assam,18.32,158.5,1,7.77,0.746,16.8,82.3,144.0,45.5,75.2,0.051,0.014,25.9,36.1,32.5,0
Meghalaya,22.18,1955.4,2,7.01,0.764,58.4,3.0,7.5,32.8,46.8,0.138,0.002,58.0,15.4,30.3,0
Sikkim,37.08,3509.8,1,7.25,0.751,65.0,99.7,151.9,63.7,113.5,0.075,0.008,36.2,52.8,47.0,0
Mizoram,39.78,1667.2,2,0.45,0.784,53.5,14.9,25.9,36.1,48.9,0.036,0.014,78.0,12.3,35.3,0
Meghalaya,29.88,1900.1,2,7.78,0.473,70.5,32.7,48.3,39.0,51.0,0.025,0.012,65.6,22.0,37.3,0
Meghalaya,41.42,1447.4,2,1.08,0.793,79.3,30.2,58.4,44.5,76.9,0.051,0.001,80.6,26.0,45.1,1
Assam,19.87,516.4,1,0.12,0.639,16.8,48.1,114.2,44.5,66.7,0.213,0.007,31.8,32.9,32.5,0
Sikkim,44.01,3619.7,1,1.11,0.661,66.0,12.8,26.8,52.9,87.1,0.052,0.009,56.4,16.3,30.4,0
Assam,21.31,261.8,3,2.94,0.829,56.3,11.3,24.3,36.4,64.5,0.011,0.013,50.5,16.1,28.1,0
Manipur,27.73,521.0,3,6.1,0.793,11.8,57.8,127.5,71.3,93.9,0.011,0.029,48.3,41.5,43.9,0
Arunachal Pradesh,56.22,3741.1,1,1.11,0.542,22.9,168.2,288.1,99.0,124.7,0.515,0.001,57.8,82.2,73.6,1
Arunachal Pradesh,34.01,1633.0,1,0.54,0.588,42.0,248.8,464.4,99.0,131.7,0.045,0.015,46.8,90.4,75.1,0
Arunachal Pradesh,39.35,2032.7,3,4.67,0.624,86.4,70.7,143.9,68.8,87.3,0.115,0.027,64.4,49.8,54.9,1
Arunachal Pradesh,47.83,2356.6,3,18.58,0.635,21.7,3.1,6.9,30.6,54.4,0.018,0.008,54.2,7.9,24.1,0
Arunachal Pradesh,40.16,1639.6,3,4.13,0.467,18.3,12.2,31.6,28.2,45.9,0.003,0.009,62.5,14.5,31.3,0
Mizoram,19.45,1022.0,2,5.29,0.664,72.1,52.6,107.8,47.0,74.8,0.059,0.016,56.0,32.3,40.6,0
Arunachal Pradesh,35.55,2130.2,2,3.71,0.496,97.6,109.6,271.4,99.0,175.3,1.096,0.08,73.9,77.7,76.4,1
Sikkim,40.08,2724.1,1,6.86,0.727,44.7,22.5,35.2,27.4,48.9,0.001,0.001,40.7,13.7,23.2,0
Manipur,29.57,502.6,2,16.75,0.552,35.0,138.3,218.7,85.6,149.6,0.98,0.014,49.5,73.9,65.4,1
Arunachal Pradesh,38.88,3632.6,1,3.53,0.64,25.4,4.1,7.3,5.0,8.0,0.0,0.009,39.0,5.9,17.5,0
Nagaland,25.84,1018.9,1,2.43,0.596,5.0,88.9,164.0,78.6,117.8,0.036,0.024,39.1,53.0,48.1,0
Sikkim,40.29,2680.0,1,8.86,0.574,17.8,2.3,5.3,20.7,25.4,0.06,0.001,39.4,5.9,17.6,0
Arunachal Pradesh,50.49,3068.0,2,15.74,0.734,9.3,18.6,31.7,35.3,61.0,0.012,0.009,70.7,19.2,37.2,0
Mizoram,27.64,1343.4,2,0.62,0.675,49.4,36.5,58.3,39.1,49.2,0.045,0.0,74.4,22.5,40.6,0
Mizoram,28.47,1605.7,2,3.88,0.749,97.8,19.8,45.7,43.7,54.7,0.028,0.014,64.5,18.1,34.3,0
Manipur,16.35,481.1,3,7.08,0.778,78.7,141.8,396.4,99.0,157.8,0.164,0.002,44.1,84.1,70.1,1
Nagaland,22.97,1728.1,3,3.43,0.606,60.2,31.6,88.1,56.9,96.6,0.035,0.037,46.8,27.9,34.5,0
Nagaland,32.41,1993.6,2,2.37,0.715,48.7,59.6,160.3,78.1,125.9,0.022,0.04,66.3,50.2,55.8,1
Sikkim,37.49,4133.9,3,4.79,0.581,61.7,54.5,81.0,49.1,69.6,0.037,0.028,62.1,38.0,46.5,0
Arunachal Pradesh,23.54,2399.8,2,1.42,0.829,37.6,81.1,200.3,79.5,134.9,0.014,0.002,63.9,51.9,56.1,1
Nagaland,26.33,1648.4,1,1.93,0.707,17.8,89.8,173.9,87.7,105.5,0.909,0.006,37.1,60.0,52.0,0
Nagaland,33.31,925.5,3,21.89,0.374,59.0,28.3,72.1,35.7,46.3,0.037,0.0,51.7,20.4,31.4,0
Tripura,24.09,630.8,1,4.55,0.39,52.8,89.5,131.3,57.3,86.1,0.062,0.028,39.1,52.9,48.1,0
Sikkim,46.18,2714.8,2,9.28,0.634,94.5,47.7,122.6,53.6,92.5,0.01,0.039,73.4,35.3,48.6,0
Sikkim,44.52,3075.0,2,7.42,0.51,65.0,201.6,457.2,99.0,125.0,1.418,0.016,73.6,93.2,86.3,1
Nagaland,31.99,1553.7,2,4.75,0.511,77.3,123.6,186.9,69.4,104.2,0.005,0.045,69.3,58.3,62.2,1
Sikkim,25.77,1510.0,2,8.27,0.706,9.3,12.7,34.7,30.2,39.9,0.001,0.001,54.4,14.8,28.7,0
Assam,18.65,317.4,1,1.52,0.321,76.1,166.2,435.7,99.0,131.6,0.256,0.016,45.2,82.7,69.6,1
Manipur,5.73,503.6,2,4.56,0.727,98.3,13.9,32.9,22.2,37.8,0.004,0.029,50.0,12.5,25.6,0
Meghalaya,33.35,2172.9,3,4.02,0.664,65.7,30.3,58.1,28.6,37.2,0.099,0.036,57.6,20.9,33.8,0
Nagaland,27.42,986.9,2,4.38,0.371,74.2,30.3,64.0,49.7,61.7,0.168,0.002,63.5,27.3,40.0,0
Nagaland,17.65,867.1,2,0.83,0.498,98.0,12.0,17.3,32.4,40.6,0.06,0.01,68.0,14.3,33.1,0
Arunachal Pradesh,41.18,3553.9,2,1.46,0.744,39.1,141.2,330.4,99.0,139.6,0.731,0.001,77.6,83.6,81.5,1
Manipur,28.73,234.9,3,1.52,0.633,82.4,37.3,102.2,50.4,76.8,0.039,0.019,64.0,26.2,39.4,0
Meghalaya,21.02,1119.3,3,4.15,0.539,40.0,6.2,10.6,18.1,21.9,0.032,0.008,53.8,11.5,26.3,0
Nagaland,35.2,816.1,3,16.18,0.64,42.6,21.6,42.5,20.2,36.3,0.023,0.054,42.7,14.5,24.4,0
Sikkim,34.66,1815.6,1,13.86,0.6,65.8,20.5,53.4,41.8,73.6,0.034,0.007,43.8,19.3,27.8,0
Manipur,15.43,987.3,1,1.16,0.81,25.6,37.2,55.5,29.6,43.7,0.015,0.015,28.5,20.7,23.4,0
Sikkim,31.54,2037.5,1,1.64,0.779,99.3,216.4,399.9,99.0,127.5,0.257,0.003,45.9,87.9,73.2,0
Arunachal Pradesh,34.65,3086.8,1,0.17,0.546,32.9,0.8,2.3,9.8,12.7,0.019,0.009,50.1,1.9,18.8,0
Manipur,17.62,676.6,2,2.29,0.417,12.3,79.8,197.5,89.9,129.0,0.045,0.057,56.8,57.1,57.0,1
Arunachal Pradesh,37.65,2617.6,3,8.1,0.629,32.3,141.9,214.7,92.7,162.1,0.035,0.033,49.7,73.2,64.9,1
Sikkim,30.75,3265.9,2,11.13,0.786,85.6,74.8,153.4,67.8,98.1,0.002,0.003,56.8,48.9,51.7,0
Assam,15.98,474.6,3,1.21,0.544,31.4,29.5,62.4,49.1,70.3,0.008,0.028,47.8,26.8,34.1,0
Assam,23.32,608.6,1,1.39,0.574,61.1,32.2,78.4,36.1,63.1,0.025,0.009,39.4,24.8,29.9,0
Meghalaya,25.44,2002.1,3,1.12,0.751,93.5,160.1,272.2,99.0,177.8,0.422,0.007,61.0,84.9,76.5,1
Mizoram,33.8,1742.9,1,1.94,0.798,26.0,24.1,41.8,41.5,59.4,0.039,0.041,38.4,21.5,27.4,0
Meghalaya,29.59,961.0,3,7.35,0.681,13.1,170.9,443.2,99.0,176.0,0.489,0.01,51.4,93.1,78.5,1
Sikkim,33.37,4051.5,1,4.68,0.637,9.7,103.0,176.6,68.2,87.1,0.004,0.056,43.1,54.3,50.4,1
Sikkim,53.44,1882.4,3,6.94,0.672,44.0,134.1,271.9,99.0,130.7,0.331,0.001,72.9,80.1,77.6,1
Mizoram,23.11,2139.5,1,3.94,0.739,10.4,17.6,41.8,25.9,37.8,0.119,0.009,28.8,13.4,18.8,0
Nagaland,42.75,1262.0,2,1.34,0.754,45.4,167.8,358.2,99.0,141.5,0.678,0.027,81.0,90.7,87.3,1
Nagaland,37.83,2193.8,2,1.16,0.765,86.3,52.6,141.1,63.3,84.7,0.099,0.003,79.3,40.6,54.2,1
Nagaland,27.59,1153.7,2,0.1,0.797,77.7,22.6,47.8,36.3,53.9,0.073,0.002,68.6,17.4,35.3,0
Arunachal Pradesh,45.35,2296.3,2,6.83,0.583,58.2,33.4,56.5,33.2,54.5,0.041,0.015,74.8,24.7,42.2,0
Meghalaya,13.05,821.4,3,8.45,0.676,85.0,80.6,206.7,79.5,102.9,0.03,0.02,41.2,56.1,50.9,1
Arunachal Pradesh,31.88,2697.7,2,6.58,0.805,10.0,4.4,11.0,49.5,70.2,0.054,0.001,59.1,19.9,33.6,0
Meghalaya,25.53,1039.5,3,0.35,0.692,60.9,137.3,231.1,88.1,107.3,1.203,0.014,54.9,72.6,66.4,0
Meghalaya,34.7,919.3,1,6.46,0.637,11.6,63.4,157.2,73.3,130.0,0.076,0.024,36.5,47.6,43.7,0
Manipur,24.22,685.1,2,0.21,0.741,48.2,98.1,181.7,72.9,120.8,0.06,0.019,58.6,55.3,56.5,1
Sikkim,41.14,1508.2,2,0.5,0.644,46.3,269.4,590.3,99.0,138.2,0.37,0.002,76.8,89.1,84.8,1
Arunachal Pradesh,39.06,2169.4,3,2.61,0.675,26.5,170.9,471.5,99.0,129.1,0.529,0.041,59.5,92.4,80.9,1
Arunachal Pradesh,45.96,1747.0,2,2.91,0.829,83.0,8.3,12.2,20.0,30.3,0.033,0.002,82.0,6.5,33.0,0
Nagaland,37.44,1519.4,2,7.62,0.799,22.8,78.5,128.7,52.0,69.4,0.008,0.011,65.7,40.6,49.4,1
Mizoram,27.43,1934.4,1,5.12,0.719,55.2,27.4,61.7,40.5,61.7,0.03,0.006,44.2,22.9,30.3,0
Arunachal Pradesh,33.33,1864.6,2,0.75,0.736,48.2,101.7,149.5,94.4,136.3,0.297,0.019,71.5,59.1,63.4,1
Arunachal Pradesh,44.08,2001.7,2,1.15,0.77,43.2,18.0,27.9,5.0,7.7,0.036,0.009,76.4,8.0,32.0,0
Mizoram,31.64,2169.2,2,1.51,0.574,3.4,82.3,185.8,96.2,146.4,0.156,0.015,72.0,64.0,66.8,0
Arunachal Pradesh,38.14,1959.4,2,0.59,0.656,69.7,147.1,379.2,99.0,119.1,0.59,0.026,77.8,84.8,82.3,1
Nagaland,33.0,1242.5,1,1.53,0.618,1.3,35.0,75.8,35.9,58.2,0.002,0.012,42.2,26.3,31.8,0
Mizoram,19.71,1192.9,3,5.87,0.838,82.1,28.4,47.1,35.5,55.1,0.066,0.023,46.4,26.0,33.2,0
Arunachal Pradesh,32.09,4125.0,1,1.24,0.764,26.6,26.7,42.2,34.6,54.1,0.058,0.04,41.3,17.8,26.0,0
Arunachal Pradesh,42.02,1501.1,3,8.12,0.769,12.0,6.9,17.6,40.0,54.5,0.077,0.004,51.9,18.1,29.9,0
Tripura,15.78,636.6,1,2.85,0.758,41.7,79.2,210.9,71.2,126.2,0.024,0.012,31.7,53.5,45.9,0
Sikkim,35.98,2000.9,1,1.75,0.809,55.9,117.7,289.1,99.0,141.0,0.409,0.02,51.8,77.1,68.2,1
Sikkim,41.96,3259.5,2,2.39,0.539,31.0,72.9,124.5,62.4,84.0,0.057,0.019,79.2,40.8,54.3,0
Nagaland,38.98,1247.0,2,5.56,0.673,12.2,27.0,51.1,41.9,51.1,0.009,0.011,62.1,20.2,34.8,0
Assam,26.76,327.0,2,3.27,0.472,1.8,161.2,322.9,99.0,154.2,0.329,0.006,64.8,86.6,78.9,1
Tripura,27.15,507.1,2,0.1,0.546,70.4,43.4,68.3,19.5,33.1,0.028,0.0,72.7,20.6,38.8,0
Nagaland,30.97,1394.1,2,11.5,0.777,88.6,66.9,117.5,67.6,88.9,0.026,0.061,55.1,41.5,46.3,1
Sikkim,35.88,2951.0,2,0.31,0.421,10.1,60.8,147.0,53.1,85.4,0.004,0.002,72.9,43.3,53.7,1
Arunachal Pradesh,28.11,1560.8,2,12.56,0.719,23.1,131.9,329.1,99.0,119.1,0.336,0.012,49.9,84.5,72.4,1
Nagaland,42.24,1752.1,2,0.13,0.607,2.0,203.0,336.1,99.0,154.1,0.771,0.011,73.3,91.2,84.9,1
Meghalaya,29.97,1689.2,3,6.63,0.711,88.5,10.7,19.9,12.6,15.6,0.042,0.051,53.9,7.9,24.0,0
Meghalaya,42.04,1557.9,3,3.44,0.48,44.5,15.7,32.8,25.1,43.7,0.111,0.005,65.3,16.9,33.9,0
Manipur,21.71,391.5,2,3.17,0.726,92.5,98.0,161.2,86.8,119.1,0.349,0.03,65.8,59.9,62.0,1
Arunachal Pradesh,46.91,3081.8,3,0.34,0.705,46.8,8.9,23.3,26.5,39.7,0.011,0.002,67.6,9.0,29.5,0
Meghalaya,31.43,1743.9,3,1.23,0.681,86.2,119.9,218.7,91.3,131.0,1.065,0.001,64.6,69.3,67.7,1
Arunachal Pradesh,42.83,2574.7,2,6.76,0.622,95.2,15.0,26.3,24.1,37.3,0.266,0.064,78.4,15.2,37.3,0
Meghalaya,39.6,1519.1,1,9.98,0.53,33.5,20.3,53.7,32.2,44.7,0.029,0.002,36.8,18.8,25.1,0
Arunachal Pradesh,33.76,2547.9,3,3.39,0.708,64.1,36.2,84.9,55.5,97.5,0.032,0.004,62.4,27.9,40.0,0
Arunachal Pradesh,48.18,1758.4,1,1.96,0.631,66.6,41.9,88.6,41.4,57.7,0.001,0.028,57.4,25.3,36.5,0
Arunachal Pradesh,29.12,2595.2,1,0.28,0.786,2.1,70.4,109.1,55.7,84.4,0.023,0.031,38.2,41.6,40.4,0
Mizoram,44.49,1751.4,2,5.16,0.552,43.8,3.4,5.5,37.6,54.2,0.195,0.002,66.3,13.7,32.1,0
Nagaland,33.03,1880.8,3,1.47,0.531,85.5,10.5,18.0,21.6,28.9,0.03,0.004,67.5,11.2,30.9,0
Mizoram,27.24,1959.5,3,0.25,0.619,94.6,31.7,54.0,25.3,45.5,0.004,0.004,64.1,16.1,32.9,0
Assam,24.87,536.8,2,4.93,0.256,89.9,13.0,34.3,42.1,67.6,0.075,0.024,66.9,20.2,36.6,0
Sikkim,40.82,2963.5,3,2.99,0.822,97.3,93.0,252.9,99.0,149.2,0.472,0.036,70.4,73.6,72.5,1
Sikkim,23.46,2561.6,1,0.1,0.647,65.3,46.0,91.2,36.3,57.6,0.061,0.005,42.3,26.9,32.3,0
Manipur,17.64,449.0,1,0.53,0.675,23.3,30.3,51.0,46.6,70.2,0.017,0.051,31.4,27.6,29.0,0
Sikkim,29.49,3824.9,2,5.41,0.68,57.5,74.6,133.0,72.1,119.3,0.019,0.002,63.0,45.2,51.4,0
Assam,14.47,162.9,3,0.3,0.794,42.1,88.0,126.1,35.1,46.7,0.049,0.027,49.8,35.5,40.5,0
Arunachal Pradesh,29.89,2430.2,2,9.04,0.764,25.9,27.8,47.3,36.3,65.0,0.063,0.001,54.4,15.6,29.2,0
Assam,23.11,155.4,1,1.68,0.534,77.3,107.1,152.2,72.0,99.1,0.069,0.04,36.0,59.4,51.2,0
Arunachal Pradesh,45.6,3889.5,1,0.42,0.805,62.9,53.9,148.1,71.0,102.3,0.104,0.063,56.5,44.3,48.6,0
Manipur,15.4,299.4,1,6.42,0.818,79.0,124.7,283.5,99.0,176.4,0.807,0.002,17.8,82.5,59.8,1
Meghalaya,18.41,2023.0,2,3.34,0.583,26.9,7.8,18.2,35.6,48.2,0.043,0.01,58.9,11.8,28.3,0
Tripura,5.69,786.5,1,1.65,0.803,90.4,76.9,116.6,63.2,82.3,0.031,0.039,24.0,43.5,36.7,0
Arunachal Pradesh,55.55,3787.9,3,2.34,0.56,23.9,5.9,12.0,22.5,35.4,0.107,0.064,77.5,13.1,35.6,0
Meghalaya,33.11,813.4,2,0.1,0.72,60.2,60.7,121.8,82.4,146.6,2.96,0.013,74.2,61.0,65.6,1
Assam,24.92,766.3,2,4.89,0.522,5.7,6.2,16.0,29.7,53.4,0.017,0.014,57.6,13.9,29.2,0
Meghalaya,30.63,1560.0,1,2.05,0.815,54.1,174.3,434.2,99.0,133.0,0.731,0.003,44.9,88.6,73.3,0
Mizoram,17.13,1528.7,1,5.63,0.518,9.9,55.2,109.3,40.8,56.4,0.025,0.004,23.3,28.5,26.7,0
Mizoram,34.9,1717.5,2,4.45,0.549,33.2,56.1,135.8,59.9,100.1,0.114,0.032,68.2,43.9,52.4,0
Meghalaya,43.55,2005.7,3,4.74,0.642,86.1,23.5,35.7,28.8,37.3,0.056,0.012,67.8,14.9,33.5,0
Mizoram,27.6,1016.6,2,7.09,0.515,89.4,54.0,94.7,62.4,87.1,0.136,0.029,61.2,36.9,45.4,0
Mizoram,16.48,1762.5,3,4.49,0.612,76.7,134.8,220.9,91.2,139.7,0.014,0.014,48.4,71.4,63.4,1
Manipur,12.99,324.9,3,2.44,0.553,36.8,1.3,3.1,15.2,20.4,0.01,0.057,45.2,3.9,18.4,0
Arunachal Pradesh,45.41,2629.0,1,2.22,0.766,57.9,50.1,132.0,65.6,79.7,0.149,0.004,55.9,35.2,42.5,0
Sikkim,40.75,3959.7,1,0.57,0.498,22.4,33.3,75.4,58.6,71.0,0.08,0.001,52.8,29.5,37.6,0
Assam,27.21,118.4,2,6.8,0.772,67.8,10.8,25.1,43.7,77.9,0.042,0.009,60.7,21.3,35.1,0
Manipur,20.05,644.0,2,6.44,0.692,34.7,16.5,36.9,35.0,52.2,0.095,0.032,51.6,16.7,28.9,0
Meghalaya,36.79,1196.8,2,1.27,0.804,22.1,149.7,333.4,99.0,176.5,0.138,0.011,67.8,83.7,78.2,1
Mizoram,29.05,1761.5,2,8.93,0.733,58.5,39.8,67.5,34.5,49.2,0.033,0.026,54.7,28.1,37.4,0
Sikkim,28.66,1594.0,2,4.0,0.603,11.2,0.7,0.9,18.9,31.9,0.061,0.022,56.8,9.1,25.8,0
Arunachal Pradesh,43.84,2605.0,3,2.93,0.637,68.7,151.3,252.6,98.3,126.2,0.021,0.047,70.0,80.0,76.5,1
Meghalaya,38.23,1920.5,1,0.1,0.514,18.7,49.4,91.2,46.0,56.7,0.154,0.018,49.8,30.7,37.4,0
Sikkim,32.84,2734.0,2,2.17,0.606,55.3,26.3,51.6,44.1,62.1,0.034,0.014,69.7,19.8,37.3,0
Mizoram,42.77,1958.0,2,4.61,0.673,39.3,56.1,135.1,70.6,86.4,0.007,0.002,69.3,34.3,46.5,0
Arunachal Pradesh,51.37,2647.5,2,0.42,0.582,56.6,81.2,115.4,57.2,85.3,0.023,0.001,89.5,43.5,59.6,0
Tripura,14.31,582.6,2,2.77,0.82,24.6,13.6,30.0,20.9,33.2,0.047,0.0,48.8,13.0,25.5,0
Tripura,14.56,504.2,3,22.62,0.35,31.0,7.4,13.5,35.4,45.0,0.026,0.037,34.6,10.8,19.2,0
Mizoram,25.95,1806.0,3,5.67,0.465,14.0,22.8,37.6,43.6,63.3,0.157,0.009,47.6,17.3,27.9,0
Meghalaya,31.11,1099.2,2,3.56,0.681,77.7,105.8,190.2,72.8,127.2,0.157,0.002,60.7,59.5,59.9,0
Sikkim,34.81,2115.0,1,3.43,0.729,7.0,22.1,42.4,51.7,79.6,0.047,0.018,38.2,25.4,29.9,0
Nagaland,22.87,1617.4,2,0.2,0.526,37.6,15.3,39.6,40.3,60.4,0.001,0.01,62.7,18.4,33.9,0
Mizoram,26.14,1552.0,2,14.19,0.8,44.9,54.7,95.8,49.0,77.7,0.028,0.005,54.1,34.1,41.1,0
Arunachal Pradesh,20.09,2049.5,3,11.85,0.64,19.5,189.1,404.4,99.0,171.5,1.871,0.021,32.4,95.3,73.3,1
Manipur,8.21,132.1,3,5.16,0.656,38.5,12.6,30.6,31.6,53.2,0.116,0.011,38.3,17.3,24.7,0
Nagaland,21.63,1497.2,2,0.47,0.603,41.8,74.2,200.3,93.2,126.1,0.929,0.01,65.0,61.1,62.4,1
Assam,31.95,736.3,2,1.05,0.315,22.4,16.4,23.7,48.5,59.2,0.004,0.039,69.4,18.9,36.6,0
Nagaland,44.84,1048.5,1,0.91,0.491,63.9,12.8,31.8,30.2,41.6,0.06,0.046,57.2,20.7,33.4,0
Mizoram,37.24,2126.0,1,3.3,0.617,3.1,28.8,50.2,37.0,64.3,0.014,0.025,35.7,22.6,27.2,1
Sikkim,32.92,1867.0,1,1.05,0.597,19.8,3.1,8.0,36.5,53.4,0.107,0.053,47.8,13.8,25.7,0
Assam,11.03,154.1,1,5.36,0.635,62.4,89.2,143.3,74.3,122.6,0.1,0.036,26.4,53.3,43.9,0
Manipur,19.93,393.0,2,3.55,0.635,62.8,93.3,218.1,98.1,163.4,0.266,0.003,58.8,64.8,62.7,1
Arunachal Pradesh,41.76,2941.1,2,0.1,0.672,26.5,50.9,123.9,73.3,115.1,0.033,0.023,75.4,44.9,55.6,1
Arunachal Pradesh,31.62,1888.4,2,6.13,0.515,68.3,16.2,34.6,38.1,50.0,0.002,0.001,60.0,15.9,31.4,0
Sikkim,41.28,2409.7,2,0.94,0.746,47.0,160.9,302.9,99.0,149.6,0.777,0.003,78.7,87.0,84.1,1
Nagaland,23.76,1619.7,2,7.84,0.573,52.7,54.0,87.5,39.1,58.0,0.014,0.126,55.8,29.1,38.5,0
Tripura,16.53,300.7,2,1.97,0.514,33.3,4.9,7.6,19.3,30.6,0.026,0.036,60.3,12.9,29.5,0
Arunachal Pradesh,35.81,2007.8,2,1.86,0.648,98.4,23.8,58.6,41.1,70.0,0.048,0.006,78.7,20.2,40.7,0
Mizoram,45.1,1169.3,3,0.1,0.626,73.7,4.2,6.2,7.9,9.7,0.026,0.007,72.0,1.7,26.3,0
Sikkim,30.77,1532.6,1,19.8,0.683,24.8,103.1,228.5,86.7,121.0,0.41,0.065,32.3,67.5,55.2,0
Assam,34.65,966.6,3,4.26,0.608,23.7,6.5,9.4,29.5,48.7,0.004,0.008,54.9,14.1,28.4,0
Manipur,22.62,630.5,2,2.47,0.498,77.4,1.5,3.0,7.5,12.6,0.071,0.015,67.1,6.8,27.9,0
Nagaland,49.71,2099.1,2,0.46,0.745,38.8,26.9,42.8,48.6,63.6,0.013,0.063,84.3,22.3,44.0,0
Meghalaya,25.04,1959.7,1,5.41,0.727,9.2,37.7,87.2,42.5,60.0,0.056,0.008,29.0,29.4,29.3,1
Sikkim,28.48,2209.1,1,1.5,0.653,3.6,134.3,234.1,96.4,144.7,1.503,0.002,42.9,79.6,66.8,1
Sikkim,31.58,2861.9,2,20.01,0.697,41.4,83.6,158.0,69.3,107.3,0.085,0.032,54.7,53.0,53.6,0
Arunachal Pradesh,38.19,1683.1,3,13.53,0.774,41.5,3.6,8.9,24.3,34.9,0.049,0.003,54.6,11.8,26.8,0
Manipur,30.16,751.2,2,5.98,0.777,70.7,6.1,13.6,20.3,33.0,0.068,0.024,60.7,10.6,28.1,0
Nagaland,27.67,1729.8,2,15.94,0.548,57.5,58.4,141.0,77.9,114.6,0.067,0.001,54.6,51.9,52.8,1
Tripura,25.39,483.9,2,0.5,0.765,77.0,0.7,1.7,24.8,34.7,0.001,0.005,71.4,6.9,29.5,0
Tripura,31.6,895.0,2,1.48,0.776,31.8,89.6,237.0,81.9,119.2,0.888,0.004,73.4,60.6,65.1,0
Meghalaya,33.8,1494.0,3,1.31,0.692,62.4,82.5,205.6,95.0,123.7,1.271,0.01,60.0,62.4,61.6,1
Nagaland,39.66,1108.1,3,0.34,0.685,88.6,95.6,231.7,93.0,119.7,0.079,0.005,68.6,63.9,65.5,0
Assam,15.16,449.7,2,16.13,0.837,6.9,94.9,141.9,76.3,120.0,0.052,0.08,36.4,55.3,48.7,0
Manipur,22.45,463.4,1,0.28,0.783,70.8,49.6,77.4,49.6,71.8,0.128,0.007,41.5,35.5,37.6,0
Sikkim,43.67,2079.8,1,8.74,0.788,71.6,84.6,182.8,78.2,138.0,0.055,0.008,44.3,56.1,52.0,0
Meghalaya,22.57,1046.5,3,6.58,0.699,79.4,59.0,110.0,49.3,69.2,0.026,0.003,49.8,36.1,40.9,0
Arunachal Pradesh,30.36,3507.0,1,2.12,0.74,26.9,99.5,210.4,78.1,123.9,0.025,0.035,37.0,58.6,51.0,0
Assam,18.2,447.3,3,0.1,0.756,41.7,63.3,153.3,64.3,104.2,0.018,0.073,50.5,46.1,47.7,0
Mizoram,20.61,2174.9,2,0.1,0.598,24.0,179.9,333.8,99.0,165.6,0.364,0.011,61.1,93.0,81.8,1
Sikkim,31.8,1742.5,3,1.03,0.637,30.9,1.3,3.3,5.0,7.1,0.056,0.045,57.7,3.5,22.5,0
Mizoram,30.68,1627.1,2,3.06,0.505,96.9,69.5,139.0,61.0,90.9,0.13,0.041,74.1,40.5,52.3,0
Mizoram,21.67,1404.6,2,2.76,0.537,44.6,196.5,366.2,99.0,165.3,0.455,0.023,62.5,91.7,81.5,1
Sikkim,53.35,1645.6,2,3.96,0.686,84.9,32.8,69.4,48.8,84.0,0.147,0.033,90.7,21.9,46.0,1
Arunachal Pradesh,46.59,1903.8,3,6.65,0.645,79.5,30.0,63.6,46.2,63.4,0.036,0.026,67.9,21.5,37.8,0
Mizoram,56.7,945.4,3,2.13,0.518,44.5,25.1,65.3,33.1,44.5,0.056,0.023,80.8,20.6,41.7,0
Meghalaya,23.29,1152.0,3,0.79,0.742,99.2,57.1,95.2,64.8,91.0,0.057,0.005,62.8,33.2,43.5,0
Nagaland,35.15,1043.0,3,7.24,0.699,84.1,10.9,23.2,33.6,52.2,0.009,0.017,58.5,10.6,27.3,0
Meghalaya,26.96,1093.8,2,1.82,0.704,48.3,66.9,169.7,73.4,124.8,0.059,0.002,62.8,50.4,54.7,0
Manipur,13.25,542.7,3,1.52,0.617,31.0,174.4,407.2,99.0,157.1,0.81,0.019,46.0,93.1,76.6,0
Meghalaya,38.63,1030.1,3,6.5,0.491,7.5,13.6,29.7,28.7,37.9,0.021,0.021,51.6,14.6,27.5,0
Meghalaya,32.39,1925.8,2,12.24,0.649,46.5,74.5,193.0,98.9,121.7,0.868,0.032,49.6,60.8,56.9,1
Manipur,17.8,458.7,2,11.09,0.788,36.0,8.6,21.4,40.2,61.7,0.092,0.014,46.8,15.6,26.5,0
Sikkim,40.44,1959.4,2,0.67,0.595,71.1,89.3,132.9,56.2,93.1,0.059,0.004,73.9,48.5,57.4,0
Arunachal Pradesh,30.69,3001.8,2,3.15,0.635,2.0,171.5,347.7,99.0,148.8,1.003,0.011,58.1,90.8,79.4,1
Arunachal Pradesh,30.43,2610.8,3,0.44,0.685,83.1,17.3,41.4,24.4,34.6,0.011,0.066,60.4,14.2,30.4,0
Nagaland,27.19,1000.3,2,14.6,0.549,41.7,118.3,271.6,99.0,130.6,0.207,0.04,51.9,80.0,70.2,0
Mizoram,40.14,2001.0,1,1.09,0.546,47.0,37.6,70.4,50.3,77.8,0.016,0.086,52.9,36.0,41.9,0
Mizoram,39.48,1593.0,2,0.99,0.561,18.3,13.5,27.2,30.0,47.0,0.017,0.011,70.1,10.8,31.5,0
Arunachal Pradesh,27.07,2773.7,1,9.89,0.561,93.7,149.7,316.0,99.0,168.4,0.797,0.033,34.2,89.2,69.9,1
Arunachal Pradesh,52.88,1737.0,2,15.47,0.562,39.8,221.3,442.5,99.0,162.7,1.829,0.003,77.3,94.7,88.6,1
Arunachal Pradesh,37.73,3304.1,3,5.38,0.413,84.3,49.4,120.5,72.9,110.1,0.007,0.117,66.3,46.9,53.7,1
Sikkim,41.67,2680.7,2,0.58,0.691,23.7,30.7,64.2,48.1,81.1,0.06,0.051,77.3,23.6,42.4,0
Mizoram,26.98,1365.0,3,2.99,0.823,9.7,13.4,33.7,18.5,23.4,0.0,0.057,50.1,12.1,25.4,0
Sikkim,38.18,1841.7,1,7.63,0.731,63.6,58.2,118.4,47.0,63.1,0.002,0.001,42.6,33.1,36.4,0
Meghalaya,24.08,1467.3,3,3.82,0.683,98.4,121.1,176.7,72.2,119.3,0.079,0.011,54.5,58.7,57.2,0
Manipur,15.31,532.7,2,0.64,0.713,64.7,18.1,47.1,39.6,57.6,0.007,0.021,54.9,20.4,32.5,0
Sikkim,45.25,4178.4,1,0.85,0.636,60.9,61.8,150.1,73.1,112.8,0.087,0.048,58.6,45.9,50.3,0
Meghalaya,38.15,1380.8,2,8.98,0.481,44.2,36.8,60.4,24.9,42.8,0.001,0.01,60.8,22.1,35.6,0
Nagaland,35.36,1875.0,3,3.37,0.738,28.4,9.3,17.4,15.6,27.4,0.009,0.025,60.4,8.4,26.6,0
Sikkim,34.35,3783.5,1,5.51,0.639,43.1,52.3,77.9,42.2,74.1,0.034,0.011,37.7,32.2,34.1,0
Mizoram,22.89,1284.8,2,2.1,0.356,14.9,13.4,27.8,28.7,40.6,0.026,0.034,62.6,15.7,32.1,0
Manipur,27.8,627.6,3,3.42,0.673,26.2,152.2,310.4,99.0,155.6,0.608,0.0,52.0,89.2,76.2,0
Assam,25.76,421.5,1,17.0,0.792,48.7,184.7,305.4,99.0,155.7,0.109,0.011,28.1,85.3,65.3,1
Arunachal Pradesh,22.37,1726.5,2,1.8,0.691,14.5,40.7,67.5,51.3,70.4,0.048,0.036,55.8,24.9,35.7,0
Assam,25.39,993.5,2,5.05,0.615,79.2,41.3,72.1,37.2,54.8,0.008,0.011,64.5,24.0,38.2,0
Meghalaya,29.43,1710.4,2,0.85,0.759,1.2,7.1,17.1,23.0,33.4,0.01,0.002,63.3,11.0,29.3,0
Sikkim,43.97,2388.3,2,0.58,0.753,32.2,136.4,253.4,95.8,154.2,0.717,0.016,75.0,79.8,78.1,1
Meghalaya,21.75,1280.3,1,6.89,0.446,51.7,159.1,352.0,99.0,154.3,0.04,0.01,31.6,88.0,68.3,1
Tripura,15.99,469.6,3,8.36,0.603,92.9,254.3,441.4,99.0,172.7,0.879,0.007,44.7,91.4,75.0,0
Meghalaya,32.66,2121.0,1,4.97,0.58,57.3,52.5,136.7,60.3,81.4,0.026,0.04,44.0,38.7,40.6,1
Sikkim,53.35,1613.1,2,0.77,0.695,29.5,156.3,370.7,99.0,154.5,0.39,0.012,87.7,87.5,87.6,1
Mizoram,50.67,2088.3,2,1.24,0.407,35.2,41.0,114.2,63.5,102.9,0.279,0.004,83.7,38.3,54.2,0
Sikkim,38.83,1632.7,2,10.89,0.485,33.9,123.6,323.1,99.0,122.3,1.115,0.002,57.9,78.7,71.5,1
Arunachal Pradesh,47.49,2153.2,2,1.53,0.742,18.0,48.6,77.2,44.0,69.6,0.007,0.053,76.5,26.1,43.7,0
Arunachal Pradesh,39.97,3866.0,3,7.69,0.576,14.5,234.2,559.5,99.0,154.1,0.408,0.025,53.3,93.3,79.3,1
Arunachal Pradesh,39.66,2685.4,3,1.52,0.747,48.1,20.0,36.0,34.0,47.4,0.032,0.003,62.6,17.1,33.0,0
Arunachal Pradesh,42.57,1621.2,3,12.62,0.509,27.0,13.8,30.9,35.3,63.3,0.007,0.001,57.2,11.3,27.3,0
Arunachal Pradesh,37.5,1578.3,2,11.06,0.833,9.2,152.8,352.5,99.0,143.0,0.214,0.016,58.5,78.9,71.8,0
Mizoram,37.78,1765.7,3,0.2,0.471,21.6,65.5,160.7,68.1,88.9,0.068,0.009,74.2,46.7,56.3,0
Arunachal Pradesh,28.94,2078.5,3,6.62,0.773,52.1,125.3,264.6,92.9,142.4,1.267,0.019,45.9,78.9,67.3,1
Sikkim,37.56,1674.1,2,0.84,0.399,25.7,37.1,71.3,50.7,71.8,0.035,0.02,78.4,30.7,47.4,1
Manipur,31.47,555.2,2,1.09,0.745,23.8,12.0,32.7,25.8,34.6,0.107,0.008,73.1,11.8,33.3,0
Meghalaya,40.15,1943.9,1,2.77,0.682,62.1,15.2,28.4,33.6,47.1,0.024,0.012,49.8,14.0,26.5,0
Mizoram,34.25,817.9,2,3.86,0.535,68.9,4.1,7.5,25.3,41.5,0.133,0.043,71.9,15.5,35.2,0
Arunachal Pradesh,46.52,3377.1,3,1.77,0.594,24.1,11.8,21.7,39.5,54.5,0.015,0.032,65.5,16.3,33.5,0
Arunachal Pradesh,51.26,3252.5,2,3.85,0.649,47.2,167.4,427.5,99.0,153.0,0.638,0.023,78.2,93.2,88.0,1
Arunachal Pradesh,21.41,2445.6,2,0.84,0.571,76.5,3.7,8.4,27.7,33.2,0.073,0.039,64.1,10.8,29.4,0
Arunachal Pradesh,35.65,2508.6,1,0.1,0.728,69.0,99.2,164.5,76.5,97.0,0.019,0.027,50.7,54.9,53.4,0
Sikkim,32.29,2078.6,1,3.81,0.371,6.9,67.2,112.4,66.6,109.7,0.021,0.025,39.4,46.8,44.2,0
Arunachal Pradesh,26.08,1592.3,2,3.28,0.753,36.0,21.6,33.6,18.5,24.5,0.054,0.012,63.3,14.9,31.8,0
Arunachal Pradesh,55.77,2363.1,3,5.27,0.587,72.3,6.3,12.5,33.2,55.7,0.034,0.01,77.7,14.8,36.8,0
Arunachal Pradesh,43.0,3457.2,2,4.72,0.556,17.9,230.0,475.5,99.0,135.2,0.371,0.006,73.7,91.7,85.4,1
Meghalaya,38.74,1777.4,3,10.25,0.471,19.6,37.3,70.5,41.7,55.3,0.032,0.052,51.2,28.4,36.4,0
Arunachal Pradesh,32.64,2235.7,1,2.77,0.721,63.0,24.7,48.3,40.3,65.0,0.016,0.018,46.7,21.0,30.0,0
Sikkim,35.47,3745.8,2,0.1,0.364,28.4,10.0,22.5,20.0,25.2,0.022,0.026,73.7,11.0,32.9,0
Meghalaya,31.96,813.6,2,4.48,0.845,32.4,10.2,22.1,25.6,36.2,0.086,0.001,60.9,12.6,29.5,0
Mizoram,34.79,996.1,3,5.06,0.796,52.3,71.6,144.2,82.3,102.5,1.57,0.04,61.2,55.6,57.6,1
Arunachal Pradesh,44.67,1702.8,1,3.32,0.656,75.1,33.0,69.2,58.6,77.4,0.028,0.005,60.2,29.6,40.3,0
Nagaland,19.56,2120.7,1,5.26,0.456,49.8,186.1,467.0,99.0,128.1,0.008,0.022,35.6,88.2,69.8,0
Mizoram,37.0,1892.7,1,1.76,0.569,89.3,137.7,292.2,99.0,166.8,1.416,0.004,54.5,82.5,72.7,1
Arunachal Pradesh,36.01,3539.7,3,0.73,0.765,10.7,80.0,219.3,88.9,137.5,0.202,0.002,60.2,60.2,60.2,0
Manipur,29.65,674.2,1,4.92,0.665,75.4,280.0,608.6,99.0,167.5,0.074,0.006,40.2,89.4,72.2,1
Assam,28.12,665.8,1,1.27,0.798,54.4,194.0,360.5,99.0,177.8,0.214,0.009,39.3,89.0,71.6,1
Arunachal Pradesh,40.48,3477.2,2,2.74,0.504,81.7,72.3,196.6,86.8,133.1,1.488,0.002,78.0,62.6,68.0,1
Sikkim,38.27,3597.8,2,3.04,0.449,31.6,94.7,145.6,64.8,115.1,0.107,0.006,78.5,55.1,63.3,1
Nagaland,29.84,917.3,3,2.92,0.453,48.2,11.4,30.0,42.7,53.7,0.032,0.018,60.5,19.2,33.6,0
Nagaland,34.83,1476.1,3,4.11,0.632,82.4,4.9,7.7,5.0,6.3,0.062,0.013,63.1,3.3,24.2,0
Arunachal Pradesh,48.97,2698.2,2,0.13,0.528,83.2,2.4,5.5,27.9,41.9,0.214,0.026,84.0,9.5,35.6,1
Arunachal Pradesh,38.47,3041.3,3,20.58,0.694,37.6,77.4,204.6,97.6,124.5,0.804,0.018,50.2,64.2,59.3,0
Sikkim,33.27,3161.1,3,5.67,0.7,82.2,131.0,202.9,89.0,155.7,0.71,0.034,65.3,73.2,70.4,1
Meghalaya,32.23,1959.3,2,2.49,0.62,68.2,66.6,186.5,67.2,100.9,0.067,0.02,71.3,49.7,57.3,1
Mizoram,34.17,1631.1,3,0.96,0.504,40.9,124.5,258.2,92.1,159.0,0.36,0.002,60.5,72.1,68.1,0
Sikkim,28.42,1943.3,2,0.38,0.753,97.0,24.1,50.4,29.0,38.7,0.177,0.024,73.2,19.5,38.3,0
Meghalaya,22.45,1039.9,2,5.02,0.679,3.1,46.1,86.7,40.9,65.2,0.078,0.008,54.0,24.8,35.0,0
Nagaland,28.28,1734.6,2,1.72,0.747,38.3,50.1,97.8,46.7,63.6,0.084,0.001,63.1,32.5,43.2,1
Arunachal Pradesh,51.65,1737.6,2,1.17,0.816,30.7,13.4,27.3,21.0,32.2,0.138,0.0,85.6,9.5,36.1,0
Sikkim,48.4,3912.5,1,2.15,0.729,93.6,207.8,343.1,99.0,170.4,0.19,0.005,57.9,91.9,80.0,1
Mizoram,21.0,1447.3,3,4.04,0.555,9.9,7.1,14.8,24.7,33.9,0.019,0.004,48.0,8.7,22.4,0
Manipur,14.41,451.1,3,5.01,0.802,62.8,15.6,34.9,36.9,54.6,0.054,0.01,38.5,19.2,26.0,1
Meghalaya,37.36,1894.1,3,4.66,0.657,71.7,131.8,189.3,76.5,115.3,0.038,0.052,63.4,66.5,65.4,1
Meghalaya,29.1,2103.1,1,8.95,0.448,18.4,34.9,85.3,30.8,48.4,0.066,0.017,30.6,26.1,27.7,0
Arunachal Pradesh,41.92,2241.3,3,1.11,0.681,15.0,54.9,119.9,62.6,105.1,0.015,0.0,69.9,42.5,52.1,1
Meghalaya,21.34,1953.7,1,4.56,0.817,4.8,39.4,61.1,26.9,34.2,0.04,0.042,27.7,20.9,23.3,0
Meghalaya,32.09,1274.9,2,0.48,0.654,15.9,2.3,5.9,20.2,30.7,0.016,0.001,68.1,10.0,30.3,0
Sikkim,37.21,2371.2,2,3.57,0.751,80.8,171.1,358.6,99.0,127.2,0.185,0.061,70.3,87.3,81.3,0
Sikkim,46.23,3144.8,1,3.95,0.712,94.4,64.9,129.5,63.2,82.7,0.081,0.049,55.4,44.8,48.5,0
Sikkim,41.39,3803.6,2,1.1,0.759,90.1,95.6,185.1,73.9,110.5,0.01,0.012,80.5,50.9,61.3,1
Arunachal Pradesh,39.22,2716.4,2,2.24,0.698,36.5,73.3,183.2,99.0,123.7,2.093,0.016,71.0,60.2,64.0,1
Sikkim,23.33,1531.4,3,7.9,0.595,72.6,10.7,16.3,31.7,39.7,0.04,0.01,48.3,17.8,28.4,0
Arunachal Pradesh,54.6,3098.2,3,0.72,0.518,82.7,240.1,573.3,99.0,129.4,0.631,0.002,80.7,91.3,87.6,1
Sikkim,43.84,3488.0,3,2.57,0.619,81.2,186.3,427.0,99.0,146.9,0.171,0.0,71.8,86.6,81.4,1
Arunachal Pradesh,31.95,1814.4,2,12.15,0.618,6.3,76.0,151.5,76.4,100.1,0.011,0.013,50.5,52.1,51.6,0
Manipur,20.7,636.8,3,3.16,0.809,21.5,7.8,21.2,18.4,26.3,0.149,0.052,40.3,12.7,22.4,0
Mizoram,29.31,1401.4,3,5.81,0.74,93.9,208.6,452.8,99.0,170.4,0.795,0.001,55.8,90.1,78.1,1
Mizoram,30.56,1576.1,2,7.89,0.766,74.0,15.6,34.9,25.5,44.8,0.011,0.026,52.9,15.6,28.7,0
Nagaland,40.44,1701.3,3,1.03,0.604,83.4,199.5,492.4,99.0,151.7,0.36,0.003,71.4,92.6,85.2,1
Meghalaya,25.44,1265.9,2,1.11,0.73,51.4,3.5,7.9,21.9,39.2,0.063,0.026,63.3,7.9,27.3,0
Arunachal Pradesh,44.22,3221.1,2,6.4,0.768,39.3,59.3,153.1,87.7,142.4,0.552,0.012,67.7,51.2,57.0,0
Meghalaya,40.78,1574.8,2,6.3,0.631,65.1,54.4,93.6,52.6,67.4,0.026,0.012,71.9,28.4,43.6,0
Mizoram,35.91,1945.2,2,0.28,0.661,47.3,124.9,312.2,99.0,162.7,0.39,0.033,71.9,79.6,76.9,1
Nagaland,30.9,1622.8,3,1.75,0.699,37.4,58.7,87.4,51.2,81.9,0.003,0.004,60.7,30.8,41.3,0
Meghalaya,26.54,1276.5,2,2.29,0.542,34.8,1.9,4.5,19.2,32.9,0.044,0.012,66.7,6.0,27.2,0
Arunachal Pradesh,32.46,2786.7,2,7.95,0.564,15.8,26.9,74.9,43.7,65.6,0.024,0.002,59.1,26.0,37.6,0
Sikkim,39.17,1946.5,3,2.47,0.574,52.9,19.2,45.5,35.2,54.6,0.065,0.023,64.8,21.8,36.9,0
Sikkim,21.97,4139.8,3,11.71,0.636,52.0,38.1,70.8,38.2,54.9,0.013,0.005,40.1,26.5,31.3,0
Mizoram,32.37,1814.9,1,25.59,0.622,59.1,25.2,53.1,44.0,53.2,0.076,0.018,36.7,23.0,27.8,0
Meghalaya,38.06,1410.5,1,6.83,0.762,11.6,14.8,41.4,34.0,53.0,0.004,0.011,31.7,15.2,21.0,0
Sikkim,25.59,2313.1,2,4.94,0.63,91.5,48.7,100.8,56.9,100.6,0.018,0.046,62.1,35.9,45.1,0
Tripura,27.15,620.4,2,2.24,0.7,74.2,16.8,42.0,24.1,31.3,0.04,0.014,71.0,16.3,35.5,0
Mizoram,50.98,1201.3,1,0.31,0.805,13.1,85.6,141.6,66.4,86.6,0.008,0.033,50.4,48.1,48.9,1
Sikkim,37.46,2490.8,2,3.83,0.656,7.9,17.6,45.2,46.7,67.6,0.012,0.047,66.5,18.6,35.4,0
Arunachal Pradesh,36.13,1780.2,3,2.02,0.416,64.3,178.5,293.9,99.0,168.9,0.248,0.001,68.9,86.5,80.3,1
Arunachal Pradesh,36.92,3694.9,3,1.94,0.713,34.2,78.7,219.7,99.0,153.7,0.369,0.006,59.6,61.0,60.5,1
Sikkim,38.87,2235.9,2,5.24,0.685,31.9,77.9,120.8,68.7,103.5,0.028,0.003,67.0,45.8,53.2,0
Arunachal Pradesh,35.47,3853.2,2,2.8,0.656,84.0,39.7,76.8,47.5,81.7,0.063,0.003,76.9,27.4,44.7,0
Arunachal Pradesh,21.55,2897.6,2,6.28,0.678,34.5,21.5,51.3,38.0,50.1,0.044,0.001,51.7,21.7,32.2,0
Sikkim,36.73,2531.3,1,2.29,0.703,63.2,36.7,89.7,43.1,76.4,0.048,0.016,46.5,28.5,34.8,0
Arunachal Pradesh,29.68,4191.9,2,0.74,0.802,53.7,85.3,156.0,88.0,156.5,0.858,0.007,66.9,59.2,61.9,0
Manipur,20.98,483.0,1,2.78,0.718,26.3,93.0,208.0,99.0,167.2,0.48,0.011,34.4,67.7,56.1,1
Arunachal Pradesh,49.17,2482.5,2,13.57,0.678,33.2,5.9,8.9,29.0,39.9,0.016,0.02,69.6,12.5,32.5,0
Meghalaya,25.36,1966.6,2,7.28,0.513,94.3,39.3,56.9,28.5,40.6,0.029,0.017,64.4,23.0,37.5,1
Sikkim,52.9,1790.1,2,1.04,0.661,33.1,38.4,61.2,40.9,59.0,0.029,0.012,86.4,24.7,46.3,1
Tripura,17.81,861.5,2,2.23,0.642,78.4,15.6,30.5,42.1,54.8,0.116,0.018,62.7,18.6,34.0,0
Arunachal Pradesh,30.86,1892.3,2,11.83,0.746,86.1,25.6,53.5,56.7,69.6,0.098,0.004,63.7,24.2,38.0,0
Sikkim,43.84,2354.0,1,0.59,0.607,7.1,85.3,131.3,90.6,112.3,0.367,0.014,48.7,52.9,51.4,0
Assam,17.13,457.5,2,1.32,0.805,66.3,6.3,12.7,24.2,38.0,0.076,0.066,55.1,12.3,27.3,0
Manipur,19.73,614.2,2,1.37,0.658,74.9,164.7,440.5,99.0,176.3,0.497,0.058,64.1,94.1,83.6,1
Nagaland,32.16,1946.8,1,3.81,0.695,43.4,28.1,62.7,34.3,42.8,0.097,0.032,38.9,19.0,25.9,0
Sikkim,43.31,2977.2,1,2.38,0.548,56.9,4.7,8.7,18.7,29.6,0.008,0.019,54.8,4.7,22.2,0
Arunachal Pradesh,37.37,3054.0,2,0.37,0.731,16.2,147.0,244.5,82.9,105.4,0.908,0.01,69.5,71.3,70.7,1
Mizoram,30.71,2130.8,3,4.46,0.608,31.8,130.6,276.6,99.0,153.1,0.365,0.003,49.1,78.0,67.9,1
Assam,17.66,298.1,2,0.47,0.511,70.8,17.2,29.8,46.8,68.6,0.018,0.04,65.6,20.5,36.3,0
Meghalaya,35.61,1081.6,2,4.2,0.406,60.3,161.8,439.9,99.0,120.9,1.477,0.032,72.9,87.1,82.1,1
Meghalaya,28.3,1506.1,3,3.18,0.716,13.6,9.0,16.7,14.3,20.3,0.02,0.011,51.1,4.4,20.8,0
Sikkim,49.5,2753.7,3,3.06,0.517,98.8,155.9,228.1,91.4,152.7,1.135,0.018,77.0,81.7,80.0,1
Nagaland,32.24,842.7,2,0.31,0.434,93.8,57.6,143.9,67.0,88.3,0.045,0.016,77.7,41.1,53.9,1
Arunachal Pradesh,23.71,1855.9,3,4.59,0.692,22.4,25.1,62.8,40.5,61.2,0.142,0.002,47.9,27.0,34.3,0
Sikkim,40.63,2641.7,2,2.54,0.461,87.5,40.7,107.6,66.3,89.7,0.089,0.027,87.4,36.9,54.6,1
Meghalaya,35.33,1524.0,3,2.38,0.766,26.7,31.9,81.3,71.7,125.8,0.007,0.008,58.8,34.1,42.7,0
Meghalaya,41.56,1897.9,2,4.08,0.765,56.4,73.5,133.5,74.0,130.0,0.099,0.011,73.1,48.6,57.2,0
Sikkim,31.73,3560.9,3,4.19,0.785,78.2,2.9,7.2,15.9,26.1,0.034,0.017,61.1,5.6,25.1,0
Arunachal Pradesh,30.55,2412.5,3,0.1,0.793,34.4,75.5,196.5,69.2,111.7,0.036,0.071,57.1,51.9,53.7,0
Mizoram,36.62,1457.8,2,0.6,0.524,55.5,158.7,410.1,99.0,151.6,0.294,0.019,81.6,82.4,82.1,1
Sikkim,47.93,2389.3,3,1.21,0.671,45.0,25.3,51.4,52.8,88.2,0.001,0.007,72.9,26.4,42.7,0
Mizoram,26.57,993.5,2,5.1,0.753,76.0,9.6,22.8,22.5,40.3,0.018,0.0,58.9,12.7,28.9,0
Arunachal Pradesh,40.31,2109.9,1,3.87,0.521,47.9,5.2,14.0,19.4,34.4,0.0,0.007,45.6,13.8,24.9,0
Meghalaya,31.6,1657.0,2,6.38,0.749,56.7,19.2,43.6,50.2,84.6,0.009,0.017,61.2,21.6,35.5,0
Meghalaya,26.8,1483.0,3,6.07,0.759,84.6,6.3,11.7,6.4,8.2,0.106,0.015,54.7,5.5,22.7,0
Arunachal Pradesh,37.01,3395.8,2,8.63,0.647,69.9,11.7,17.8,22.5,38.7,0.028,0.032,64.9,11.5,30.2,0
Sikkim,47.22,2280.1,2,2.13,0.713,52.8,47.8,74.4,46.3,72.0,0.098,0.0,75.2,31.1,46.5,0
Arunachal Pradesh,38.33,1732.9,2,1.9,0.722,46.1,24.2,50.1,57.1,86.7,0.003,0.053,74.8,28.4,44.6,0
Arunachal Pradesh,36.57,3056.3,1,8.0,0.484,12.7,164.1,368.8,99.0,151.2,2.606,0.035,34.3,99.6,76.7,1
Tripura,23.62,812.8,2,1.22,0.452,5.6,114.3,188.7,88.2,119.3,0.243,0.005,59.5,60.7,60.3,0
Sikkim,48.09,1865.6,3,2.78,0.661,95.3,7.5,12.5,35.3,46.7,0.099,0.002,76.7,11.1,34.1,0
Nagaland,25.25,1207.8,3,0.97,0.754,18.7,6.7,10.5,20.0,29.4,0.04,0.026,47.8,9.2,22.7,0
Sikkim,40.67,2101.2,1,11.03,0.61,27.7,53.2,98.1,52.7,83.3,0.003,0.016,40.3,35.6,37.3,0
Mizoram,29.49,1804.4,2,2.36,0.332,61.1,45.2,100.0,42.9,68.2,0.047,0.03,74.6,33.8,48.1,0
Nagaland,32.3,1556.0,1,1.07,0.621,82.8,55.4,130.7,59.3,89.7,0.097,0.004,47.3,37.4,40.9,0
Mizoram,36.81,1445.4,1,5.3,0.658,83.3,171.7,459.2,99.0,167.6,0.296,0.018,42.4,84.5,69.8,1
Meghalaya,30.02,1643.9,2,1.26,0.71,83.0,110.9,248.0,99.0,173.6,0.023,0.048,68.3,75.5,73.0,1
Sikkim,20.79,4162.2,2,12.93,0.611,97.8,5.4,9.4,19.3,25.7,0.03,0.079,51.9,9.3,24.2,0
Sikkim,37.3,3275.1,1,2.06,0.83,5.6,1.5,3.6,28.8,47.3,0.045,0.028,44.0,9.0,21.3,0
Assam,25.95,905.6,1,4.92,0.537,40.0,61.0,161.7,82.5,110.5,0.166,0.094,39.0,51.6,47.2,0
Nagaland,35.15,1382.1,3,1.91,0.75,91.4,50.9,86.2,58.4,99.6,0.112,0.065,65.6,38.6,48.0,0
Assam,19.37,641.0,3,7.41,0.643,46.7,30.6,76.0,42.7,64.3,0.048,0.067,38.8,27.6,31.5,0
Arunachal Pradesh,39.19,2160.5,2,10.23,0.813,87.1,2.0,5.1,10.6,15.0,0.003,0.011,62.8,3.3,24.1,0
Nagaland,32.46,1844.6,2,6.98,0.752,1.8,5.5,10.0,26.5,44.0,0.105,0.003,56.1,8.9,25.4,0
Assam,9.54,798.9,2,8.49,0.749,50.4,9.8,20.5,46.2,57.5,0.047,0.003,47.0,19.2,29.0,0
Arunachal Pradesh,39.33,2991.0,3,0.48,0.685,92.2,45.8,90.8,49.0,75.5,0.023,0.002,76.1,29.8,46.0,0
Arunachal Pradesh,27.2,2799.4,2,11.6,0.811,26.1,206.5,361.6,99.0,151.2,0.085,0.0,46.2,90.8,75.2,1
Nagaland,40.08,1664.3,3,4.41,0.678,93.0,50.8,107.9,55.1,94.9,0.026,0.01,63.5,39.4,47.8,0
Meghalaya,22.96,2146.3,1,9.15,0.445,0.8,213.9,561.3,99.0,137.7,0.167,0.071,27.8,95.2,71.6,1
Manipur,17.56,560.3,2,5.19,0.76,7.9,1.1,1.7,36.3,50.2,0.054,0.002,44.7,8.4,21.1,0
Arunachal Pradesh,32.97,2458.9,2,1.01,0.588,47.7,46.4,124.1,62.1,78.0,0.02,0.015,68.1,37.6,48.3,0
Nagaland,42.89,1370.0,2,4.23,0.648,10.6,13.0,19.3,20.2,30.8,0.054,0.035,70.7,7.2,29.4,0
Arunachal Pradesh,47.41,2967.4,2,0.43,0.825,22.6,38.1,77.1,48.6,59.0,0.027,0.064,79.4,29.5,47.0,0
Arunachal Pradesh,18.67,2842.3,2,5.35,0.541,29.8,60.3,86.6,56.8,100.1,0.038,0.021,56.9,39.7,45.7,0
Arunachal Pradesh,37.9,1956.6,3,2.37,0.448,48.1,120.8,291.4,99.0,132.9,0.168,0.046,65.1,76.2,72.3,1
Nagaland,24.15,976.6,1,0.74,0.76,39.1,15.3,23.8,16.1,23.6,0.035,0.013,42.3,8.2,20.1,0
Mizoram,33.12,1723.3,2,17.43,0.535,92.2,19.8,50.8,33.9,43.9,0.167,0.006,63.6,16.2,32.8,0
Meghalaya,36.64,1362.5,1,10.41,0.794,88.6,112.2,298.1,99.0,138.8,0.078,0.002,39.7,70.5,59.7,1
Sikkim,40.08,3576.8,1,10.08,0.345,74.8,85.0,167.1,70.2,122.8,0.172,0.009,41.3,51.7,48.1,0
Manipur,24.36,431.7,2,7.0,0.545,65.9,13.4,37.2,28.8,51.6,0.015,0.018,60.1,15.0,30.8,0
Sikkim,35.82,2231.6,2,5.3,0.707,20.4,39.8,77.9,53.8,73.7,0.046,0.081,59.7,38.1,45.7,0
Nagaland,33.94,1199.9,2,4.79,0.61,60.2,5.1,10.4,12.5,21.2,0.002,0.005,67.2,7.4,28.3,0
Meghalaya,36.82,844.6,2,0.5,0.441,14.7,47.7,94.9,44.6,57.9,0.024,0.016,76.8,31.3,47.2,0
Sikkim,34.23,1705.5,2,10.39,0.574,45.3,43.7,94.5,37.2,47.7,0.021,0.016,55.7,21.2,33.3,0
Meghalaya,26.02,1124.6,2,9.58,0.634,46.2,155.2,417.0,99.0,126.9,0.773,0.003,51.0,88.6,75.5,1
Sikkim,32.53,3654.4,3,6.2,0.719,69.0,24.7,38.2,37.3,65.8,0.282,0.001,57.9,21.5,34.3,0
Nagaland,31.18,1401.1,2,11.8,0.79,83.5,68.6,133.9,42.6,69.0,0.081,0.065,55.4,45.5,49.0,0
Meghalaya,32.11,1371.0,3,3.62,0.449,32.1,13.3,25.2,44.1,68.2,0.006,0.065,55.5,17.6,30.8,0
Sikkim,40.86,3395.7,2,2.67,0.512,4.1,65.8,101.3,56.9,74.8,0.042,0.009,70.0,32.6,45.7,0
Manipur,15.58,748.8,2,15.48,0.691,4.7,106.1,263.7,99.0,150.3,0.23,0.005,40.6,73.0,61.6,0
Sikkim,44.11,4053.2,2,2.81,0.584,87.5,82.3,131.2,47.6,85.4,0.001,0.033,81.7,45.1,57.9,1
Meghalaya,44.74,1420.1,2,4.61,0.57,48.6,1.4,2.0,18.2,30.9,0.042,0.003,75.1,9.8,32.7,0
Manipur,16.49,939.6,2,2.1,0.687,24.8,13.4,37.1,41.6,74.6,0.035,0.038,52.9,22.4,33.1,0
Mizoram,49.17,906.5,2,4.55,0.544,3.2,90.3,214.5,96.2,116.1,0.285,0.012,74.0,62.6,66.6,0
Arunachal Pradesh,54.86,3638.1,1,5.73,0.773,52.9,99.6,241.1,99.0,151.8,1.125,0.002,54.2,72.3,66.0,1
Assam,20.07,624.7,1,4.41,0.7,13.7,25.2,55.5,44.4,61.0,0.137,0.073,22.9,23.6,23.3,0
Mizoram,30.97,832.8,3,3.25,0.732,41.7,180.8,296.5,99.0,138.5,0.313,0.001,54.4,94.2,80.2,0
Sikkim,32.42,2389.4,3,1.61,0.616,51.6,12.5,26.8,36.5,45.1,0.002,0.009,60.0,18.4,33.0,0
Arunachal Pradesh,45.43,3785.7,2,4.65,0.681,22.9,6.2,15.4,26.3,42.2,0.023,0.019,65.2,8.5,28.3,0
Nagaland,32.55,978.5,2,10.76,0.807,19.9,180.9,432.6,99.0,169.5,1.188,0.004,52.5,95.7,80.6,1
Mizoram,33.28,1545.0,1,0.1,0.484,2.0,15.0,34.5,18.2,24.5,0.067,0.02,48.5,16.1,27.4,0
Meghalaya,26.16,1172.9,1,0.65,0.459,58.6,118.9,180.2,72.9,110.3,0.122,0.014,43.9,59.8,54.2,0
Manipur,25.43,445.6,3,0.57,0.683,20.0,112.7,259.9,99.0,121.9,0.659,0.016,49.0,73.1,64.7,1
Nagaland,30.42,1831.5,2,11.55,0.741,87.8,157.7,235.7,99.0,135.5,0.467,0.009,61.5,76.4,71.2,1
Arunachal Pradesh,29.04,4005.4,1,4.89,0.689,60.4,1.1,2.9,27.4,36.5,0.039,0.049,33.1,8.7,17.2,0
Sikkim,37.43,2726.1,2,13.64,0.658,55.6,11.9,30.9,23.0,41.1,0.034,0.032,61.9,12.2,29.6,0
Sikkim,31.41,1551.0,3,3.93,0.709,50.5,17.3,24.9,32.1,48.1,0.009,0.011,54.3,16.2,29.6,0
Nagaland,41.58,940.7,1,2.79,0.741,21.5,10.4,17.7,17.3,23.0,0.001,0.023,48.0,11.0,24.0,0
Arunachal Pradesh,54.72,2403.8,2,7.07,0.655,96.9,20.5,45.0,39.0,49.8,0.023,0.007,83.8,18.6,41.4,1
Meghalaya,31.73,1773.7,2,0.79,0.576,96.7,251.6,368.1,99.0,164.9,0.209,0.046,75.0,92.3,86.2,1
Nagaland,39.53,1489.5,2,2.16,0.682,32.1,118.8,317.6,99.0,121.5,1.202,0.015,72.9,82.0,78.8,1
Manipur,26.28,923.4,2,2.83,0.645,77.6,72.7,193.3,92.7,118.9,2.385,0.016,73.1,64.0,67.2,1
Sikkim,12.89,2038.3,3,1.6,0.741,11.9,25.0,40.9,57.5,70.7,0.012,0.0,40.9,24.4,30.1,0
Nagaland,27.51,1230.7,1,2.09,0.575,78.1,106.6,286.6,90.4,128.3,1.144,0.02,44.2,75.4,64.5,0
Arunachal Pradesh,39.04,2171.0,3,0.37,0.628,28.6,49.5,118.0,50.1,88.4,0.034,0.001,67.8,36.1,47.2,0
Manipur,17.49,373.7,1,0.99,0.806,28.9,140.5,287.5,99.0,132.8,0.434,0.023,37.7,84.8,68.3,1
Arunachal Pradesh,31.92,2153.9,2,1.84,0.629,50.7,144.3,294.8,99.0,141.1,1.546,0.012,65.8,80.8,75.5,1
Sikkim,47.53,1956.5,3,7.15,0.652,39.2,7.6,13.9,16.9,27.7,0.028,0.015,63.7,9.1,28.2,0
Nagaland,28.8,1435.3,2,0.91,0.68,11.8,18.4,41.0,28.5,37.7,0.015,0.057,59.8,11.1,28.1,0
Arunachal Pradesh,40.88,2868.7,3,1.92,0.653,59.3,280.0,627.9,99.0,135.8,0.758,0.051,67.6,93.2,84.3,1
Sikkim,46.68,3688.9,3,0.3,0.658,21.4,10.7,17.6,22.1,31.6,0.029,0.001,71.0,9.0,30.7,0
Nagaland,42.05,862.7,1,3.66,0.726,44.4,44.9,93.2,52.5,93.1,0.002,0.06,47.9,29.6,36.0,1
Nagaland,24.65,1004.4,3,4.25,0.657,23.1,268.3,417.1,99.0,151.1,0.009,0.002,44.7,92.3,75.6,1
Mizoram,25.19,1204.8,3,9.03,0.519,85.8,134.4,333.6,99.0,144.8,3.637,0.007,51.4,92.0,77.8,1
Mizoram,33.57,1729.2,2,7.69,0.676,33.8,117.1,294.4,99.0,142.6,1.675,0.017,58.0,84.3,75.1,1
Meghalaya,18.37,1333.5,1,1.51,0.489,88.7,43.7,113.6,69.9,100.2,0.053,0.024,41.7,33.6,36.4,0
Sikkim,30.11,2283.8,1,0.66,0.626,32.6,127.4,186.5,81.5,142.3,0.264,0.035,41.8,65.8,57.4,1
Sikkim,48.57,2961.2,2,0.76,0.745,17.9,134.1,312.7,99.0,165.0,0.289,0.015,73.9,83.9,80.4,1
Arunachal Pradesh,43.4,3448.1,1,15.63,0.731,57.7,35.3,92.7,49.0,64.3,0.01,0.008,41.7,26.9,32.1,0
Manipur,19.29,179.3,2,5.03,0.77,55.5,178.3,333.4,99.0,137.7,0.276,0.016,54.0,87.1,75.5,1
Mizoram,35.32,1655.3,1,0.2,0.603,61.9,60.4,151.6,80.6,137.8,2.048,0.002,51.6,56.6,54.8,1
Sikkim,44.01,3714.8,1,0.66,0.669,30.2,109.9,154.7,77.9,128.6,0.033,0.002,56.1,59.0,58.0,0
Meghalaya,22.37,1516.8,2,2.99,0.709,32.0,98.4,229.4,99.0,125.0,0.725,0.02,58.5,65.1,62.8,1
Assam,17.16,594.0,2,1.05,0.48,23.7,141.7,246.2,99.0,143.0,0.453,0.009,63.5,78.8,73.4,1
Arunachal Pradesh,58.14,4061.5,2,7.33,0.674,92.8,22.6,34.2,33.3,49.7,0.006,0.001,84.9,15.1,39.5,0
Mizoram,41.77,2063.1,3,3.83,0.571,68.3,43.1,90.6,40.6,69.6,0.032,0.018,68.7,33.2,45.6,1
Meghalaya,33.69,2120.8,1,4.27,0.553,75.6,132.2,252.9,99.0,169.5,0.155,0.06,47.5,74.9,65.3,1
Mizoram,34.11,937.9,1,2.8,0.303,19.4,124.3,277.9,99.0,127.8,0.285,0.009,42.9,72.1,61.9,1
Arunachal Pradesh,37.69,3785.6,1,1.33,0.667,66.2,78.8,204.7,64.0,99.3,0.051,0.016,50.4,53.8,52.6,0
Manipur,9.57,554.6,2,4.01,0.822,76.3,11.1,21.7,28.5,50.3,0.07,0.065,49.0,14.0,26.3,0
Assam,16.4,327.2,1,5.68,0.651,34.2,18.1,48.9,45.4,56.5,0.188,0.006,28.2,25.1,26.2,0
Meghalaya,34.88,1824.5,3,2.09,0.804,15.8,50.9,90.3,40.4,57.1,0.172,0.033,54.4,37.8,43.6,0
Mizoram,28.84,1170.8,1,3.16,0.583,69.7,18.8,46.7,21.1,29.5,0.297,0.006,39.7,16.8,24.8,0
Assam,13.89,414.9,3,8.24,0.7,61.1,87.4,200.9,93.3,121.6,0.013,0.039,41.0,60.6,53.7,0
Mizoram,25.7,1577.4,2,0.72,0.772,57.6,12.9,27.3,40.3,72.0,0.014,0.004,66.1,17.3,34.4,0
Arunachal Pradesh,50.07,1769.8,2,3.55,0.748,18.3,201.7,409.2,99.0,160.9,0.919,0.004,73.0,91.5,85.0,1
Meghalaya,28.48,1707.9,3,1.93,0.572,26.2,28.1,75.3,30.9,49.8,0.005,0.001,56.0,21.3,33.4,0
Mizoram,40.25,1815.5,3,5.46,0.684,62.5,139.6,322.1,99.0,121.7,1.389,0.004,60.8,89.0,79.1,1
Meghalaya,34.14,1662.7,2,0.1,0.716,61.4,8.3,15.8,17.9,25.7,0.026,0.009,71.5,9.1,31.0,0
Nagaland,30.38,1400.2,3,5.0,0.754,55.5,184.3,400.6,99.0,155.7,0.357,0.015,52.3,94.7,79.9,1
Assam,15.44,403.9,2,0.49,0.461,76.8,19.0,41.3,26.4,39.4,0.026,0.044,61.8,16.0,32.0,0
Assam,23.98,828.7,3,0.3,0.59,81.5,10.3,27.1,35.4,57.9,0.014,0.02,58.1,18.8,32.5,0
Meghalaya,39.27,1417.7,2,5.8,0.555,27.7,1.5,2.2,21.4,36.4,0.169,0.012,70.5,9.9,31.1,0
Arunachal Pradesh,44.5,3434.5,3,4.6,0.614,15.8,30.6,61.7,40.3,66.8,0.126,0.054,63.1,26.8,39.5,0
Tripura,12.28,669.4,2,10.14,0.682,20.1,1.5,3.1,22.9,40.5,0.015,0.009,35.6,16.0,22.9,0
Nagaland,28.46,2166.4,2,3.3,0.818,28.1,27.3,44.1,36.2,55.5,0.002,0.002,60.5,22.2,35.6,0
Arunachal Pradesh,34.66,3319.8,2,3.4,0.56,94.8,104.8,146.9,71.0,121.6,0.027,0.059,76.0,55.3,62.5,1
Assam,8.54,587.4,1,5.52,0.718,13.7,167.2,234.6,91.2,163.3,0.299,0.019,20.4,79.3,58.7,1
Manipur,22.79,152.5,1,1.76,0.716,87.9,2.0,5.5,41.6,62.6,0.012,0.037,39.2,15.8,24.0,0
Meghalaya,36.26,2197.8,2,0.17,0.706,20.3,13.8,20.8,6.0,7.3,0.088,0.001,69.5,4.9,27.5,0
Mizoram,36.01,1711.7,2,1.18,0.223,34.8,2.2,3.4,32.3,45.1,0.033,0.059,77.2,10.6,33.9,0
Sikkim,41.37,3812.0,3,1.22,0.677,12.6,96.2,151.4,70.6,107.4,0.088,0.078,63.1,58.2,59.9,0
Arunachal Pradesh,35.34,3866.3,2,1.84,0.433,10.3,151.2,421.1,99.0,159.2,1.224,0.0,71.5,88.4,82.5,1
Sikkim,31.23,2044.5,3,12.93,0.829,9.5,3.0,7.4,29.9,46.6,0.038,0.017,46.4,8.8,21.9,0
Nagaland,29.79,1996.1,2,7.35,0.743,34.3,280.0,552.2,99.0,157.3,0.251,0.011,58.8,86.0,76.5,1
Arunachal Pradesh,40.67,3354.3,1,12.37,0.778,52.4,30.0,83.6,60.3,98.6,0.023,0.014,41.2,37.3,38.7,0
Sikkim,48.9,2632.0,1,29.6,0.671,20.1,23.4,51.1,23.9,35.8,0.014,0.004,40.0,14.8,23.6,0
Sikkim,38.66,2023.8,2,2.56,0.497,93.3,117.8,298.1,99.0,168.0,3.0,0.029,87.5,86.2,86.7,1
Meghalaya,32.31,1543.9,2,1.16,0.458,58.6,34.1,51.3,34.1,54.6,0.008,0.006,76.7,20.3,40.0,0
Manipur,8.99,825.0,1,3.69,0.479,88.5,14.9,40.4,29.1,48.4,0.051,0.02,33.0,15.1,21.4,0
Sikkim,41.24,3608.1,2,9.58,0.808,14.9,70.7,193.1,83.1,132.7,2.335,0.002,55.9,62.5,60.2,1
Sikkim,49.61,2017.8,2,2.82,0.612,14.3,134.7,351.4,99.0,125.2,0.369,0.016,74.7,84.9,81.3,1
Nagaland,31.23,1773.4,2,3.17,0.589,84.7,131.7,214.1,96.9,125.3,0.687,0.011,74.9,73.0,73.6,0
Meghalaya,30.71,1373.2,3,0.65,0.567,56.8,73.1,102.7,53.1,69.1,0.069,0.002,60.5,35.8,44.4,1
Sikkim,34.81,1532.1,3,2.45,0.539,93.9,120.6,320.5,99.0,121.7,0.931,0.001,64.6,76.3,72.2,1
Meghalaya,36.9,1220.9,3,2.2,0.704,14.7,120.3,220.2,99.0,131.8,0.013,0.038,65.1,67.1,66.4,1
Arunachal Pradesh,22.06,2944.2,3,1.95,0.79,2.6,31.6,60.4,46.0,70.7,0.052,0.016,43.0,23.3,30.2,0
Arunachal Pradesh,48.03,3866.8,2,9.82,0.619,91.7,3.6,7.3,23.6,29.2,0.048,0.022,73.8,12.5,33.9,0
Meghalaya,30.41,1447.0,2,0.28,0.666,69.9,43.2,79.7,34.5,47.3,0.083,0.023,71.6,27.6,43.0,0
Sikkim,41.4,2982.7,3,16.11,0.465,80.7,17.8,39.7,53.1,83.6,0.06,0.007,62.4,25.5,38.4,0
Manipur,24.69,440.2,2,0.1,0.682,29.6,32.5,63.9,68.3,90.1,0.056,0.026,67.2,36.5,47.2,0
Sikkim,30.25,1521.9,3,13.1,0.705,0.3,61.4,148.9,78.8,103.9,0.147,0.001,41.0,44.4,43.2,1
Mizoram,31.86,1483.7,2,3.57,0.81,48.3,46.0,66.5,38.5,65.3,0.046,0.002,66.9,25.2,39.8,0
Mizoram,30.26,831.6,2,5.45,0.712,99.0,4.6,7.7,20.9,31.9,0.044,0.003,70.4,6.4,28.8,0
Arunachal Pradesh,28.36,3011.7,1,0.93,0.791,90.8,22.8,61.1,33.4,46.3,0.01,0.016,49.3,18.3,29.2,0
Mizoram,39.2,1221.3,3,4.78,0.719,7.2,10.0,14.7,32.9,50.3,0.008,0.039,55.8,14.0,28.6,0
Arunachal Pradesh,35.22,2127.1,3,9.62,0.785,18.8,7.4,15.2,26.7,38.9,0.061,0.012,51.4,10.8,25.0,0
Assam,12.97,581.3,3,0.68,0.769,31.1,11.2,18.5,16.6,29.4,0.094,0.025,45.0,14.1,24.9,0
Arunachal Pradesh,38.34,1924.9,2,0.61,0.669,83.0,114.0,284.0,99.0,130.8,0.869,0.008,78.2,75.8,76.6,0
Sikkim,25.91,3311.6,1,1.63,0.699,82.5,56.1,119.3,46.9,74.9,0.134,0.006,40.3,32.1,35.0,0
Arunachal Pradesh,34.17,2763.1,1,0.79,0.646,18.5,107.4,258.5,99.0,173.0,0.028,0.034,48.6,71.8,63.6,1
Tripura,21.76,163.8,3,0.53,0.481,53.3,117.0,299.6,99.0,161.7,0.756,0.006,55.9,77.7,70.1,1
Meghalaya,21.4,1538.7,2,5.1,0.693,50.2,0.1,0.1,39.0,55.8,0.04,0.011,59.7,12.3,28.8,1
Mizoram,36.42,1524.4,2,1.08,0.481,41.4,1.6,3.1,25.2,41.5,0.063,0.037,76.7,9.9,33.3,0
Arunachal Pradesh,38.77,3074.1,2,4.95,0.628,53.6,7.0,14.3,20.3,27.2,0.018,0.018,71.2,11.0,32.1,0
Nagaland,37.52,1362.3,2,8.91,0.629,29.3,68.3,158.2,48.1,78.5,0.001,0.018,65.4,39.2,48.4,0
Arunachal Pradesh,44.6,2667.5,2,4.75,0.762,53.2,146.8,359.4,99.0,165.5,0.53,0.002,75.5,85.9,82.3,1
Manipur,17.1,845.8,2,0.57,0.537,68.6,4.8,9.3,25.1,35.8,0.011,0.006,63.2,8.2,27.5,0
Arunachal Pradesh,34.11,3393.1,2,3.84,0.621,6.3,88.8,221.1,99.0,151.8,0.224,0.009,69.4,70.1,69.8,1
Arunachal Pradesh,42.04,2284.7,3,2.25,0.576,96.7,11.7,16.4,35.6,54.7,0.044,0.013,67.2,13.7,32.4,0
Arunachal Pradesh,29.02,3459.0,1,1.89,0.713,16.5,31.4,84.1,46.1,70.8,0.097,0.018,37.6,30.3,32.9,0
Meghalaya,24.65,1121.8,2,1.73,0.57,36.0,18.7,41.7,39.0,51.4,0.02,0.001,61.2,18.8,33.7,0
Meghalaya,27.68,1466.3,2,11.93,0.528,47.1,198.1,434.2,99.0,156.3,0.982,0.057,54.7,91.5,78.6,0
Arunachal Pradesh,26.54,1620.3,3,6.11,0.788,4.1,54.9,120.0,79.6,114.9,0.013,0.048,39.5,43.3,42.0,0
Nagaland,23.73,1428.0,2,0.65,0.697,54.8,134.6,195.9,85.9,110.0,1.817,0.038,67.3,74.7,72.1,1
Meghalaya,23.94,1676.7,2,2.91,0.676,87.0,89.5,244.2,97.9,120.8,0.92,0.017,63.4,67.2,65.9,1
Meghalaya,29.74,2003.2,2,1.72,0.548,90.1,58.4,144.2,49.8,84.4,0.029,0.021,71.8,38.4,50.1,1
Meghalaya,29.43,1158.8,2,17.16,0.695,32.6,74.5,178.9,79.9,132.2,0.06,0.028,53.2,53.8,53.6,0
Sikkim,46.06,3290.5,3,17.18,0.639,55.9,170.9,406.9,99.0,174.1,1.96,0.004,55.3,88.9,77.1,1
Meghalaya,29.86,1278.4,3,1.73,0.529,77.7,10.2,22.1,19.8,29.4,0.03,0.064,61.6,8.1,26.8,0
Arunachal Pradesh,37.19,3695.6,2,1.95,0.702,25.3,10.2,23.1,18.9,29.7,0.014,0.024,69.1,12.8,32.5,0
Arunachal Pradesh,52.71,4077.5,2,4.12,0.75,52.8,36.6,98.6,32.6,40.4,0.001,0.002,74.6,21.2,39.9,0
Manipur,6.53,518.5,1,2.94,0.82,36.7,34.2,65.2,28.5,39.4,0.062,0.016,20.0,20.7,20.4,0
Assam,21.17,720.9,2,1.08,0.775,37.8,91.5,204.7,74.9,123.6,0.019,0.005,55.8,58.5,57.5,0
Sikkim,36.08,3979.1,3,4.86,0.52,9.4,112.0,218.0,79.4,108.5,0.057,0.006,59.4,62.6,61.5,1
Sikkim,40.51,3701.0,2,1.83,0.404,40.7,135.0,211.4,87.9,111.4,0.815,0.025,80.2,74.3,76.4,1
Mizoram,28.09,957.1,1,4.77,0.705,16.1,33.8,54.1,48.1,59.5,0.008,0.011,33.4,19.8,24.6,0
Sikkim,35.35,2286.3,3,2.18,0.821,30.1,28.1,41.8,33.3,49.1,0.1,0.002,51.2,20.4,31.2,0
Arunachal Pradesh,48.45,3928.0,2,5.42,0.716,33.0,3.1,6.1,6.6,11.4,0.014,0.003,75.1,4.5,29.2,0
Arunachal Pradesh,41.92,3184.1,2,4.96,0.645,43.1,7.2,13.6,20.7,29.4,0.051,0.002,68.5,10.9,31.0,0
Mizoram,30.15,1501.9,1,3.2,0.607,91.7,7.5,11.8,19.1,30.6,0.04,0.001,45.5,8.3,21.3,0
Mizoram,26.58,860.8,2,5.49,0.442,63.1,40.8,82.7,62.2,90.7,0.044,0.037,66.0,31.3,43.5,1
Arunachal Pradesh,29.0,3247.1,3,2.78,0.75,97.4,25.2,42.8,32.2,53.8,0.03,0.001,58.4,22.0,34.7,0
Sikkim,33.75,2753.5,2,0.56,0.759,59.1,8.8,13.6,29.6,49.8,0.038,0.014,71.5,14.6,34.5,0
Sikkim,14.42,4081.3,2,0.9,0.506,80.5,60.0,111.1,68.5,121.1,0.071,0.001,57.7,43.5,48.4,1
Mizoram,30.74,1100.6,1,1.27,0.54,83.4,73.1,171.3,77.2,108.3,0.023,0.027,49.6,54.2,52.6,0
Arunachal Pradesh,52.67,3003.5,2,0.29,0.693,73.9,10.6,15.4,32.4,48.0,0.069,0.001,85.2,15.8,40.1,0
Arunachal Pradesh,39.04,4008.4,3,5.59,0.814,67.0,208.0,490.9,99.0,157.2,1.4,0.001,60.1,96.6,83.8,1
Nagaland,27.33,923.9,2,2.06,0.696,41.8,3.0,4.7,17.1,25.7,0.044,0.009,62.0,6.1,25.7,0
Arunachal Pradesh,18.94,3144.3,3,0.44,0.47,56.7,220.8,590.1,99.0,123.8,0.285,0.009,50.6,90.5,76.6,1
Mizoram,26.4,1562.3,3,7.72,0.741,19.4,148.0,227.5,95.0,150.9,0.506,0.006,44.9,76.3,65.3,1
Sikkim,33.76,2937.2,3,5.18,0.471,61.8,7.6,12.7,17.1,21.6,0.029,0.058,61.2,5.6,25.1,0
Arunachal Pradesh,39.85,3184.2,3,2.71,0.592,51.4,69.4,119.3,61.6,105.0,0.058,0.008,63.9,45.1,51.6,1
Sikkim,34.05,2010.3,1,1.28,0.751,80.4,4.6,10.7,33.4,41.8,0.088,0.003,41.7,16.1,25.0,0
Nagaland,44.48,1541.2,3,0.74,0.441,90.3,214.4,543.6,99.0,165.2,0.666,0.064,74.5,91.4,85.5,1
Manipur,18.52,455.9,1,2.76,0.722,13.3,27.1,58.0,19.4,25.0,0.025,0.02,34.7,10.9,19.2,0
Nagaland,38.9,2114.8,1,9.74,0.579,69.1,34.5,84.2,60.2,98.9,0.017,0.0,42.2,29.0,33.6,0
Sikkim,24.52,3313.7,1,0.94,0.648,95.0,65.0,171.6,74.6,90.5,0.012,0.008,48.0,48.6,48.4,0
Mizoram,31.49,2047.2,2,3.78,0.655,91.8,158.5,357.4,99.0,125.4,1.207,0.046,73.2,90.0,84.1,1
Arunachal Pradesh,31.28,1755.0,2,14.68,0.588,83.4,22.9,42.0,51.8,62.8,0.211,0.017,59.1,25.3,37.1,0
Sikkim,46.64,2629.6,2,4.56,0.479,4.8,3.3,5.3,18.2,23.8,0.001,0.008,69.7,6.2,28.4,0
Manipur,17.58,496.8,1,2.61,0.692,25.2,143.8,319.9,99.0,118.8,0.101,0.004,29.8,85.2,65.8,1
Arunachal Pradesh,48.72,1591.2,2,5.67,0.69,14.8,72.3,185.8,75.1,94.0,0.228,0.025,75.1,51.2,59.6,0
Arunachal Pradesh,43.24,3101.5,2,7.83,0.748,92.7,85.9,143.2,83.1,100.9,0.745,0.016,71.8,56.3,61.7,0
Arunachal Pradesh,33.5,2439.5,3,4.02,0.583,74.9,34.6,96.8,46.4,67.8,0.0,0.031,59.2,28.5,39.2,0
Arunachal Pradesh,28.86,2766.5,2,9.24,0.797,53.2,65.3,103.1,37.3,48.3,0.231,0.018,55.3,29.3,38.4,0
Arunachal Pradesh,31.74,1893.2,1,3.25,0.767,97.9,88.9,129.3,61.2,84.0,0.072,0.033,43.6,46.9,45.7,0
Mizoram,29.82,846.8,2,7.97,0.396,19.5,219.2,517.4,99.0,134.4,0.262,0.006,59.2,85.8,76.5,1
Meghalaya,36.27,961.9,2,13.67,0.584,64.2,101.2,193.4,73.5,124.8,0.007,0.004,63.4,56.9,59.2,1
Manipur,19.76,951.6,2,3.13,0.643,60.9,9.8,22.8,24.5,31.8,0.039,0.019,59.0,9.7,27.0,0
Nagaland,37.56,1703.4,2,4.18,0.568,34.0,45.3,74.9,57.4,86.1,0.001,0.026,70.4,30.5,44.5,1
Sikkim,49.47,3732.2,2,4.23,0.687,48.5,17.4,28.9,32.5,40.3,0.07,0.071,80.7,16.9,39.2,0
Sikkim,38.1,3382.1,2,6.84,0.689,23.5,157.7,331.6,99.0,143.2,0.206,0.019,64.8,87.3,79.4,1
Sikkim,29.66,3084.4,2,7.79,0.591,67.7,78.7,214.4,99.0,166.6,2.135,0.026,57.6,68.7,64.8,1
Mizoram,34.39,1330.8,3,0.12,0.631,41.8,38.1,73.4,31.4,47.4,0.001,0.009,65.9,21.2,36.9,1
Sikkim,54.3,2418.7,1,5.95,0.836,2.4,22.9,34.4,32.1,43.6,0.103,0.024,46.8,18.1,28.2,0
Mizoram,37.99,1494.6,3,6.89,0.515,95.1,28.2,68.6,55.0,79.4,0.022,0.03,60.3,26.6,38.4,0
Sikkim,40.25,3726.8,3,5.42,0.719,50.1,84.9,228.5,90.6,138.9,0.471,0.01,60.8,60.4,60.5,1
Meghalaya,25.92,886.1,1,5.63,0.71,70.6,139.0,265.2,99.0,172.6,1.714,0.041,35.2,84.7,67.4,1
Meghalaya,30.5,871.9,3,0.19,0.709,19.7,93.7,191.1,99.0,168.6,0.241,0.019,59.6,69.0,65.7,1
Sikkim,24.97,3438.4,3,2.63,0.297,12.7,128.8,351.9,99.0,175.9,0.572,0.001,51.7,79.5,69.8,1
Assam,13.23,768.5,2,7.67,0.793,90.2,34.3,84.0,49.2,64.4,0.021,0.006,52.4,31.6,38.9,0
Nagaland,34.54,1002.3,2,12.23,0.643,59.1,20.7,48.4,53.4,70.5,0.036,0.026,65.0,21.1,36.4,0
Arunachal Pradesh,23.37,1861.6,2,1.17,0.828,49.3,181.8,287.2,99.0,124.8,0.074,0.014,64.6,84.9,77.8,1
Manipur,17.85,420.1,2,3.9,0.819,52.1,38.6,85.4,56.7,85.3,0.055,0.012,56.5,30.9,39.9,0
Meghalaya,23.43,1907.4,1,7.34,0.613,23.6,38.1,99.3,64.6,84.6,0.081,0.07,30.3,34.2,32.8,0
Manipur,13.49,765.1,3,6.28,0.743,91.3,143.0,345.7,99.0,159.7,3.119,0.01,42.7,90.9,74.1,1
Nagaland,32.21,1355.6,3,4.34,0.451,21.4,121.3,189.5,92.1,163.4,1.999,0.003,53.6,72.5,65.9,0
Meghalaya,26.86,1496.9,1,0.1,0.735,15.8,108.5,254.0,91.5,141.1,0.832,0.009,40.1,69.5,59.2,1
Arunachal Pradesh,26.11,2426.4,3,5.79,0.689,93.0,121.0,305.8,99.0,161.4,2.015,0.067,56.2,84.1,74.3,1
Sikkim,33.22,1551.8,3,6.68,0.681,25.8,25.6,49.5,40.8,53.9,0.055,0.045,46.2,26.0,33.1,0
Meghalaya,22.0,1881.5,1,5.77,0.765,86.2,101.5,249.2,92.4,156.2,0.293,0.037,31.9,71.2,57.5,1
Mizoram,40.32,1939.4,2,6.53,0.478,77.3,18.2,43.6,37.9,65.0,0.003,0.03,75.0,21.2,40.1,0
Sikkim,43.67,2832.5,2,2.54,0.655,38.2,12.9,24.0,30.2,52.3,0.007,0.015,75.1,16.1,36.7,0
Arunachal Pradesh,43.63,3389.2,3,22.84,0.729,25.4,49.9,121.6,51.7,88.9,0.077,0.009,55.4,38.9,44.7,0
Nagaland,26.24,1144.8,3,6.63,0.649,75.9,55.3,127.0,51.2,70.9,0.158,0.031,49.7,34.7,39.9,1
Tripura,22.38,750.1,1,3.89,0.591,59.8,14.6,26.8,23.9,36.3,0.063,0.005,42.9,13.3,23.7,0
Meghalaya,33.19,1066.6,2,12.24,0.543,25.4,185.0,397.9,99.0,137.2,0.314,0.012,54.8,89.4,77.3,1
Arunachal Pradesh,31.58,2552.1,3,10.75,0.681,89.1,138.4,282.2,99.0,171.0,0.228,0.037,55.4,76.9,69.3,0
Sikkim,37.13,3502.3,3,7.58,0.429,72.1,140.2,206.2,72.2,126.0,0.007,0.009,52.8,71.5,64.9,1
Arunachal Pradesh,24.63,3107.5,1,3.73,0.773,90.9,15.6,36.7,20.7,33.2,0.03,0.025,38.0,10.1,19.8,0
Manipur,13.68,885.0,2,3.37,0.798,43.7,147.4,234.5,99.0,131.9,1.647,0.012,53.0,79.5,70.2,0
Arunachal Pradesh,36.9,1927.3,3,1.79,0.446,12.8,49.2,85.5,38.4,48.6,0.052,0.003,65.4,25.3,39.3,0
Meghalaya,28.44,1773.5,2,1.3,0.606,92.4,36.7,100.6,51.8,90.2,0.052,0.013,72.6,32.9,46.8,0
Sikkim,40.6,2272.7,2,3.23,0.66,60.1,31.8,54.7,43.2,61.0,0.122,0.0,72.3,22.0,39.6,0
Meghalaya,26.88,1078.5,3,3.88,0.596,60.6,71.1,138.6,74.1,117.9,0.012,0.029,55.6,47.9,50.6,0
Mizoram,29.37,1477.0,1,1.26,0.676,58.4,55.4,151.9,65.1,110.0,0.136,0.005,48.1,42.3,44.3,0
Nagaland,31.66,1501.5,3,11.51,0.636,47.2,110.5,270.7,95.5,152.8,1.577,0.009,43.3,79.4,66.8,0
Arunachal Pradesh,31.13,2516.2,2,3.67,0.817,25.5,11.8,27.8,36.8,66.0,0.006,0.009,59.3,16.6,31.6,0
Arunachal Pradesh,34.67,3315.1,1,3.36,0.459,61.3,0.7,1.9,30.8,47.5,0.021,0.014,46.3,11.4,23.6,0
Arunachal Pradesh,39.38,3092.6,1,2.57,0.655,71.9,280.0,415.3,99.0,152.1,0.366,0.027,50.1,90.9,76.6,1
Manipur,28.97,280.6,1,0.27,0.687,91.7,15.0,39.6,20.9,32.8,0.007,0.021,45.4,13.3,24.5,0
Manipur,15.19,324.4,1,9.63,0.836,7.2,2.0,3.5,35.9,54.6,0.009,0.021,16.3,12.5,13.9,0
Mizoram,28.47,1114.8,2,1.72,0.705,25.5,12.8,20.7,35.6,59.4,0.075,0.064,63.8,16.3,32.9,0
Mizoram,51.05,2122.9,1,4.63,0.395,77.7,49.7,127.4,59.1,104.2,0.035,0.002,58.2,40.4,46.7,1
Mizoram,37.91,1073.8,3,4.21,0.628,77.5,39.9,71.5,43.8,76.4,0.059,0.003,63.1,30.3,41.8,0
Arunachal Pradesh,47.36,3012.7,2,3.95,0.581,21.2,102.3,177.4,95.5,142.9,1.286,0.001,73.7,67.1,69.4,0
Manipur,22.95,329.5,2,3.36,0.783,18.5,9.3,23.2,39.2,68.9,0.01,0.007,55.8,17.2,30.7,0
Sikkim,47.12,1628.3,2,0.9,0.646,36.7,26.4,39.1,43.8,56.4,0.172,0.003,84.1,19.2,41.9,0
Sikkim,30.75,2092.1,2,1.48,0.761,6.3,0.6,0.9,40.0,61.4,0.089,0.008,57.2,6.4,24.1,0
Meghalaya,38.76,1437.4,2,3.34,0.709,73.0,0.1,0.3,30.5,45.9,0.015,0.017,78.0,14.2,36.5,0
Arunachal Pradesh,43.99,3384.8,1,7.01,0.729,67.0,43.2,85.8,34.1,45.3,0.054,0.003,44.8,25.7,32.3,0
Arunachal Pradesh,28.67,2575.0,3,2.55,0.602,85.9,17.7,45.8,21.6,38.7,0.0,0.003,57.5,12.6,28.3,0
Nagaland,29.47,1612.0,2,1.03,0.691,43.0,1.1,2.7,18.0,32.0,0.0,0.019,67.3,9.2,29.6,0
Arunachal Pradesh,20.42,2872.4,1,0.41,0.771,63.7,27.7,60.4,38.3,46.0,0.002,0.006,38.8,19.4,26.2,1
Mizoram,32.63,833.6,2,4.89,0.656,95.4,260.9,639.0,99.0,150.7,0.185,0.006,68.7,89.2,82.0,1
Sikkim,46.04,2995.6,2,2.48,0.755,95.9,119.1,190.6,84.2,108.7,1.024,0.007,84.5,63.3,70.7,1
Sikkim,33.3,2716.6,2,0.6,0.618,7.1,13.0,21.7,25.3,35.5,0.008,0.005,65.7,12.6,31.2,0
Sikkim,29.52,2534.4,3,5.05,0.672,0.2,104.0,268.2,97.2,136.0,0.929,0.018,44.3,72.6,62.7,0
Sikkim,29.0,3756.0,2,1.05,0.43,96.0,159.0,298.6,98.4,138.4,0.126,0.003,76.4,83.2,80.8,1
Mizoram,31.56,1350.7,2,3.2,0.432,53.5,45.7,64.3,39.1,60.4,0.054,0.006,70.2,26.5,41.8,0
Sikkim,42.1,3785.7,2,1.64,0.368,70.0,82.3,224.9,99.0,149.4,0.305,0.08,83.7,67.3,73.0,1
Meghalaya,42.64,1123.3,3,12.08,0.613,91.3,9.7,23.3,40.2,59.5,0.031,0.01,63.7,9.1,28.2,0
Meghalaya,17.05,1840.9,2,1.17,0.594,43.3,48.4,125.0,71.3,107.9,0.177,0.015,63.5,45.5,51.8,1
Mizoram,41.61,1893.0,2,2.45,0.469,44.1,98.5,263.8,99.0,154.3,0.446,0.007,76.2,73.7,74.6,1
Assam,20.85,293.5,2,14.43,0.81,16.7,105.0,239.8,92.6,125.2,2.602,0.027,43.1,74.7,63.6,1
Nagaland,38.25,1284.6,3,1.73,0.493,90.6,36.2,76.2,51.6,87.2,0.154,0.015,68.4,28.0,42.1,0
Arunachal Pradesh,43.46,1966.0,1,4.66,0.599,64.8,7.4,12.0,23.4,35.9,0.048,0.01,52.1,4.9,21.4,0
Arunachal Pradesh,37.97,2451.6,1,1.71,0.738,18.0,48.4,80.6,48.0,65.2,0.034,0.077,46.4,31.8,36.9,0
Sikkim,37.65,2998.3,3,0.53,0.706,56.0,59.7,121.3,65.9,85.9,0.028,0.001,72.4,41.1,52.0,1
Mizoram,34.34,1160.9,2,4.44,0.561,32.8,63.2,94.3,55.4,92.0,0.027,0.004,65.0,39.6,48.5,0
Arunachal Pradesh,35.54,2111.4,2,11.15,0.328,14.7,122.5,306.5,99.0,150.0,0.828,0.055,56.0,87.6,76.5,1
Meghalaya,30.5,1101.1,2,2.71,0.803,18.2,43.0,93.8,43.4,56.9,0.047,0.107,54.3,28.9,37.8,0
Mizoram,6.79,1180.6,3,4.43,0.669,55.9,28.2,76.1,59.8,101.9,0.02,0.015,36.3,31.8,33.4,0
Sikkim,42.53,3579.2,1,4.22,0.443,56.4,31.4,71.5,39.8,64.5,0.034,0.047,53.0,27.6,36.5,0
Nagaland,26.36,1447.3,1,2.41,0.793,79.0,17.5,48.2,57.8,80.7,0.019,0.024,41.4,24.0,30.1,0
Arunachal Pradesh,46.45,1873.3,3,4.29,0.807,24.8,2.7,4.8,26.6,36.3,0.021,0.061,59.1,13.3,29.3,0
Arunachal Pradesh,45.67,4108.7,2,1.35,0.781,91.6,56.9,107.5,63.7,84.8,0.03,0.01,81.8,36.3,52.2,0
Nagaland,28.5,1060.6,2,2.14,0.57,51.9,0.9,1.8,17.3,21.5,0.022,0.019,68.3,6.6,28.2,0
Meghalaya,35.8,975.9,3,2.63,0.78,20.4,3.0,5.4,17.4,30.8,0.06,0.037,54.2,7.1,23.6,0
Mizoram,34.87,1457.5,2,8.98,0.821,41.3,18.3,46.0,12.3,21.8,0.032,0.004,58.3,8.4,25.9,0
Meghalaya,27.82,1896.1,1,1.93,0.7,92.3,120.4,258.4,99.0,142.8,0.899,0.003,48.7,74.7,65.6,1
Sikkim,43.26,3353.2,1,4.54,0.665,47.8,177.0,360.6,99.0,124.3,2.427,0.011,44.1,95.4,77.4,1
Nagaland,42.19,825.7,2,1.08,0.773,87.5,10.9,22.2,29.3,41.1,0.007,0.003,81.0,10.7,35.3,0
Nagaland,39.22,813.1,3,1.31,0.821,16.0,102.3,259.9,99.0,140.2,1.098,0.006,62.9,71.5,68.5,1
Mizoram,22.14,846.2,1,4.7,0.651,91.4,38.2,66.3,47.9,64.9,0.027,0.022,39.5,26.4,31.0,0
Sikkim,41.78,2216.5,1,6.47,0.755,43.1,20.8,38.4,28.6,36.0,0.009,0.004,41.4,17.9,26.1,0
Mizoram,37.96,1763.1,3,2.79,0.76,93.6,56.6,152.9,67.5,85.1,0.016,0.023,67.0,41.7,50.6,1
Sikkim,32.42,1597.3,1,1.84,0.754,86.6,26.2,51.2,47.8,84.2,0.03,0.011,47.1,24.0,32.1,1
Arunachal Pradesh,46.45,4018.5,2,10.85,0.311,66.0,58.9,164.6,79.1,132.7,0.012,0.093,74.0,53.3,60.5,1
Manipur,15.43,542.7,1,0.66,0.803,67.3,11.1,22.3,35.1,47.0,0.012,0.038,29.5,16.0,20.7,0
Arunachal Pradesh,35.45,3574.9,2,5.74,0.692,21.2,7.3,14.6,18.1,29.4,0.139,0.032,59.3,10.7,27.7,0
Assam,15.64,318.4,2,5.27,0.6,60.3,27.8,62.0,56.2,69.4,0.005,0.007,51.9,27.2,35.9,0
Meghalaya,25.86,2188.3,1,5.27,0.618,54.9,17.3,44.8,37.1,50.1,0.021,0.031,36.2,13.2,21.3,0
Arunachal Pradesh,40.83,3998.2,2,12.33,0.701,33.4,41.8,100.7,36.2,58.5,0.008,0.01,63.1,31.2,42.4,0
Meghalaya,22.67,1005.7,2,5.86,0.656,50.6,70.0,172.6,83.4,131.3,0.226,0.017,60.1,54.3,56.3,1
Manipur,18.52,670.6,2,1.62,0.573,92.9,104.3,288.7,99.0,155.9,1.53,0.012,60.5,78.4,72.1,1
Nagaland,34.33,1865.2,2,1.96,0.632,0.5,64.3,161.8,75.2,107.1,0.019,0.029,66.2,50.5,56.0,1
Nagaland,27.0,1045.9,2,2.23,0.68,41.7,167.3,343.7,99.0,137.9,0.132,0.016,63.5,81.8,75.4,0
Mizoram,40.25,1389.9,2,0.14,0.391,33.4,58.5,135.6,66.4,95.4,0.03,0.02,77.5,44.8,56.2,1
Mizoram,30.8,1552.5,2,11.01,0.656,96.1,34.0,87.0,48.8,67.0,0.012,0.016,57.6,24.7,36.2,0
Manipur,28.63,995.6,2,0.34,0.729,97.4,106.4,174.3,72.2,90.3,0.055,0.045,68.8,55.0,59.8,1
Sikkim,51.92,2486.2,2,5.41,0.483,58.6,55.2,104.2,78.1,103.2,0.013,0.059,81.4,44.9,57.6,0
Meghalaya,21.98,1349.9,2,5.89,0.705,55.0,7.3,16.5,16.6,20.4,0.256,0.011,60.1,10.5,27.8,0
Sikkim,41.17,2964.4,1,8.35,0.682,90.3,3.7,7.1,19.9,25.9,0.006,0.014,46.1,8.8,21.8,0
Tripura,21.0,791.6,1,3.63,0.46,0.7,35.3,52.1,27.2,37.3,0.052,0.004,32.8,14.3,20.8,0
Assam,17.58,327.6,2,5.81,0.751,56.2,160.1,434.9,99.0,139.4,2.673,0.007,52.0,93.6,79.0,1
Arunachal Pradesh,38.02,2897.0,3,1.62,0.534,2.5,8.3,17.9,37.7,66.6,0.038,0.028,58.9,13.5,29.4,0
Mizoram,50.97,2096.1,3,6.16,0.624,96.8,222.2,508.4,99.0,166.6,1.125,0.021,72.7,95.4,87.4,1
Assam,23.12,680.8,2,1.89,0.641,32.0,91.7,220.7,96.2,144.9,0.932,0.019,61.0,69.2,66.3,0
Arunachal Pradesh,44.03,3619.2,2,10.49,0.728,52.1,4.0,5.9,29.6,47.1,0.022,0.012,60.2,9.0,26.9,0
Meghalaya,31.02,1080.0,1,0.8,0.687,41.8,13.7,22.6,25.2,32.8,0.021,0.01,41.9,12.8,23.0,0
Manipur,22.31,603.9,3,1.71,0.766,89.4,50.8,135.5,53.3,81.3,0.031,0.005,50.9,37.3,42.0,0
Arunachal Pradesh,31.12,3632.1,3,3.11,0.64,100.0,47.0,117.5,48.7,81.9,0.026,0.049,65.1,38.5,47.8,1
Mizoram,37.11,2180.9,1,6.73,0.61,6.8,13.7,20.4,21.6,27.9,0.011,0.074,39.2,4.2,16.5,0
Sikkim,49.83,2940.7,3,6.22,0.719,73.2,18.8,47.0,46.5,77.5,0.039,0.005,70.6,22.6,39.4,0
Assam,24.86,961.4,2,1.06,0.174,36.8,2.3,6.1,20.0,29.3,0.011,0.011,65.5,10.5,29.7,0
Tripura,15.65,727.1,2,0.7,0.668,13.9,137.8,225.2,95.5,126.1,0.046,0.004,54.2,72.0,65.8,1
Assam,14.26,428.0,3,1.63,0.623,40.5,17.8,26.5,41.0,50.5,0.073,0.025,44.4,17.1,26.7,0
Meghalaya,48.22,1294.2,2,2.98,0.655,99.8,119.3,311.1,99.0,175.6,1.748,0.022,86.2,81.0,82.8,1
Manipur,27.89,710.7,3,3.48,0.752,35.8,75.7,169.6,81.8,106.7,0.463,0.0,50.2,55.5,53.7,0
Manipur,24.28,278.6,1,2.52,0.76,27.7,136.6,380.7,99.0,166.8,1.041,0.007,35.8,85.2,67.9,1
Sikkim,50.48,2784.4,2,4.9,0.521,84.6,53.3,127.3,46.0,70.1,0.127,0.008,80.6,34.6,50.7,0
Nagaland,31.79,1551.3,2,2.51,0.801,86.8,28.9,61.1,46.1,80.7,0.012,0.025,72.7,24.5,41.4,1
Arunachal Pradesh,43.9,2605.2,2,13.16,0.74,33.9,268.8,468.7,99.0,167.6,1.279,0.004,67.1,97.0,86.6,1
Mizoram,40.17,2053.6,2,1.36,0.655,29.9,45.8,109.0,57.4,77.2,0.09,0.051,83.4,33.7,51.1,1
Sikkim,35.53,3470.2,2,4.44,0.512,64.7,181.6,273.8,99.0,177.6,0.045,0.002,72.4,87.0,81.9,1
Arunachal Pradesh,41.78,3689.7,2,4.25,0.798,20.5,204.2,404.8,99.0,142.0,0.862,0.005,67.1,89.0,81.3,1
Arunachal Pradesh,46.84,1811.6,2,1.49,0.767,48.4,11.2,21.1,31.9,53.8,0.058,0.001,87.2,8.8,36.2,0
Mizoram,24.87,1369.5,3,2.39,0.757,14.1,16.5,36.9,27.3,48.9,0.002,0.096,54.2,15.6,29.1,0
Sikkim,34.72,3096.0,2,2.05,0.786,30.5,195.9,335.1,99.0,137.0,0.24,0.035,68.0,90.3,82.5,1
Nagaland,39.11,1505.3,2,0.85,0.735,29.7,3.9,6.4,22.7,37.4,0.011,0.023,81.8,9.8,35.0,0
Arunachal Pradesh,39.64,1650.5,1,2.92,0.77,69.5,16.2,26.1,38.8,50.5,0.045,0.086,54.2,20.2,32.1,0
Sikkim,38.51,3049.7,2,2.2,0.453,28.2,110.3,202.4,82.8,129.0,0.255,0.0,77.9,68.5,71.8,1
Meghalaya,31.6,909.9,1,0.88,0.776,89.8,245.2,639.6,99.0,143.3,0.424,0.036,52.0,94.9,79.9,1
Nagaland,39.89,1584.8,1,2.69,0.634,98.3,117.0,228.8,96.3,134.5,1.852,0.023,49.8,74.2,65.7,1
Sikkim,30.14,3792.4,2,2.47,0.462,8.1,80.3,212.7,99.0,124.4,2.771,0.003,64.8,71.3,69.0,1
Mizoram,28.85,1530.2,1,0.63,0.617,39.8,31.3,76.5,33.9,44.0,0.108,0.032,44.7,17.5,27.0,0
Manipur,11.96,919.7,2,0.63,0.667,30.2,73.5,176.5,72.5,128.0,0.008,0.03,56.6,50.4,52.6,0
Mizoram,29.76,1044.4,3,4.69,0.732,35.2,36.8,91.2,34.3,53.9,0.012,0.007,49.6,17.8,28.9,0
Sikkim,39.23,2211.1,1,5.52,0.759,26.5,27.6,58.1,34.0,43.9,0.015,0.013,39.7,22.8,28.7,0
Arunachal Pradesh,22.41,2066.6,3,12.75,0.656,38.3,11.4,20.2,7.9,11.8,0.014,0.001,40.0,7.3,18.7,0
Manipur,15.22,152.4,1,0.41,0.614,14.1,135.7,223.8,86.9,142.5,3.028,0.0,24.6,80.0,60.6,1
Arunachal Pradesh,39.63,2505.1,2,0.56,0.524,28.0,41.0,86.0,60.8,102.3,0.065,0.006,71.8,37.7,49.6,0
Manipur,22.57,480.6,2,0.24,0.759,74.8,50.6,97.5,49.0,80.4,0.166,0.007,65.1,33.9,44.8,0
Meghalaya,44.06,1592.1,3,3.42,0.667,34.4,6.8,15.9,27.7,35.9,0.017,0.039,62.6,14.3,31.2,0
Assam,23.46,149.4,1,4.39,0.472,20.8,25.4,47.9,26.2,46.0,0.007,0.012,38.8,14.7,23.1,0
Nagaland,30.75,1742.7,2,2.33,0.563,10.8,262.4,388.3,99.0,148.3,0.676,0.057,69.9,91.0,83.6,1
Tripura,20.71,265.6,1,7.2,0.337,34.8,213.0,411.3,99.0,160.1,3.113,0.021,26.4,98.7,73.4,1
Sikkim,39.29,2299.0,2,5.22,0.58,64.3,96.5,254.5,97.7,133.8,0.086,0.02,68.2,63.6,65.2,0
Nagaland,28.86,1936.6,3,19.16,0.434,25.3,22.7,54.2,50.4,79.7,0.071,0.008,46.8,25.9,33.2,1
Sikkim,39.99,3441.0,3,0.67,0.577,42.2,3.1,6.0,17.8,27.0,0.03,0.005,71.7,10.9,32.2,0
Meghalaya,28.54,1804.9,3,0.27,0.829,95.2,19.5,33.0,43.8,57.8,0.045,0.012,63.5,16.1,32.7,0
Mizoram,33.99,1751.7,2,1.45,0.724,55.2,21.2,46.5,27.0,46.9,0.101,0.028,65.3,15.3,32.8,0
Manipur,19.65,233.9,3,0.1,0.763,53.2,16.1,43.7,43.9,69.5,0.012,0.009,51.5,21.8,32.2,0
Tripura,18.67,602.5,2,12.14,0.662,41.0,33.7,74.5,57.3,80.2,0.028,0.036,46.2,28.5,34.7,0
Nagaland,30.64,1982.9,1,1.63,0.732,55.7,9.6,25.4,11.9,18.7,0.002,0.024,46.4,10.4,23.0,0
Sikkim,44.33,1500.7,3,3.62,0.593,98.5,124.9,298.2,92.7,159.5,0.911,0.003,75.9,79.7,78.4,1
Meghalaya,36.49,935.7,2,1.72,0.72,25.4,107.1,168.0,82.7,126.7,0.222,0.008,71.0,60.1,63.9,0
Nagaland,30.11,1649.0,1,1.27,0.625,94.2,92.9,221.5,90.9,132.0,1.045,0.001,45.3,69.3,60.9,0
Sikkim,43.98,1830.8,1,0.74,0.431,14.9,47.4,106.7,61.4,97.6,0.04,0.01,53.8,32.4,39.9,0
Arunachal Pradesh,37.34,2072.5,2,1.74,0.49,11.1,141.7,269.8,99.0,139.0,0.032,0.013,68.8,82.7,77.9,1
Sikkim,37.47,2250.1,2,4.3,0.61,65.5,12.9,35.4,47.5,72.8,0.007,0.036,73.0,21.6,39.6,0
Sikkim,34.19,3848.7,2,16.03,0.719,25.1,102.3,190.5,89.8,130.8,1.0,0.011,53.8,68.3,63.2,1
Sikkim,51.54,2936.2,3,3.67,0.619,44.4,11.8,17.9,32.5,43.3,0.036,0.019,70.4,18.4,36.6,0
Sikkim,50.45,1748.0,3,3.42,0.587,73.0,44.1,77.0,39.7,51.7,0.001,0.009,75.4,23.4,41.6,0
Arunachal Pradesh,32.47,2776.5,3,0.16,0.661,53.5,113.4,228.0,93.5,139.4,2.473,0.023,63.1,75.4,71.1,1
Arunachal Pradesh,35.22,3328.2,2,8.25,0.665,1.4,78.7,208.3,96.2,128.2,1.092,0.004,60.9,61.6,61.4,1
Tripura,22.16,944.7,3,0.21,0.693,30.6,43.6,62.8,40.2,62.8,0.045,0.005,49.4,23.2,32.4,0
Meghalaya,35.79,875.5,3,10.65,0.629,6.5,177.3,446.2,99.0,173.1,3.69,0.039,41.1,100.0,79.4,1
Sikkim,29.49,2393.4,2,3.48,0.753,92.6,19.2,34.4,23.1,34.0,0.0,0.009,69.5,13.5,33.1,0
Mizoram,26.01,1177.7,2,0.83,0.761,79.5,0.5,1.1,20.2,34.9,0.037,0.006,67.3,7.9,28.7,0
Arunachal Pradesh,13.77,2883.6,2,2.7,0.764,98.4,11.3,21.8,21.7,38.1,0.119,0.0,57.7,13.6,29.0,0
Assam,23.27,705.4,1,23.83,0.726,88.5,75.8,134.1,53.5,83.4,0.025,0.025,28.0,44.4,38.6,0
Nagaland,22.09,1032.7,2,1.64,0.448,47.5,17.1,36.2,46.7,72.4,0.001,0.013,68.1,23.5,39.1,0
Arunachal Pradesh,32.54,2443.6,2,1.41,0.75,88.3,17.3,33.4,37.1,60.2,0.049,0.004,71.5,18.2,36.9,1
Sikkim,45.31,3300.6,1,0.57,0.755,67.2,166.7,325.2,99.0,127.1,4.441,0.042,56.9,100.0,84.9,1
Manipur,24.86,310.6,1,4.09,0.653,52.5,88.8,144.4,76.8,120.3,0.038,0.032,31.8,52.2,45.0,0
Assam,29.16,535.8,2,0.42,0.677,37.1,217.8,348.3,99.0,152.0,1.064,0.006,64.1,95.2,84.3,1
Meghalaya,45.32,1570.0,3,6.54,0.765,68.1,17.5,30.8,13.8,18.5,0.097,0.005,64.5,11.3,29.9,0
Mizoram,51.77,1801.7,3,11.32,0.683,59.0,41.7,92.7,46.3,75.1,0.072,0.011,60.9,30.7,41.3,0
Arunachal Pradesh,34.99,1796.0,2,12.09,0.622,61.4,27.0,46.6,47.9,80.5,0.059,0.009,62.1,22.8,36.6,0
Tripura,16.51,160.0,2,0.51,0.788,40.0,15.2,37.8,41.2,55.0,0.032,0.003,58.8,22.7,35.3,0
Sikkim,41.39,4135.4,2,3.68,0.817,73.9,13.9,35.2,18.9,23.0,0.023,0.079,72.6,13.7,34.3,0
Assam,12.08,536.8,1,0.46,0.6,8.1,158.9,258.4,99.0,149.8,0.779,0.008,26.9,85.9,65.3,1
Mizoram,30.33,1962.2,1,3.82,0.598,72.6,10.7,29.5,45.2,58.9,0.113,0.015,42.6,21.7,29.0,0
Mizoram,32.99,1295.5,3,7.59,0.693,73.1,19.1,33.8,30.5,37.2,0.102,0.027,56.0,15.8,29.9,0
Meghalaya,35.33,1644.7,2,3.47,0.517,51.6,1.8,2.7,28.0,40.6,0.016,0.053,68.8,13.2,32.6,0
Sikkim,42.97,3850.1,3,9.25,0.621,26.3,70.3,141.6,74.5,114.4,0.04,0.003,57.5,44.5,49.0,0
Arunachal Pradesh,35.72,3007.2,3,7.28,0.669,51.9,2.0,3.3,31.4,51.9,0.101,0.003,50.3,9.7,23.9,0
Sikkim,27.85,1590.2,1,1.46,0.798,12.3,92.6,231.3,96.5,137.0,0.165,0.019,35.3,68.8,57.1,0
Arunachal Pradesh,29.39,3702.7,2,4.48,0.551,28.5,2.2,3.4,27.9,37.0,0.002,0.006,61.2,4.2,24.2,0
Nagaland,18.45,1459.6,2,0.1,0.679,42.1,84.8,176.2,95.7,133.7,0.845,0.022,60.9,64.6,63.3,1
Sikkim,33.33,3710.6,2,2.27,0.651,67.3,46.5,70.5,55.7,83.5,0.001,0.003,70.1,35.1,47.3,1
Arunachal Pradesh,26.61,2508.8,2,1.22,0.487,18.7,31.7,84.3,43.3,69.4,0.075,0.017,64.3,28.2,40.8,0
Assam,17.09,399.6,3,12.45,0.567,15.8,7.0,12.9,16.2,25.6,0.023,0.026,31.4,9.8,17.3,0
Manipur,22.33,529.0,3,2.34,0.763,60.8,88.5,200.3,74.7,113.3,0.01,0.026,52.4,56.2,54.9,0
Assam,12.96,879.1,3,4.78,0.789,68.0,52.7,127.7,64.3,87.0,0.046,0.026,46.3,41.6,43.3,0
Tripura,20.51,786.7,1,5.93,0.506,8.4,32.3,46.7,18.1,27.8,0.03,0.021,27.2,11.1,16.8,0
Arunachal Pradesh,35.63,3550.6,1,6.68,0.539,3.3,32.5,62.9,33.2,53.6,0.017,0.099,34.0,28.5,30.4,0
Sikkim,40.85,4005.1,1,5.99,0.771,14.7,6.4,11.6,26.3,45.7,0.039,0.065,36.8,8.4,18.4,0
Nagaland,35.95,1265.7,2,1.54,0.652,90.1,29.0,62.8,52.4,63.0,0.017,0.002,74.1,18.9,38.2,0
Mizoram,29.63,809.7,2,5.21,0.601,67.3,40.2,99.6,66.7,103.4,0.001,0.009,66.1,36.3,46.7,0
Arunachal Pradesh,38.02,2148.3,2,3.58,0.439,92.1,5.9,9.3,17.6,27.8,0.055,0.033,80.1,11.0,35.2,0
Nagaland,30.08,1047.9,2,4.09,0.539,66.5,280.0,578.3,99.0,131.5,1.057,0.012,66.4,89.6,81.5,1
Sikkim,34.11,1577.0,3,0.1,0.545,96.5,79.8,126.2,51.2,78.6,0.039,0.007,67.6,44.8,52.8,0
Sikkim,32.14,3963.0,3,1.34,0.796,43.9,17.2,43.1,43.7,72.0,0.06,0.044,60.8,18.7,33.4,0
Meghalaya,35.27,2049.9,1,12.01,0.696,59.9,37.3,93.2,55.9,95.0,0.006,0.01,33.2,30.4,31.4,0
Mizoram,41.17,807.5,3,1.54,0.672,60.1,36.8,68.6,56.2,89.7,0.008,0.001,69.2,29.8,43.6,0
Mizoram,40.2,2178.8,2,2.59,0.749,0.3,5.1,9.4,41.0,73.2,0.172,0.012,65.6,18.5,35.0,0
Arunachal Pradesh,27.32,3912.9,2,0.93,0.725,2.7,25.9,58.1,27.1,46.1,0.032,0.01,61.5,17.2,32.7,0
Manipur,27.74,362.4,3,0.67,0.794,14.5,10.5,29.3,25.0,36.0,0.087,0.005,51.2,12.8,26.3,0
Sikkim,30.3,3989.3,1,1.05,0.652,51.1,89.7,248.7,99.0,170.5,0.016,0.009,44.5,67.4,59.4,1
Arunachal Pradesh,39.21,1880.1,3,3.63,0.746,43.1,129.6,238.7,89.9,119.4,0.498,0.003,62.0,64.7,63.8,0
Manipur,21.88,787.7,2,11.31,0.701,54.0,189.8,486.1,99.0,160.7,0.941,0.017,52.2,93.0,78.7,1
Assam,11.09,657.4,3,1.78,0.644,80.0,3.1,5.7,21.6,28.0,0.109,0.011,43.3,7.1,19.8,0
Manipur,18.95,913.4,3,1.76,0.596,82.2,50.2,106.2,69.0,123.0,0.051,0.002,49.0,34.4,39.5,0
Nagaland,41.52,1373.8,2,3.74,0.293,97.7,280.0,404.4,99.0,156.9,0.241,0.105,81.9,93.8,89.6,1
Mizoram,16.47,1426.7,1,1.99,0.714,55.8,8.3,22.4,28.8,47.4,0.084,0.075,38.7,15.5,23.6,0
Meghalaya,48.93,1885.3,1,10.86,0.702,34.7,51.7,125.5,66.3,104.1,0.1,0.039,37.5,37.6,37.6,0
Arunachal Pradesh,21.24,2197.0,2,2.14,0.747,30.8,78.2,204.3,56.9,83.2,0.136,0.006,62.5,51.7,55.5,1
Sikkim,40.45,1601.9,1,3.03,0.679,34.1,83.6,182.4,84.1,118.5,0.541,0.002,47.5,58.2,54.4,0
Sikkim,25.73,1900.0,3,3.43,0.674,32.4,55.3,82.5,36.6,50.1,0.063,0.01,47.2,29.3,35.6,0
Sikkim,41.78,3265.3,2,6.86,0.509,39.3,108.3,218.2,91.1,152.5,2.551,0.03,68.7,75.4,73.0,1
Nagaland,39.85,1505.0,3,3.73,0.729,7.5,1.5,2.8,13.1,17.5,0.039,0.041,59.4,4.6,23.8,0
Meghalaya,37.64,2051.7,3,1.23,0.707,63.3,3.0,6.3,8.7,14.9,0.107,0.01,60.0,7.4,25.8,0
Arunachal Pradesh,25.97,4154.0,1,0.6,0.597,56.8,6.5,11.0,19.9,32.9,0.039,0.011,42.5,9.7,21.1,0
Sikkim,46.31,2240.2,2,12.5,0.642,46.2,87.6,178.0,82.4,119.0,0.484,0.0,67.4,58.0,61.3,0
Mizoram,30.11,879.6,2,7.28,0.608,8.1,5.7,8.3,29.7,47.0,0.026,0.038,63.1,11.6,29.6,0
Arunachal Pradesh,26.19,4141.9,2,0.1,0.681,9.3,76.4,122.9,50.6,85.4,0.014,0.009,64.2,37.4,46.7,0
Manipur,28.11,690.2,2,7.75,0.754,54.5,102.0,267.4,90.2,109.2,0.41,0.087,58.0,68.3,64.7,1
Meghalaya,46.7,1495.8,1,4.02,0.672,3.7,146.3,282.1,99.0,134.9,0.218,0.009,48.9,82.2,70.6,1
Meghalaya,32.64,1802.6,2,3.29,0.607,72.5,141.8,283.7,99.0,176.5,0.709,0.0,69.6,85.4,79.9,1
Mizoram,29.34,1383.4,2,0.1,0.614,99.4,119.4,226.8,88.0,127.0,0.1,0.005,78.6,72.3,74.5,1
Nagaland,26.54,1109.8,3,6.83,0.747,59.7,8.5,19.3,22.7,36.7,0.024,0.016,48.3,9.0,22.8,0
Sikkim,44.25,1935.8,3,0.99,0.807,72.3,51.5,72.4,55.9,73.2,0.008,0.032,68.8,26.3,41.2,0
Mizoram,39.21,1959.1,1,5.86,0.556,43.9,180.2,491.4,99.0,140.8,0.411,0.0,48.3,92.4,77.0,1
Meghalaya,29.34,1336.0,1,0.1,0.452,66.7,0.9,1.9,29.6,49.7,0.009,0.0,54.5,8.8,24.8,0
Sikkim,51.58,2151.3,3,7.16,0.593,65.2,152.6,295.1,99.0,146.6,0.812,0.006,67.0,82.8,77.3,1
Manipur,23.87,251.3,3,0.1,0.792,82.4,41.0,106.9,47.0,81.8,0.025,0.004,58.7,31.9,41.3,1
Nagaland,32.56,2174.0,2,1.21,0.739,71.1,42.8,89.6,60.4,73.1,0.07,0.013,76.2,31.0,46.8,0
Mizoram,34.25,1272.9,2,1.41,0.605,74.9,182.5,279.3,99.0,151.4,0.55,0.046,72.6,87.3,82.1,1
Manipur,14.07,335.1,1,0.77,0.819,55.7,159.3,426.6,99.0,166.6,0.329,0.005,33.1,88.7,69.2,1
Manipur,24.34,560.7,2,2.95,0.694,48.5,20.3,39.4,28.3,40.9,0.011,0.009,65.7,17.1,34.1,0
Mizoram,25.5,1168.0,2,1.5,0.463,45.9,1.9,4.2,14.6,19.9,0.122,0.026,66.7,4.8,26.5,0
Nagaland,28.47,850.0,2,22.52,0.437,39.2,11.3,30.8,37.5,50.6,0.023,0.016,57.3,17.8,31.6,0
Mizoram,31.49,931.9,2,3.9,0.545,26.6,19.5,35.3,33.0,46.9,0.034,0.004,67.3,16.7,34.4,0
Mizoram,45.22,1040.4,2,3.76,0.657,3.3,145.1,239.4,88.4,145.4,0.1,0.007,72.6,70.8,71.5,0
Mizoram,33.67,931.9,1,1.12,0.641,67.1,246.8,644.6,99.0,129.4,0.376,0.029,45.3,88.8,73.6,1
Nagaland,26.11,1856.0,2,2.36,0.554,90.1,1.0,2.1,17.0,26.5,0.023,0.002,67.9,5.5,27.3,0
Arunachal Pradesh,40.76,1697.0,3,0.6,0.364,93.0,196.2,465.7,99.0,120.1,2.053,0.001,72.2,91.6,84.8,1
Manipur,23.48,839.0,2,6.47,0.663,58.1,13.4,20.8,22.3,28.1,0.097,0.033,60.1,11.8,28.7,0
Manipur,27.26,640.7,3,1.81,0.826,9.4,67.2,159.6,62.9,83.5,0.092,0.001,52.6,44.0,47.0,0
Arunachal Pradesh,37.79,3340.9,2,6.27,0.694,87.9,5.6,12.3,19.4,29.6,0.045,0.006,64.7,5.8,26.4,0
Nagaland,27.05,855.2,2,2.09,0.767,74.8,119.3,221.8,99.0,164.4,0.65,0.017,61.2,76.2,71.0,1
Arunachal Pradesh,56.78,1539.1,1,20.2,0.74,25.1,31.7,82.0,48.8,62.5,0.049,0.0,49.8,25.9,34.2,0
Sikkim,40.78,3031.3,2,0.84,0.668,80.4,171.3,350.3,99.0,153.1,0.361,0.046,73.1,93.5,86.4,1
Nagaland,26.15,1574.8,2,0.1,0.799,47.2,133.5,263.2,97.1,158.4,0.186,0.05,64.9,78.6,73.8,1
Arunachal Pradesh,37.72,3996.5,2,4.07,0.756,88.8,93.0,154.0,99.0,169.1,0.409,0.01,71.7,62.5,65.7,1
Nagaland,28.47,1356.6,3,13.75,0.723,24.8,126.7,222.6,95.4,128.3,0.518,0.037,41.5,74.5,63.0,1
Nagaland,40.94,1897.5,3,4.69,0.765,80.1,74.3,132.4,78.3,100.4,0.064,0.0,65.8,41.1,49.7,0
Meghalaya,35.99,1527.0,1,0.4,0.493,71.2,126.4,248.8,99.0,155.5,0.01,0.003,51.9,71.2,64.5,1
Arunachal Pradesh,35.34,3899.5,3,3.5,0.595,1.4,6.4,13.4,15.1,21.4,0.022,0.005,56.5,1.8,20.9,0
Sikkim,46.76,2148.6,2,10.81,0.736,56.3,18.8,52.2,45.2,71.1,0.029,0.006,66.9,22.1,37.8,0
Mizoram,31.21,1913.8,2,0.1,0.513,71.6,77.1,166.7,73.4,98.9,0.036,0.019,76.0,51.7,60.2,0
Tripura,19.66,475.3,2,0.82,0.499,15.6,18.5,37.9,34.4,46.2,0.106,0.07,59.4,20.3,34.0,0
Mizoram,26.87,2062.0,2,7.58,0.568,53.2,253.6,582.1,99.0,164.1,1.803,0.003,63.0,95.5,84.1,1
Sikkim,31.71,3751.6,1,10.1,0.702,30.4,23.9,58.6,48.9,66.9,0.061,0.037,28.6,25.0,26.3,0
Mizoram,46.85,1464.1,2,5.53,0.662,69.6,98.4,272.7,95.3,168.9,0.358,0.029,82.1,73.2,76.3,0
Meghalaya,38.84,1348.3,2,21.49,0.801,54.0,203.5,569.1,99.0,162.6,1.775,0.01,59.7,90.7,79.9,1
Nagaland,19.32,1497.4,2,0.43,0.527,62.1,26.2,68.3,55.3,97.8,0.029,0.017,64.5,25.2,39.0,0
Arunachal Pradesh,29.92,2735.6,1,3.55,0.563,7.3,60.8,88.7,36.1,57.2,0.006,0.009,37.9,36.2,36.7,0
Nagaland,24.01,1518.4,1,5.2,0.56,13.8,41.2,60.1,44.2,73.8,0.029,0.006,31.2,26.0,27.8,0
Meghalaya,32.42,1139.4,1,5.46,0.503,55.2,10.2,18.9,26.5,38.0,0.033,0.003,42.0,12.4,22.7,0
Assam,17.51,664.0,2,7.1,0.619,18.1,31.2,81.6,34.0,61.0,0.015,0.022,50.3,22.6,32.3,0
Sikkim,50.77,3464.5,3,11.23,0.507,49.9,3.6,8.9,16.2,22.0,0.018,0.004,68.2,6.7,28.2,0
Mizoram,29.71,1343.1,1,2.02,0.692,69.0,55.5,126.6,66.4,83.1,0.031,0.04,49.9,35.3,40.4,0
Assam,31.91,438.4,2,0.2,0.533,81.0,149.7,250.0,94.6,163.1,1.216,0.018,74.9,81.5,79.2,1
Arunachal Pradesh,37.29,3792.7,2,2.03,0.642,14.3,5.9,16.2,35.8,54.9,0.025,0.023,76.3,11.4,34.1,1
Assam,33.52,887.2,3,5.01,0.757,74.2,65.5,174.1,70.8,102.4,0.013,0.019,60.1,45.4,50.5,0
Mizoram,30.58,1682.6,1,1.08,0.735,36.3,73.5,196.8,89.7,124.7,0.87,0.021,40.3,57.6,51.6,0
Arunachal Pradesh,36.44,2313.3,1,7.47,0.81,67.9,59.6,125.7,43.2,76.7,0.005,0.045,34.0,35.8,35.2,0
Sikkim,46.1,2043.9,1,1.12,0.505,14.5,18.0,34.4,29.0,50.7,0.048,0.008,51.4,16.5,28.7,0
Mizoram,37.52,1127.9,3,0.1,0.626,51.5,216.8,496.9,99.0,170.3,0.078,0.025,64.4,89.1,80.5,1
Arunachal Pradesh,27.01,2324.7,2,3.19,0.666,83.8,38.8,90.0,50.3,79.7,0.002,0.004,65.8,29.0,41.9,0
Mizoram,32.59,1250.0,1,5.83,0.672,10.6,35.3,95.3,66.3,88.8,0.033,0.021,33.8,32.6,33.0,0
Sikkim,34.4,3629.1,2,1.94,0.52,82.8,172.8,380.1,99.0,170.0,0.914,0.01,74.4,92.0,85.8,1
Mizoram,28.58,1034.1,1,6.22,0.511,45.3,44.8,117.7,51.6,90.0,0.107,0.037,38.6,31.8,34.2,0
Arunachal Pradesh,38.67,4135.2,1,2.6,0.781,82.3,199.8,368.0,99.0,138.2,0.553,0.008,55.2,88.3,76.7,1
Manipur,18.27,398.1,3,0.85,0.646,95.8,192.0,280.3,99.0,156.5,0.022,0.039,55.9,89.6,77.8,1
Tripura,21.1,915.7,2,0.43,0.388,16.0,58.3,117.2,73.5,88.3,0.022,0.012,65.7,42.1,50.4,0
Assam,14.05,805.7,2,5.58,0.591,67.5,26.2,44.1,22.6,37.8,0.068,0.045,50.4,15.9,28.0,0
Nagaland,21.48,1558.6,2,2.19,0.78,23.5,27.9,69.4,61.4,100.1,0.008,0.142,60.8,31.9,42.0,1
Arunachal Pradesh,46.46,1746.4,2,10.98,0.816,13.6,1.3,3.4,5.0,6.6,0.056,0.079,64.1,6.3,26.6,0
Nagaland,40.15,2151.0,2,3.5,0.711,62.8,158.5,395.5,99.0,133.3,2.377,0.012,75.1,92.8,86.6,1
Arunachal Pradesh,45.87,2203.1,2,1.93,0.49,10.8,11.7,23.9,45.2,67.3,0.003,0.068,76.8,19.6,39.6,1
Arunachal Pradesh,38.29,3408.3,2,1.93,0.774,46.5,280.0,742.0,99.0,157.9,0.909,0.038,74.2,96.0,88.4,1
Sikkim,34.92,3634.1,1,0.63,0.604,63.6,64.8,131.2,62.1,101.8,0.055,0.0,53.0,42.0,45.8,1
Meghalaya,27.67,1517.6,2,4.05,0.376,50.0,6.9,15.4,41.5,50.3,0.039,0.008,65.9,13.8,32.0,0
Nagaland,26.44,1262.8,3,3.93,0.716,69.7,31.0,52.7,48.5,59.3,0.024,0.002,56.2,26.4,36.8,0
Mizoram,31.42,1919.4,1,7.24,0.784,80.1,10.8,15.5,27.0,41.9,0.064,0.003,34.2,10.6,18.8,0
Meghalaya,39.95,1612.9,3,1.01,0.734,87.2,15.9,35.7,31.7,42.2,0.092,0.048,65.6,13.7,31.9,1
Sikkim,32.07,3744.8,1,1.55,0.52,56.0,188.9,437.1,99.0,144.7,0.171,0.007,45.5,89.9,74.4,1
Tripura,26.83,347.1,2,0.46,0.645,27.7,167.8,453.1,99.0,120.0,0.158,0.017,67.5,92.6,83.8,1
Meghalaya,21.79,1465.7,2,1.58,0.315,51.0,244.8,632.1,99.0,147.9,0.319,0.012,66.0,88.7,80.7,1
Meghalaya,33.65,1245.4,2,2.51,0.73,38.8,8.1,20.1,24.7,29.8,0.036,0.051,69.4,10.8,31.3,0
Arunachal Pradesh,41.74,4157.2,1,14.96,0.583,22.6,31.0,73.7,52.8,94.7,0.012,0.005,38.3,27.8,31.5,0
Nagaland,28.35,827.9,3,4.76,0.494,52.9,41.1,82.4,32.7,42.2,0.15,0.012,54.8,23.6,34.5,0
Mizoram,24.65,856.7,3,6.87,0.486,2.3,120.0,250.0,99.0,166.8,0.065,0.002,39.8,74.5,62.4,0
Sikkim,45.19,2587.8,1,1.77,0.482,60.6,32.7,81.4,51.2,72.5,0.001,0.02,53.1,26.3,35.7,0
Arunachal Pradesh,38.36,3858.1,3,0.7,0.764,82.2,159.1,258.1,99.0,133.9,0.563,0.043,68.9,82.5,77.7,1
Mizoram,50.46,917.6,2,1.34,0.369,99.9,15.5,37.4,20.3,26.0,0.059,0.007,94.7,11.9,40.9,1
Mizoram,40.07,1736.7,3,1.33,0.607,92.2,11.0,24.9,31.8,54.8,0.072,0.032,70.9,17.7,36.4,0
Sikkim,47.88,4044.3,1,3.94,0.678,9.0,261.7,448.5,99.0,137.9,0.513,0.003,47.9,88.2,74.1,0
Assam,5.62,379.1,3,1.88,0.679,16.2,197.4,399.4,99.0,162.7,0.218,0.013,32.1,93.0,71.7,1
Arunachal Pradesh,32.23,2718.6,1,8.76,0.752,13.9,16.3,40.6,22.8,28.9,0.084,0.006,30.6,13.3,19.4,0
Meghalaya,23.9,2171.0,3,20.11,0.375,55.8,217.3,339.4,99.0,177.1,0.227,0.022,44.9,92.8,76.0,1
Assam,8.11,179.8,2,1.89,0.593,4.6,15.4,34.9,24.9,38.5,0.076,0.023,39.1,14.3,23.0,0
Sikkim,37.67,3184.1,2,5.49,0.797,93.7,142.7,283.9,99.0,165.9,0.7,0.01,74.3,82.9,79.9,1
Mizoram,37.73,1962.3,1,4.82,0.432,6.2,1.2,2.1,19.2,23.1,0.014,0.008,42.9,7.3,19.8,0
Sikkim,29.81,2605.7,3,0.97,0.641,39.1,84.4,223.4,99.0,158.8,0.48,0.03,54.5,65.5,61.6,1
Sikkim,21.58,2511.8,2,11.26,0.645,89.4,263.2,544.5,99.0,172.3,0.311,0.016,51.7,94.0,79.2,1
Tripura,14.67,657.2,2,1.0,0.637,94.8,90.4,251.5,96.5,146.0,0.133,0.016,66.0,64.9,65.3,0
Sikkim,36.64,1888.0,2,6.01,0.396,46.5,8.4,19.3,34.3,58.4,0.019,0.031,68.8,13.5,32.9,0
Manipur,18.61,384.9,3,1.92,0.679,48.8,78.5,146.2,55.9,84.4,0.027,0.019,53.1,40.7,45.0,0
Sikkim,38.09,3328.4,2,2.06,0.595,63.6,19.2,34.9,28.5,50.8,0.014,0.003,72.4,17.4,36.7,0
Arunachal Pradesh,41.56,3860.1,1,2.74,0.613,40.8,123.9,293.8,99.0,126.9,0.447,0.002,54.9,76.4,68.9,1
Arunachal Pradesh,37.88,2469.5,3,8.99,0.629,32.5,16.0,30.2,40.7,71.6,0.003,0.006,53.5,23.2,33.8,0
Mizoram,38.15,2071.2,2,0.68,0.733,73.9,4.2,9.3,15.6,24.1,0.137,0.009,78.0,5.0,30.5,0
Sikkim,29.95,2136.4,2,0.25,0.755,59.5,86.3,189.1,90.9,157.6,2.043,0.006,73.5,68.6,70.3,0
Manipur,18.36,978.8,1,2.31,0.572,48.2,83.6,118.9,46.6,59.4,0.034,0.005,33.5,40.5,38.0,0
Meghalaya,36.1,1193.8,3,0.26,0.675,10.1,35.1,83.2,53.0,92.7,0.109,0.001,58.2,30.1,39.9,0
Assam,21.69,530.1,1,5.24,0.603,6.9,21.2,46.6,27.5,41.1,0.075,0.015,26.7,14.2,18.6,0
Arunachal Pradesh,53.58,2103.4,2,6.43,0.751,51.1,153.2,388.2,99.0,146.0,0.275,0.0,78.5,84.3,82.3,1
Manipur,14.55,597.6,3,8.68,0.772,61.9,62.2,168.8,73.8,113.8,0.06,0.015,40.2,48.4,45.5,0
Nagaland,36.23,1154.5,1,6.13,0.563,65.8,67.4,140.4,74.4,128.4,0.004,0.003,45.4,45.4,45.4,0
Nagaland,27.59,1379.7,3,11.17,0.744,89.5,101.9,253.3,99.0,168.4,3.318,0.041,50.1,78.6,68.6,1
Manipur,15.6,309.5,2,6.21,0.54,81.6,88.0,180.9,83.8,106.8,0.072,0.01,53.7,57.7,56.3,0
Nagaland,39.59,1796.9,2,12.38,0.759,14.1,28.3,51.1,37.3,45.0,0.075,0.03,57.0,20.4,33.2,0
Mizoram,31.82,1611.9,2,0.97,0.683,79.4,11.1,29.6,37.5,56.5,0.033,0.006,74.3,20.9,39.6,0
Arunachal Pradesh,40.24,1949.3,2,3.12,0.798,67.6,16.0,36.2,29.1,52.1,0.009,0.095,75.7,19.7,39.3,0
Arunachal Pradesh,33.25,3623.2,2,22.97,0.818,82.8,104.9,155.7,75.3,113.3,0.054,0.012,65.2,56.5,59.6,1
Assam,16.97,415.4,1,5.15,0.595,84.3,0.3,0.7,49.7,64.0,0.014,0.023,32.4,17.3,22.6,0
Mizoram,21.36,2002.3,3,9.49,0.654,34.6,180.2,357.5,99.0,144.6,0.762,0.048,37.7,98.5,77.2,0
Nagaland,33.27,998.9,1,0.14,0.779,26.3,236.8,553.1,99.0,140.7,4.244,0.007,44.5,97.4,78.9,1
Meghalaya,24.75,1786.7,3,9.24,0.653,55.3,12.9,35.5,7.7,13.7,0.032,0.01,40.0,8.0,19.2,0
Arunachal Pradesh,36.8,2817.8,1,5.38,0.701,29.9,77.7,166.8,77.8,137.7,0.008,0.021,37.4,58.8,51.3,0
Arunachal Pradesh,45.46,4004.0,2,0.84,0.762,35.0,82.9,185.6,75.1,93.3,0.116,0.003,79.9,52.1,61.8,1
Mizoram,19.62,1609.7,3,0.12,0.706,6.9,111.7,185.9,81.0,108.6,0.356,0.024,47.7,62.5,57.3,0
Meghalaya,52.95,1764.9,1,1.35,0.815,99.1,41.8,103.9,49.2,72.6,0.039,0.034,62.0,34.9,44.4,0
Arunachal Pradesh,31.6,3622.7,3,11.13,0.419,30.9,185.7,395.5,99.0,152.6,0.959,0.018,44.3,95.5,77.6,1
Meghalaya,31.2,1327.7,2,4.96,0.481,78.0,7.3,15.2,15.6,20.5,0.027,0.008,72.2,5.4,28.8,0
Arunachal Pradesh,40.23,3876.4,2,11.34,0.714,99.3,32.3,53.3,37.2,57.7,0.041,0.019,66.0,23.8,38.6,0
Mizoram,26.51,2042.9,2,2.66,0.707,96.9,21.9,44.2,28.2,37.2,0.065,0.044,71.6,19.8,37.9,0
Sikkim,34.0,3124.2,2,12.41,0.607,63.4,117.0,319.2,99.0,143.8,0.224,0.006,61.7,79.8,73.5,1
Nagaland,39.85,1648.8,2,2.8,0.773,53.9,31.9,62.0,24.7,37.4,0.042,0.041,74.4,22.4,40.6,0
Sikkim,44.43,2858.7,3,1.03,0.714,30.9,39.6,67.7,52.8,94.3,0.025,0.026,64.7,28.5,41.2,0
Meghalaya,30.23,1450.7,2,0.74,0.786,86.2,11.0,24.7,18.0,22.3,0.036,0.012,73.9,13.7,34.7,0
Arunachal Pradesh,37.98,1981.7,1,22.88,0.575,33.8,60.6,127.9,74.5,130.7,0.006,0.13,37.7,51.8,46.9,0
Arunachal Pradesh,39.19,2885.3,3,1.83,0.532,10.7,3.4,7.0,18.4,23.6,0.031,0.003,66.0,9.8,29.5,0
Sikkim,42.74,3629.2,3,0.78,0.771,29.4,193.3,314.8,97.3,122.4,0.619,0.011,64.4,86.8,79.0,1
Meghalaya,36.43,1791.2,2,0.1,0.56,31.5,16.3,43.5,24.4,33.6,0.305,0.024,78.6,16.8,38.5,0
Mizoram,36.23,2050.8,2,1.51,0.516,71.8,25.8,58.0,33.5,51.5,0.078,0.0,74.3,18.4,38.0,0
Sikkim,34.51,2024.2,2,9.9,0.396,17.0,100.8,228.7,99.0,143.5,0.114,0.045,57.0,70.5,65.8,1
Mizoram,32.75,1705.0,2,3.44,0.687,31.7,49.9,78.1,37.6,57.0,0.086,0.009,60.6,28.9,40.0,0
Manipur,25.99,590.8,2,4.5,0.716,7.7,7.3,14.8,34.9,58.2,0.083,0.005,56.9,16.3,30.6,0
Nagaland,47.45,1503.7,3,11.5,0.569,84.8,97.8,216.8,83.7,142.1,0.051,0.007,62.5,62.6,62.6,1
Arunachal Pradesh,38.68,2827.9,1,3.24,0.568,72.5,21.0,56.5,33.0,58.7,0.196,0.004,48.7,18.1,28.8,0
Meghalaya,28.22,1022.4,2,8.2,0.592,43.7,18.8,41.6,38.9,68.3,0.03,0.0,60.1,19.8,33.9,0
Arunachal Pradesh,31.19,2028.3,3,1.76,0.819,43.0,31.3,85.9,54.3,71.4,0.145,0.001,55.7,28.3,37.9,0
Sikkim,43.2,3147.5,2,17.0,0.598,16.6,10.3,24.5,25.4,41.4,0.022,0.004,68.0,14.1,33.0,0
Tripura,10.64,238.6,3,0.37,0.696,38.4,110.5,178.9,80.8,133.3,1.043,0.022,48.0,65.8,59.6,0
Arunachal Pradesh,43.3,2140.8,2,5.81,0.745,90.7,28.4,42.3,19.5,28.9,0.001,0.0,73.8,13.6,34.6,0
Meghalaya,36.49,1204.1,2,4.86,0.662,13.9,22.5,48.8,48.8,84.6,0.023,0.024,69.2,24.6,40.2,0
Mizoram,28.45,1385.6,3,0.96,0.709,76.5,8.4,23.0,11.9,19.7,0.039,0.003,56.4,9.4,25.9,0
Mizoram,33.68,1583.0,2,2.22,0.637,4.7,73.0,134.9,59.1,85.2,0.164,0.014,65.6,40.5,49.3,0
Meghalaya,30.45,1641.4,3,1.69,0.656,31.2,202.9,535.3,99.0,143.9,2.037,0.009,54.0,100.0,83.9,1
Arunachal Pradesh,26.67,2383.9,1,0.45,0.644,84.7,91.7,147.1,76.7,109.3,0.037,0.013,46.5,53.5,51.0,0
Sikkim,42.63,2373.7,3,3.96,0.651,44.5,7.9,19.3,17.5,26.4,0.04,0.022,61.6,11.3,28.9,0
Meghalaya,35.15,1974.1,2,22.78,0.392,70.3,62.7,124.3,45.8,75.1,0.021,0.004,69.1,34.8,46.8,0
Arunachal Pradesh,34.32,3951.3,2,3.69,0.768,10.4,10.3,14.6,34.3,47.8,0.006,0.003,65.0,13.4,31.4,0
Sikkim,56.58,2480.6,2,3.55,0.734,68.3,1.8,3.2,25.4,34.0,0.08,0.053,90.3,5.6,35.2,0
Arunachal Pradesh,38.05,2731.1,2,0.19,0.646,81.9,29.8,58.5,45.6,55.6,0.055,0.001,78.2,24.1,43.0,1
Arunachal Pradesh,22.29,2430.0,1,0.67,0.756,80.5,49.9,100.5,60.5,101.5,0.01,0.015,45.1,38.0,40.5,0
Sikkim,46.98,3803.1,2,3.24,0.462,43.9,6.0,9.8,28.7,40.7,0.016,0.015,86.1,12.9,38.5,0
Arunachal Pradesh,44.7,4126.7,2,18.95,0.778,90.4,41.9,94.7,48.5,80.1,0.011,0.0,68.3,33.4,45.6,0
Meghalaya,38.4,1352.0,1,9.42,0.512,57.5,83.5,215.9,92.6,117.4,1.815,0.01,43.6,66.5,58.5,0
Mizoram,25.09,1747.9,3,1.87,0.582,81.8,160.9,380.2,99.0,150.4,0.864,0.012,55.2,90.1,77.9,1
Nagaland,33.49,1820.5,2,3.52,0.787,21.3,25.1,63.3,58.0,83.5,0.028,0.046,63.2,32.2,43.1,0
Arunachal Pradesh,37.91,4071.7,2,3.62,0.31,21.0,31.1,58.7,32.1,47.6,0.123,0.002,74.5,15.7,36.3,0
Arunachal Pradesh,36.52,2179.8,2,5.2,0.779,75.4,80.1,206.7,80.3,140.9,0.247,0.027,65.2,56.0,59.2,0
Arunachal Pradesh,49.38,2499.9,2,5.24,0.348,64.7,66.4,93.5,50.3,62.3,0.035,0.017,81.4,39.0,53.8,1
Mizoram,32.14,1507.1,3,7.02,0.733,67.6,66.0,168.9,79.4,115.2,0.225,0.04,57.6,51.2,53.5,0
Mizoram,29.2,1535.4,1,0.11,0.64,23.7,51.1,73.6,40.7,69.1,0.003,0.001,43.6,24.9,31.4,0
Arunachal Pradesh,34.52,2644.7,2,12.95,0.543,40.0,43.3,99.7,68.5,107.6,0.014,0.011,60.5,39.0,46.5,0
Assam,13.66,424.5,1,0.33,0.735,25.8,32.0,54.0,44.5,79.6,0.115,0.016,30.1,27.3,28.3,0
Arunachal Pradesh,38.98,3044.7,3,2.91,0.76,6.8,20.8,43.4,25.5,42.0,0.007,0.003,57.5,19.2,32.6,0
Meghalaya,41.99,1994.2,2,11.34,0.639,20.4,32.4,63.7,51.3,64.4,0.04,0.004,60.3,29.8,40.4,0
Mizoram,29.74,1799.5,3,3.01,0.768,99.5,239.8,657.3,99.0,141.3,0.297,0.017,52.6,93.9,79.5,1
Manipur,21.61,491.9,2,0.3,0.511,23.4,153.9,285.1,99.0,138.3,0.24,0.018,67.2,80.7,75.9,1
Mizoram,30.68,1482.1,3,1.17,0.506,15.9,190.8,444.7,99.0,147.9,0.37,0.003,63.2,90.2,80.8,1
Nagaland,31.4,1297.6,2,3.89,0.43,69.7,6.9,14.7,5.0,7.9,0.037,0.013,69.5,7.3,29.1,0
Sikkim,45.11,3577.6,3,0.41,0.698,60.2,26.2,50.5,44.8,60.5,0.048,0.003,74.6,26.3,43.2,0
Nagaland,24.53,1142.7,1,2.48,0.668,74.6,10.1,23.2,20.7,32.6,0.026,0.001,42.2,13.0,23.2,0
Arunachal Pradesh,25.45,2165.5,2,1.8,0.641,65.4,20.4,32.6,33.1,45.0,0.006,0.032,66.9,18.6,35.5,0
Manipur,26.35,108.1,3,7.6,0.776,22.3,70.2,170.2,58.8,74.9,0.135,0.002,42.8,46.0,44.9,0
Meghalaya,28.27,1657.0,2,0.53,0.658,50.1,78.4,174.1,83.4,125.7,1.487,0.003,62.1,57.9,59.3,0
Nagaland,29.28,1033.2,1,5.17,0.764,17.7,1.5,3.6,25.7,38.3,0.033,0.018,34.9,8.0,17.4,0
Meghalaya,49.22,1217.3,3,2.35,0.328,25.4,137.9,338.8,99.0,143.0,1.577,0.006,73.5,83.0,79.6,1
Mizoram,37.47,849.1,2,3.99,0.627,98.7,92.5,191.1,95.5,145.1,0.441,0.015,77.0,64.1,68.6,0
Meghalaya,25.95,1914.8,1,1.04,0.395,72.9,105.9,210.3,93.5,140.3,0.122,0.001,50.7,66.9,61.2,0
Nagaland,39.95,1404.4,2,4.23,0.538,78.3,86.1,223.6,88.0,136.5,0.935,0.017,76.8,63.6,68.2,1
Arunachal Pradesh,44.86,3425.2,2,5.04,0.741,3.0,30.9,82.8,39.3,70.0,0.013,0.015,70.3,25.9,41.4,0
Arunachal Pradesh,12.98,2238.5,3,0.33,0.68,38.2,8.3,16.5,5.1,8.3,0.03,0.067,45.6,3.1,18.0,0
Sikkim,39.29,2382.8,2,7.83,0.619,55.5,22.8,61.5,40.3,69.3,0.109,0.024,66.2,21.2,36.9,0
Arunachal Pradesh,29.3,2694.7,2,8.89,0.299,15.0,6.1,16.3,21.9,32.8,0.043,0.106,55.8,15.5,29.6,0
Manipur,19.47,658.3,2,0.3,0.497,84.9,225.3,356.3,99.0,159.9,0.001,0.035,65.1,95.7,85.0,1
Arunachal Pradesh,56.79,2969.3,2,4.16,0.512,14.0,39.2,80.3,34.0,42.2,0.015,0.066,80.0,24.3,43.8,0
Tripura,25.29,580.8,3,4.06,0.687,63.7,109.4,276.6,99.0,167.1,1.595,0.046,49.7,80.3,69.6,1
Sikkim,46.73,3333.0,3,0.1,0.729,55.3,95.1,153.0,63.4,112.0,0.092,0.061,70.8,50.6,57.7,1
Arunachal Pradesh,36.41,2614.5,2,1.89,0.606,84.9,3.8,6.5,24.2,43.2,0.013,0.024,75.3,4.0,29.0,0
Nagaland,39.23,1869.9,1,15.62,0.719,31.2,117.7,256.0,99.0,129.8,0.128,0.003,35.0,72.5,59.4,0
Mizoram,26.95,2049.0,3,3.65,0.405,28.4,5.0,7.9,30.7,54.6,0.021,0.048,51.5,11.8,25.7,0
Meghalaya,32.97,843.1,1,12.18,0.385,84.6,57.0,106.6,42.2,64.4,0.003,0.014,39.3,32.7,35.0,0
Meghalaya,37.82,2134.4,1,5.07,0.718,22.1,46.6,98.9,45.9,78.5,0.112,0.014,45.1,33.8,37.8,0
Mizoram,37.59,875.8,1,0.13,0.783,74.6,68.7,172.3,87.9,145.0,0.345,0.016,50.6,54.3,53.0,0
Sikkim,25.89,2392.7,1,0.36,0.769,19.1,37.4,60.7,38.7,67.5,0.112,0.005,39.1,23.3,28.8,0
Tripura,31.47,181.3,3,5.76,0.727,87.6,19.4,46.7,47.7,74.9,0.046,0.005,52.2,23.1,33.3,0
Tripura,14.58,194.1,2,3.64,0.672,83.9,14.4,39.4,36.2,50.5,0.069,0.017,56.3,19.8,32.6,0
Mizoram,50.89,1657.5,3,0.61,0.61,78.7,243.3,411.1,99.0,164.0,0.629,0.03,78.3,93.2,88.0,1
Arunachal Pradesh,45.34,3944.5,1,4.28,0.718,49.1,26.2,45.0,37.7,51.8,0.003,0.002,49.2,20.2,30.3,0
Mizoram,37.38,1373.3,2,7.48,0.813,3.4,83.1,207.6,81.2,110.4,0.607,0.027,60.1,58.5,59.0,1
Arunachal Pradesh,30.99,2675.6,3,6.29,0.689,13.2,57.8,91.8,40.6,52.9,0.053,0.004,52.4,32.3,39.3,0
Arunachal Pradesh,33.81,2585.1,3,1.27,0.809,45.7,48.0,98.9,63.0,78.6,0.009,0.011,57.8,35.9,43.5,0
Sikkim,53.36,3525.0,3,1.34,0.806,4.4,158.7,314.1,99.0,166.6,0.471,0.001,68.2,87.6,80.8,1
Meghalaya,43.49,1513.8,1,15.47,0.448,6.3,37.5,79.4,54.8,75.6,0.061,0.019,41.0,27.1,32.0,0
Manipur,19.04,141.9,3,9.83,0.69,12.6,59.4,126.4,78.8,113.3,0.006,0.038,31.9,48.8,42.9,0
Nagaland,30.3,1787.2,2,1.72,0.58,26.1,85.3,186.0,79.4,132.3,0.033,0.012,62.9,58.6,60.1,0
Nagaland,30.49,2099.9,2,7.82,0.673,74.9,64.9,165.2,80.8,98.7,1.348,0.039,64.1,56.9,59.4,0
Meghalaya,40.0,1626.4,2,0.79,0.544,4.8,252.1,504.0,99.0,138.4,2.6,0.024,69.3,97.3,87.5,1
Sikkim,46.77,2301.4,2,0.99,0.622,98.4,170.8,290.6,99.0,173.5,0.178,0.027,83.6,87.7,86.2,1
Sikkim,41.3,2456.5,3,0.9,0.673,27.4,54.6,136.4,49.9,66.0,0.051,0.009,68.5,30.5,43.8,0
Tripura,20.89,468.9,2,0.41,0.658,32.0,138.2,382.9,99.0,123.8,2.309,0.008,59.5,87.4,77.6,0
Arunachal Pradesh,36.54,4175.2,1,8.68,0.596,24.8,64.8,102.2,47.0,83.7,0.002,0.003,31.2,34.7,33.5,0
Manipur,35.5,576.8,2,3.89,0.412,60.2,11.7,20.7,32.3,51.9,0.022,0.017,71.4,17.8,36.6,0
Meghalaya,22.69,1250.4,2,1.35,0.751,1.9,20.2,56.0,34.2,57.9,0.012,0.088,61.8,22.0,35.9,1
Meghalaya,29.37,1887.5,2,8.5,0.439,9.4,164.5,281.3,99.0,128.5,0.567,0.015,61.1,83.1,75.4,1
Nagaland,34.21,1676.2,2,7.3,0.579,9.9,39.7,79.1,42.2,51.0,0.057,0.015,63.9,26.8,39.8,0
Meghalaya,21.45,2003.6,1,0.48,0.76,66.5,41.6,63.1,41.9,64.4,0.016,0.009,45.2,26.1,32.8,0
Manipur,16.66,730.2,2,4.65,0.791,33.0,69.8,127.5,62.4,99.6,0.149,0.006,50.5,38.2,42.5,0
Manipur,33.16,182.0,3,5.76,0.782,43.7,88.4,155.8,64.1,85.6,0.137,0.073,55.1,48.3,50.7,1
Meghalaya,38.69,1463.5,2,5.66,0.669,95.0,103.9,284.6,99.0,119.9,0.48,0.011,73.8,77.5,76.2,1
Sikkim,33.2,3285.5,2,5.78,0.678,20.0,120.3,192.0,79.5,141.7,0.038,0.003,62.7,63.2,63.0,0
Mizoram,27.85,2075.8,3,0.84,0.723,7.0,146.1,267.9,99.0,140.5,1.244,0.007,51.8,81.2,70.9,1
Manipur,12.06,683.9,1,1.7,0.731,44.1,0.6,0.9,30.9,50.4,0.017,0.026,31.5,13.1,19.5,0
Arunachal Pradesh,34.29,3852.2,3,8.37,0.587,16.4,133.2,311.9,99.0,146.8,0.139,0.064,48.2,81.0,69.5,0
Mizoram,35.98,1551.2,2,10.29,0.745,14.5,20.0,55.6,29.6,40.0,0.021,0.006,58.7,16.8,31.5,0
Mizoram,34.68,1852.6,3,1.47,0.722,41.0,33.5,54.1,33.0,58.5,0.032,0.013,59.2,23.1,35.8,0
Nagaland,29.3,1345.4,1,0.1,0.485,67.0,4.8,10.8,36.6,56.0,0.016,0.007,53.6,12.1,26.6,0
Arunachal Pradesh,30.22,2880.5,1,8.84,0.592,24.3,24.0,38.8,23.4,32.8,0.047,0.008,26.2,17.6,20.6,0
Mizoram,30.71,1300.7,2,2.13,0.538,87.6,40.9,70.3,38.1,62.5,0.12,0.002,75.4,27.5,44.3,0
Manipur,18.76,361.7,2,1.8,0.771,36.2,220.3,475.6,99.0,155.7,1.355,0.018,57.9,93.8,81.2,1
Arunachal Pradesh,44.88,4098.2,3,1.92,0.715,93.4,65.4,178.6,75.0,121.7,0.007,0.006,77.3,48.7,58.8,1
Sikkim,39.96,3264.7,1,2.42,0.626,49.2,23.4,48.2,39.8,67.6,0.002,0.005,50.6,23.4,32.9,0
Tripura,20.56,287.5,2,2.14,0.841,72.7,114.5,232.6,88.4,114.7,0.268,0.003,57.1,66.0,62.9,1
Arunachal Pradesh,48.56,2916.7,1,3.76,0.427,84.9,1.7,2.7,21.3,26.4,0.053,0.012,56.5,3.9,22.3,0
Manipur,29.78,297.9,3,0.37,0.634,53.0,3.9,8.5,12.5,18.4,0.051,0.01,61.0,8.6,26.9,0
Meghalaya,34.59,1315.6,3,16.02,0.73,85.0,92.7,189.7,84.2,102.1,0.966,0.028,52.6,59.2,56.9,0
Sikkim,41.37,2698.7,2,12.4,0.706,37.8,73.8,137.8,69.5,92.1,0.022,0.011,59.2,44.6,49.7,0
Manipur,19.3,779.6,1,12.26,0.769,36.3,1.0,2.3,22.1,28.7,0.009,0.058,21.5,12.9,15.9,0
Meghalaya,26.14,1600.6,2,9.51,0.564,79.4,96.4,175.2,66.1,109.7,0.032,0.012,60.3,49.3,53.1,1
Meghalaya,38.27,2052.0,1,4.86,0.763,24.1,42.8,114.1,64.8,108.3,0.034,0.014,42.6,39.7,40.7,1
Sikkim,43.75,2079.0,1,1.12,0.378,71.7,151.9,398.1,99.0,126.7,1.209,0.05,63.6,86.7,78.6,1
Mizoram,31.74,903.8,2,0.23,0.514,7.7,31.4,65.4,55.4,76.8,0.073,0.002,68.5,28.3,42.4,0
Arunachal Pradesh,39.99,2532.4,3,0.47,0.778,63.6,7.3,19.6,17.3,28.1,0.013,0.01,67.1,7.4,28.3,0
Sikkim,47.9,4023.3,3,1.76,0.429,94.2,93.2,255.9,90.1,119.1,0.303,0.004,76.8,61.4,66.8,1
Assam,28.11,501.5,2,3.15,0.382,45.6,26.9,39.0,27.5,38.7,0.047,0.015,70.0,17.9,36.1,0
Sikkim,17.9,3025.0,2,22.49,0.592,41.6,63.1,163.6,85.5,121.4,1.661,0.035,45.5,57.0,53.0,1
Mizoram,27.61,2034.9,3,2.57,0.381,54.1,75.4,148.0,99.0,123.1,0.231,0.044,62.7,57.5,59.3,1
Sikkim,37.65,2699.9,2,3.35,0.76,72.0,60.9,170.0,69.9,92.2,0.04,0.001,67.1,42.9,51.4,1
Nagaland,24.6,804.7,2,5.35,0.726,35.9,29.1,54.8,54.8,72.9,0.046,0.009,56.3,24.9,35.9,0
Arunachal Pradesh,40.22,2162.3,3,0.9,0.69,0.0,49.0,125.9,55.4,90.7,0.027,0.009,59.3,38.5,45.7,0
Assam,16.53,918.0,1,12.15,0.825,50.2,15.8,26.9,23.3,32.0,0.025,0.026,17.7,11.8,13.9,0
Meghalaya,34.07,1101.0,1,3.39,0.745,41.9,198.3,535.8,99.0,162.9,0.029,0.035,46.6,90.6,75.2,1
Sikkim,33.33,1537.8,2,1.45,0.557,53.3,8.3,20.2,20.7,31.2,0.007,0.008,77.9,6.8,31.7,0
Arunachal Pradesh,33.66,3583.9,1,12.31,0.558,71.5,57.9,104.0,46.5,58.0,0.004,0.013,40.0,32.6,35.2,0
Arunachal Pradesh,40.44,2008.1,2,4.42,0.542,28.3,7.6,17.9,27.5,36.6,0.047,0.002,70.9,6.4,29.0,0
Meghalaya,38.61,1199.4,2,2.97,0.539,50.5,14.8,29.8,31.6,38.7,0.048,0.002,72.0,13.3,33.8,0
Sikkim,43.21,2167.8,2,3.91,0.47,25.3,200.4,521.7,99.0,176.2,1.484,0.026,74.9,93.7,87.1,1
Nagaland,31.77,1824.3,3,6.21,0.816,45.9,58.8,82.8,29.4,49.8,0.019,0.035,52.5,28.8,37.1,0
Meghalaya,19.54,1438.3,1,0.76,0.816,34.5,6.0,12.8,31.0,42.2,0.031,0.006,29.3,10.4,17.0,0
Sikkim,33.47,1692.3,2,9.01,0.666,36.9,172.7,406.5,99.0,139.7,2.324,0.016,56.6,98.4,83.7,1
Mizoram,27.54,1815.6,1,14.43,0.788,57.9,10.3,20.1,22.6,36.8,0.046,0.015,35.1,17.2,23.5,0
Mizoram,37.19,895.7,2,3.77,0.411,69.0,162.5,335.1,99.0,145.9,0.888,0.043,73.8,89.6,84.0,1
Arunachal Pradesh,39.34,4113.2,3,5.16,0.823,1.3,41.6,72.2,54.4,84.8,0.016,0.001,55.4,31.0,39.5,0
Arunachal Pradesh,39.66,2790.3,2,8.84,0.473,87.7,0.2,0.3,39.4,48.0,0.055,0.02,66.6,14.7,32.9,0
Arunachal Pradesh,31.24,1997.8,1,2.11,0.698,36.4,10.5,28.3,10.6,18.6,0.021,0.008,39.7,7.9,19.0,0
Nagaland,41.8,1420.3,2,22.22,0.742,64.4,11.7,22.8,5.8,7.8,0.018,0.029,66.3,7.6,28.1,0
Mizoram,33.32,1677.0,2,5.13,0.785,12.2,12.8,35.6,38.6,61.6,0.05,0.003,59.6,17.4,32.2,0
Meghalaya,26.04,1553.3,1,2.48,0.768,57.1,172.8,354.5,99.0,175.2,0.3,0.023,41.4,87.4,71.3,0
Manipur,15.28,599.5,2,5.09,0.556,67.8,10.4,23.5,40.8,65.1,0.015,0.042,58.5,19.5,33.1,0
Nagaland,34.33,1202.1,2,3.32,0.701,15.7,24.0,33.7,25.1,41.4,0.108,0.036,68.6,16.6,34.8,0
Mizoram,25.8,815.6,3,0.53,0.753,91.2,8.6,14.2,21.5,38.2,0.021,0.061,62.1,8.3,27.1,0
Manipur,16.25,318.1,3,7.15,0.699,75.7,156.3,296.6,90.9,145.9,0.114,0.003,42.7,85.1,70.3,1
Arunachal Pradesh,28.64,2874.3,3,3.74,0.652,53.4,37.8,70.4,42.8,64.3,0.112,0.02,57.7,26.6,37.5,0
Arunachal Pradesh,44.22,3897.1,3,7.15,0.363,16.6,158.3,381.1,99.0,150.3,0.458,0.001,61.2,87.7,78.4,1
Sikkim,30.65,2505.7,3,0.76,0.543,86.6,280.0,607.0,99.0,121.3,3.457,0.015,59.1,96.6,83.5,1
Arunachal Pradesh,51.51,2730.5,3,3.48,0.597,6.9,99.1,168.8,77.5,96.9,0.002,0.013,69.0,54.8,59.8,1
Meghalaya,35.21,1309.8,1,6.55,0.593,11.5,10.9,24.5,32.3,49.6,0.044,0.004,41.2,14.9,24.1,0
Assam,13.37,867.1,2,20.02,0.598,69.8,280.0,443.4,99.0,150.7,0.48,0.001,42.6,89.2,72.9,0
Arunachal Pradesh,43.13,2483.3,3,9.71,0.596,25.4,2.7,7.0,23.4,35.2,0.14,0.043,53.7,13.5,27.5,0
Arunachal Pradesh,49.91,2066.8,2,8.99,0.666,45.9,74.8,183.3,58.9,75.6,0.202,0.018,68.9,46.1,54.1,1
Meghalaya,31.47,1114.7,1,1.28,0.789,53.9,105.2,198.3,87.2,153.3,0.612,0.012,50.3,66.3,60.7,0
Assam,29.23,275.7,2,8.19,0.195,45.8,49.2,72.2,36.1,63.0,0.05,0.011,61.4,30.9,41.6,0
Sikkim,42.06,2118.3,2,0.83,0.56,8.4,28.9,72.1,36.3,50.1,0.015,0.02,77.6,19.5,39.8,0
Meghalaya,27.96,1537.3,2,0.99,0.55,73.7,82.2,143.1,87.0,125.3,0.742,0.008,69.4,54.0,59.4,1
Arunachal Pradesh,56.82,3868.3,2,0.52,0.716,24.0,59.1,104.2,46.6,66.7,0.002,0.026,84.6,35.0,52.4,1
Arunachal Pradesh,26.54,3842.9,2,8.77,0.721,73.9,131.2,263.0,85.5,114.1,0.301,0.004,52.3,69.0,63.1,0
Tripura,18.07,483.8,3,0.52,0.799,86.5,49.2,110.9,52.5,73.4,0.018,0.005,53.1,32.4,39.6,0
Assam,19.81,645.6,3,0.67,0.573,53.6,11.0,15.9,28.2,50.6,0.059,0.047,55.6,11.0,26.6,0
Arunachal Pradesh,54.86,1916.0,3,1.27,0.632,70.6,100.4,256.7,99.0,152.7,0.731,0.009,84.2,68.2,73.8,1
Assam,24.54,681.9,3,3.83,0.66,3.7,4.0,5.7,22.5,39.2,0.135,0.03,38.1,9.5,19.5,0
Mizoram,36.0,1274.7,2,9.55,0.461,3.7,5.4,8.9,27.1,44.5,0.021,0.001,61.4,10.4,28.3,0
Manipur,15.66,738.9,2,2.44,0.558,19.7,115.7,198.7,75.1,129.6,0.059,0.014,57.1,63.7,61.4,0
Meghalaya,31.21,1787.0,1,3.56,0.753,35.8,218.0,564.3,99.0,140.5,0.499,0.012,42.3,90.7,73.8,1
Meghalaya,28.11,1117.6,3,0.82,0.74,18.3,50.7,123.9,72.0,114.1,0.057,0.001,48.2,47.4,47.7,0
Meghalaya,35.75,1622.6,1,1.39,0.795,63.5,55.5,125.1,62.0,88.2,0.027,0.025,45.7,40.1,42.1,0
Mizoram,40.46,1295.0,3,0.65,0.804,27.7,68.7,130.4,63.0,106.5,0.095,0.008,64.6,43.4,50.8,0
Arunachal Pradesh,59.3,2775.6,2,2.37,0.713,84.6,98.9,215.1,63.8,105.9,0.048,0.031,97.9,54.8,69.9,1
Arunachal Pradesh,34.16,3385.4,3,4.02,0.716,56.1,116.6,171.5,90.8,151.4,0.248,0.006,56.7,58.7,58.0,0
Sikkim,26.33,2077.6,2,1.5,0.385,37.8,41.7,109.1,47.0,61.9,0.091,0.007,63.0,36.8,46.0,0
Mizoram,29.86,808.1,3,8.42,0.403,89.3,162.0,383.7,99.0,169.8,0.005,0.002,54.8,85.6,74.8,1
Arunachal Pradesh,46.91,3644.2,2,17.89,0.696,82.8,33.6,78.3,74.0,133.1,0.218,0.005,71.8,38.2,50.0,0
Mizoram,26.13,1083.5,2,0.58,0.774,82.0,10.5,29.3,33.9,57.5,0.012,0.062,72.4,21.1,39.1,0
Assam,20.02,925.3,2,0.1,0.568,72.8,3.0,6.4,8.3,12.4,0.01,0.02,62.8,1.0,22.6,0
Arunachal Pradesh,42.97,3408.3,3,7.02,0.66,61.4,117.0,175.8,95.3,131.8,0.973,0.033,56.5,68.7,64.4,0
Mizoram,28.97,1108.0,2,0.95,0.748,36.7,168.4,289.5,99.0,126.5,0.579,0.002,64.3,89.2,80.5,1
Meghalaya,33.62,812.3,3,1.96,0.48,42.3,0.3,0.4,5.9,8.6,0.011,0.013,62.4,1.7,22.9,0
Manipur,14.44,808.0,3,2.26,0.559,64.7,155.6,422.8,99.0,134.8,0.409,0.0,48.9,85.7,72.8,1
Arunachal Pradesh,48.95,2415.1,3,11.18,0.797,17.3,98.2,155.1,82.7,120.7,0.64,0.002,55.8,57.2,56.7,1
Mizoram,30.36,1042.7,2,4.84,0.669,82.8,94.3,135.0,69.6,85.8,0.029,0.004,72.7,49.1,57.4,0
Nagaland,33.41,1277.2,2,0.19,0.736,93.9,55.4,101.0,52.3,71.9,0.003,0.022,77.7,32.4,48.2,0
Assam,9.53,787.3,1,0.1,0.768,9.8,81.9,128.7,83.1,147.6,1.058,0.015,21.8,55.8,43.9,0
Mizoram,24.61,935.7,3,1.0,0.52,2.2,33.9,76.8,41.1,52.3,0.083,0.037,53.2,25.4,35.2,0
Meghalaya,39.07,893.5,3,1.72,0.74,14.3,207.4,355.4,99.0,123.2,0.775,0.012,54.2,87.6,75.9,1
Mizoram,28.88,2119.3,3,2.98,0.675,76.0,1.9,5.0,33.1,53.4,0.015,0.018,60.5,13.9,30.2,0
Manipur,14.71,798.8,2,8.19,0.69,10.8,14.0,22.4,12.0,20.3,0.004,0.02,44.6,7.1,20.2,0
Meghalaya,21.9,1634.3,1,1.7,0.774,37.2,5.0,8.1,22.6,28.5,0.059,0.002,29.6,8.9,16.1,0
Arunachal Pradesh,48.76,1818.5,3,2.13,0.55,6.3,164.2,369.5,99.0,175.6,1.583,0.041,71.2,92.1,84.8,1
Assam,24.26,849.9,1,1.8,0.659,43.3,66.2,100.3,49.6,60.6,0.032,0.013,35.0,29.6,31.5,0
Mizoram,36.47,2045.6,3,0.1,0.651,60.4,280.0,411.8,99.0,170.8,2.667,0.023,68.7,100.0,89.1,1
Mizoram,43.88,1780.4,2,13.98,0.437,62.9,7.6,12.6,15.7,26.7,0.114,0.012,69.3,10.7,31.2,0
Arunachal Pradesh,35.27,2833.9,2,0.67,0.671,51.9,113.0,241.5,99.0,158.5,0.25,0.017,74.4,74.6,74.5,1
Mizoram,22.47,877.3,3,1.53,0.735,93.8,6.7,14.5,24.7,39.1,0.135,0.013,56.0,12.9,28.0,0
Sikkim,38.52,1569.2,1,0.62,0.65,53.1,156.0,302.4,99.0,165.3,1.098,0.022,53.9,88.0,76.1,1
Mizoram,45.48,2094.6,2,3.03,0.676,85.9,17.4,35.7,25.7,32.0,0.053,0.002,74.0,19.0,38.2,0
Arunachal Pradesh,38.69,2118.1,3,12.11,0.669,99.3,14.0,28.5,22.5,32.0,0.029,0.021,53.2,12.5,26.8,0
Mizoram,40.25,970.3,2,0.48,0.748,23.0,134.1,273.7,99.0,124.3,0.075,0.03,80.1,78.0,78.7,1
Tripura,12.03,556.0,3,2.62,0.611,26.6,5.8,10.3,26.4,34.1,0.133,0.001,45.0,13.5,24.5,0
Arunachal Pradesh,31.69,4109.3,3,0.1,0.825,52.2,19.3,31.6,42.1,71.4,0.078,0.017,58.6,19.6,33.2,0
Tripura,25.66,685.8,1,6.63,0.746,18.2,7.0,13.7,24.1,39.1,0.04,0.002,30.0,9.6,16.7,0
Sikkim,39.54,2783.2,1,4.61,0.744,56.4,164.8,337.6,99.0,140.6,0.937,0.006,37.4,88.7,70.8,1
Manipur,19.44,881.8,2,5.41,0.693,68.4,15.1,41.3,39.5,57.0,0.033,0.006,60.5,17.1,32.3,0
Nagaland,40.14,1208.2,2,2.88,0.711,6.0,14.1,34.5,21.5,34.5,0.044,0.047,68.3,15.9,34.3,0
Meghalaya,38.5,2113.0,2,10.72,0.768,68.1,45.3,118.0,43.3,68.5,0.011,0.005,65.4,30.3,42.6,0
Nagaland,33.46,875.1,3,2.37,0.556,15.9,107.3,208.2,90.6,135.2,0.187,0.006,57.9,62.8,61.1,1
Manipur,5.87,663.3,1,3.25,0.646,29.9,47.7,105.0,52.6,86.7,0.011,0.011,18.7,33.3,28.2,1
Sikkim,38.16,3642.7,2,5.35,0.72,73.9,27.2,66.4,35.7,47.4,0.163,0.002,66.8,22.3,37.9,0
Sikkim,41.79,3413.6,1,3.31,0.597,16.4,9.2,15.2,24.9,34.4,0.029,0.01,51.1,7.4,22.7,0
Mizoram,19.94,988.2,1,0.94,0.715,53.2,30.0,61.2,34.8,43.2,0.028,0.018,39.7,18.3,25.8,0
Nagaland,34.87,2129.4,2,1.72,0.802,58.9,280.0,528.5,99.0,152.9,0.392,0.003,71.7,87.3,81.8,1
Nagaland,40.5,1275.3,3,0.44,0.779,16.4,82.1,178.0,88.0,145.7,2.944,0.054,64.8,68.0,66.9,1
Nagaland,32.11,920.1,1,2.55,0.813,27.5,243.4,440.4,99.0,150.0,0.175,0.008,38.2,85.1,68.7,1
Meghalaya,25.09,2157.3,2,4.23,0.728,60.6,117.2,222.3,87.3,124.0,1.135,0.008,63.1,75.2,71.0,1
Nagaland,16.21,892.2,2,0.57,0.732,46.1,77.3,198.2,86.4,114.0,0.061,0.012,55.3,59.9,58.3,0
Arunachal Pradesh,41.66,3179.9,1,4.48,0.642,66.0,18.3,45.6,35.8,55.0,0.169,0.006,49.2,16.2,27.8,0
Meghalaya,20.67,2074.3,2,10.05,0.599,85.5,58.9,116.0,54.6,70.0,0.107,0.023,53.5,37.7,43.2,0
Arunachal Pradesh,43.35,2321.1,3,1.85,0.6,13.5,22.4,34.4,18.7,28.6,0.001,0.009,68.4,12.9,32.4,0
Sikkim,53.84,1770.6,2,1.13,0.716,7.1,25.3,45.5,31.8,41.7,0.056,0.007,83.7,18.7,41.4,0
Sikkim,19.8,4016.8,1,10.06,0.739,66.7,93.0,225.5,87.8,110.4,1.624,0.002,23.3,72.2,55.1,0
Sikkim,32.05,2545.7,2,5.3,0.813,77.1,152.4,374.6,99.0,176.1,0.124,0.025,66.9,85.9,79.2,1
Mizoram,30.53,1640.3,2,0.5,0.805,44.9,15.8,29.4,29.7,36.7,0.04,0.016,67.1,14.7,33.0,0
Sikkim,54.45,1649.8,1,2.36,0.753,39.4,120.0,325.8,99.0,171.2,2.56,0.064,54.7,84.2,73.9,1
Meghalaya,32.95,1198.4,1,5.05,0.637,59.7,54.1,113.8,54.6,96.9,0.041,0.004,44.6,36.6,39.4,0
Sikkim,34.29,3153.0,1,3.84,0.667,55.1,3.0,7.9,27.1,43.7,0.02,0.006,44.4,11.5,23.0,0
Sikkim,46.91,1912.8,1,4.34,0.746,49.0,5.8,12.5,38.8,69.1,0.07,0.045,52.4,12.9,26.7,0
Sikkim,34.73,2888.8,2,3.77,0.734,81.9,39.0,55.2,32.1,53.0,0.223,0.078,67.7,25.4,40.2,0
Arunachal Pradesh,31.52,3089.7,2,7.2,0.612,17.4,72.1,111.1,59.3,77.6,0.004,0.003,55.0,37.7,43.8,0
Mizoram,36.29,1652.3,2,1.74,0.645,68.1,70.8,109.6,54.3,83.3,0.007,0.003,73.2,39.3,51.2,0
Mizoram,39.96,1376.5,3,5.55,0.479,74.1,24.9,59.9,43.8,71.4,0.044,0.065,65.8,29.6,42.3,0
Mizoram,14.44,1979.0,2,21.24,0.575,90.1,13.5,35.1,29.4,45.7,0.072,0.067,54.6,13.0,27.5,0
Meghalaya,26.62,1122.0,3,2.22,0.643,94.5,69.7,149.0,63.9,92.8,0.072,0.037,61.8,45.5,51.2,1
Sikkim,39.86,3819.4,2,7.05,0.773,50.8,129.8,336.9,99.0,138.4,0.888,0.017,61.5,83.7,75.9,1
Manipur,19.0,169.1,1,1.27,0.79,43.4,26.4,50.8,37.4,65.3,0.171,0.029,38.3,22.9,28.3,0
Meghalaya,31.92,1652.9,2,1.49,0.537,50.4,6.6,10.3,5.0,8.5,0.053,0.03,67.7,1.9,24.9,0
Meghalaya,25.15,1184.9,3,12.29,0.56,73.3,42.3,74.6,56.9,97.5,0.032,0.01,47.9,35.4,39.8,0
Arunachal Pradesh,43.9,2377.0,1,0.12,0.665,1.7,3.3,5.2,31.2,44.6,0.042,0.02,51.5,7.3,22.7,0
Sikkim,51.47,1568.5,1,1.1,0.699,17.4,42.5,112.3,58.1,84.7,0.083,0.056,52.6,33.2,40.0,1
Sikkim,31.28,3753.1,2,2.97,0.507,90.8,8.5,14.8,18.3,32.7,0.116,0.01,78.1,5.9,31.2,0
Sikkim,43.89,2634.8,2,2.31,0.617,19.5,124.6,305.3,99.0,170.5,0.734,0.006,79.0,84.9,82.8,1
Mizoram,39.15,2009.1,2,4.46,0.53,22.8,44.2,66.3,50.5,80.9,0.045,0.029,72.8,30.6,45.3,0
Meghalaya,33.48,1320.1,1,0.96,0.431,93.9,26.6,66.2,49.5,68.6,0.004,0.057,52.0,32.2,39.1,0
Mizoram,36.53,1406.3,2,0.33,0.747,29.4,79.0,120.1,48.0,68.0,0.065,0.017,75.8,44.3,55.3,1
Nagaland,27.21,1068.9,2,2.07,0.681,29.0,21.1,57.6,59.6,96.8,0.071,0.02,58.4,32.4,41.5,0
Nagaland,42.61,1235.5,2,3.34,0.76,92.4,7.6,17.4,27.3,33.4,0.005,0.007,76.7,14.4,36.2,1
Mizoram,40.03,1248.0,2,3.71,0.756,37.5,28.1,65.8,32.0,56.1,0.019,0.01,68.1,21.3,37.7,0
Assam,27.65,152.3,2,4.14,0.659,49.4,149.0,350.7,99.0,137.5,0.072,0.016,58.1,83.3,74.5,1
Arunachal Pradesh,28.35,4008.6,2,3.58,0.648,56.0,171.2,305.5,99.0,137.6,0.393,0.042,62.8,90.6,80.9,1
Arunachal Pradesh,42.33,2103.2,1,1.27,0.815,86.8,143.0,288.9,99.0,118.9,2.456,0.043,52.2,91.3,77.6,1
Arunachal Pradesh,32.76,1718.3,2,6.51,0.328,7.8,12.5,33.4,34.4,54.9,0.009,0.021,60.2,16.7,32.0,0
Mizoram,43.32,1579.9,1,0.41,0.471,26.1,29.7,50.2,37.8,57.1,0.046,0.017,56.2,25.3,36.1,0
Manipur,15.38,867.7,2,0.99,0.586,58.7,47.9,102.5,68.6,102.2,0.073,0.016,54.1,43.8,47.4,1
Sikkim,40.14,2810.5,2,6.05,0.636,43.5,117.6,217.8,88.8,129.2,1.682,0.0,64.9,72.3,69.7,0
Assam,8.18,418.5,1,1.48,0.634,27.8,42.8,105.6,52.8,72.7,0.1,0.021,20.1,35.5,30.1,0
Arunachal Pradesh,40.1,3275.2,2,3.06,0.721,41.0,81.4,165.9,80.5,117.0,0.059,0.005,71.6,50.3,57.8,1
Assam,13.25,275.2,1,1.78,0.727,96.6,154.0,289.5,99.0,119.1,1.456,0.007,32.8,85.0,66.7,1
Sikkim,42.78,2165.9,1,3.18,0.806,2.1,4.8,10.7,36.1,49.8,0.006,0.064,43.5,12.0,23.0,0
Arunachal Pradesh,36.83,3304.6,2,1.92,0.814,14.7,100.1,154.9,68.2,119.7,0.012,0.006,70.1,50.5,57.4,0
Meghalaya,29.51,2112.5,3,23.18,0.648,1.9,10.0,21.9,15.6,26.5,0.167,0.052,37.7,13.9,22.2,0
Sikkim,52.01,3489.0,2,1.99,0.826,59.3,20.6,51.3,47.7,75.2,0.353,0.014,83.5,20.4,42.5,0
Sikkim,57.6,3370.1,2,4.44,0.768,1.3,82.5,226.8,66.1,112.2,0.001,0.002,77.5,49.6,59.4,1
Sikkim,26.11,3098.9,2,9.87,0.746,45.4,174.3,450.3,99.0,151.0,2.824,0.004,54.8,100.0,84.2,1
Nagaland,29.73,1219.8,2,4.57,0.619,85.9,16.7,37.9,38.6,48.5,0.05,0.004,68.7,16.4,34.7,0
Meghalaya,38.02,1099.4,3,3.75,0.739,9.7,21.7,46.9,33.6,49.6,0.002,0.007,57.8,20.1,33.3,0
Sikkim,41.27,3283.4,3,3.79,0.387,36.5,29.9,55.6,29.3,51.5,0.043,0.009,66.1,19.2,35.6,0
Mizoram,37.59,1660.5,3,3.09,0.62,37.8,31.0,64.2,53.4,66.1,0.045,0.012,56.1,26.9,37.1,0
Mizoram,31.53,2018.6,3,7.42,0.671,36.2,62.5,141.5,63.5,104.3,0.021,0.017,53.1,40.9,45.1,0
Sikkim,48.15,2470.5,1,0.23,0.749,72.7,76.5,120.9,31.5,51.0,0.127,0.031,57.5,36.9,44.1,1
Sikkim,39.76,2194.4,2,9.74,0.641,0.4,212.2,511.9,99.0,138.0,0.06,0.006,60.8,88.2,78.6,1
Arunachal Pradesh,41.79,3023.0,3,3.97,0.68,78.0,73.4,127.9,64.4,110.8,0.13,0.008,68.6,44.9,53.2,0
Arunachal Pradesh,28.44,3096.4,2,8.5,0.763,83.9,16.0,25.0,23.5,37.5,0.0,0.029,54.7,15.6,29.3,0
Mizoram,32.72,1240.7,3,0.1,0.361,43.1,20.0,30.7,23.0,30.6,0.014,0.017,62.8,12.3,30.0,0
Arunachal Pradesh,45.41,3325.4,1,9.16,0.685,88.7,43.3,80.0,51.8,82.0,0.038,0.025,41.4,31.1,34.7,0
Meghalaya,34.29,1299.8,2,0.58,0.564,38.1,52.2,96.5,44.6,75.7,0.077,0.022,74.2,35.5,49.0,0
Mizoram,46.26,2144.4,3,5.75,0.644,69.5,4.2,9.3,25.4,43.9,0.006,0.004,72.8,10.1,32.1,0
Arunachal Pradesh,39.25,2184.9,2,2.42,0.565,38.9,164.8,336.4,99.0,175.2,0.021,0.018,74.4,86.7,82.4,1
Meghalaya,35.57,1357.0,3,5.14,0.664,3.8,142.6,349.3,99.0,121.7,1.675,0.037,53.2,89.7,77.0,1
Sikkim,39.71,4073.1,1,4.45,0.604,8.3,31.9,45.5,38.1,49.4,0.026,0.09,45.8,19.2,28.5,0
Assam,19.79,514.3,2,0.8,0.416,44.2,122.9,187.7,71.8,93.5,0.139,0.002,64.7,61.6,62.7,1
Meghalaya,38.34,1593.1,3,3.25,0.653,99.0,39.1,68.3,39.5,53.0,0.022,0.007,66.3,25.2,39.6,0
Nagaland,31.27,1963.6,2,1.46,0.69,17.8,28.3,41.2,21.8,35.1,0.048,0.0,68.3,17.1,35.0,0
Meghalaya,23.74,821.7,1,3.7,0.684,89.6,23.3,37.9,38.5,55.8,0.01,0.004,37.3,16.4,23.7,0
Arunachal Pradesh,51.53,3656.7,1,6.03,0.592,91.9,166.9,403.7,99.0,126.0,0.96,0.022,59.1,89.5,78.9,1
Mizoram,27.89,2123.3,3,0.38,0.69,41.0,24.2,61.0,45.4,81.1,0.123,0.012,57.0,22.9,34.8,0
Assam,11.34,931.7,3,3.26,0.699,46.2,22.9,51.1,33.2,41.9,0.241,0.017,37.8,17.9,24.9,0
Mizoram,36.47,1885.4,1,4.33,0.445,50.3,47.4,104.2,55.6,96.0,0.001,0.002,45.6,34.3,38.3,0
Nagaland,44.21,2094.0,1,1.58,0.412,77.0,141.4,322.1,99.0,138.9,0.488,0.011,55.7,86.4,75.7,1
Manipur,23.98,741.2,3,13.76,0.479,12.4,25.5,64.3,37.8,48.2,0.003,0.004,38.8,18.9,25.9,0
Sikkim,50.03,1608.8,3,3.31,0.602,32.9,9.8,25.2,30.6,37.7,0.04,0.023,64.8,17.1,33.8,0
Arunachal Pradesh,30.57,2543.3,1,0.91,0.698,17.1,1.8,3.3,25.7,38.2,0.074,0.011,43.5,8.4,20.7,0
Mizoram,23.82,832.3,2,0.51,0.461,87.8,90.7,179.8,77.0,111.5,0.031,0.022,71.6,56.1,61.5,0
Sikkim,35.21,1860.1,3,3.51,0.7,7.1,8.3,20.9,24.9,37.2,0.012,0.003,52.5,12.5,26.5,0
Nagaland,39.75,2183.5,2,2.12,0.558,74.8,25.6,43.4,25.3,40.5,0.042,0.002,74.8,14.7,35.8,0
Manipur,23.4,411.7,3,0.96,0.826,44.0,37.6,102.4,53.7,73.1,0.013,0.018,51.4,33.7,39.9,0
Sikkim,43.48,1951.0,2,0.14,0.417,71.5,71.5,184.0,83.8,100.6,0.2,0.044,84.7,52.2,63.5,1
Sikkim,39.25,3437.6,2,3.76,0.733,89.0,42.1,84.9,45.7,69.6,0.076,0.027,74.8,30.6,46.1,0
Nagaland,29.83,2005.7,2,4.11,0.588,34.0,102.0,216.1,88.6,109.0,0.219,0.033,64.3,60.1,61.6,1
Sikkim,39.63,3695.4,3,0.69,0.636,22.7,1.7,3.4,26.3,44.5,0.027,0.004,64.2,7.6,27.4,0
Nagaland,31.03,1513.0,2,4.14,0.687,65.0,15.9,27.4,35.8,60.4,0.094,0.014,70.3,16.5,35.3,0
Meghalaya,29.36,1545.3,1,13.66,0.763,99.8,53.0,92.1,27.5,35.0,0.057,0.043,29.7,27.4,28.2,0
Mizoram,34.89,1315.6,2,17.24,0.797,73.0,14.2,25.9,33.3,58.9,0.057,0.055,62.7,14.3,31.2,0
Arunachal Pradesh,36.02,1623.0,3,9.87,0.559,79.6,40.6,80.0,51.1,73.6,0.058,0.001,54.0,30.9,39.0,1
Mizoram,34.05,1371.5,2,7.4,0.667,63.0,132.1,350.2,99.0,152.0,0.066,0.003,63.6,78.9,73.6,1
Meghalaya,18.84,1183.4,2,1.06,0.259,36.8,16.4,31.2,34.5,57.0,0.044,0.002,60.8,14.2,30.5,0
Mizoram,33.45,2194.6,2,0.77,0.783,65.5,38.1,83.4,43.5,57.2,0.022,0.004,78.9,25.3,44.1,0
Arunachal Pradesh,35.97,2389.8,1,2.65,0.66,12.9,101.5,154.7,80.9,97.6,0.207,0.003,47.5,54.6,52.1,0
Nagaland,42.35,1805.8,1,4.35,0.588,48.9,58.4,113.2,57.3,94.2,0.04,0.013,51.8,37.2,42.3,0
Manipur,11.11,452.8,2,8.56,0.772,57.3,1.0,2.0,19.9,33.3,0.279,0.008,38.6,6.8,17.9,0
Arunachal Pradesh,39.11,2716.1,2,1.19,0.564,90.7,1.6,3.4,19.9,31.7,0.118,0.002,82.0,13.7,37.6,0
Arunachal Pradesh,45.52,3246.0,3,2.94,0.756,92.0,91.9,188.1,88.9,139.8,1.027,0.008,70.0,60.0,63.5,0
Arunachal Pradesh,37.16,2770.5,3,4.69,0.674,6.0,39.1,90.8,44.4,77.3,0.082,0.046,55.6,32.1,40.3,0
Mizoram,30.09,1240.3,3,2.65,0.363,63.2,8.0,20.7,30.0,51.9,0.006,0.012,58.8,6.8,25.0,0
Mizoram,38.17,1823.9,2,2.72,0.671,79.6,41.4,94.6,54.9,69.0,0.008,0.027,79.3,35.2,50.6,0
Meghalaya,35.78,2185.1,3,1.15,0.681,53.6,134.5,261.3,91.3,120.7,0.301,0.005,66.0,72.1,69.9,1
Sikkim,43.26,3569.9,1,19.43,0.799,9.6,14.2,35.1,54.0,85.6,0.321,0.013,32.8,25.7,28.2,0
Sikkim,34.81,2477.9,1,2.9,0.61,23.3,75.0,177.0,79.3,99.0,0.035,0.043,46.4,53.1,50.8,1
Mizoram,28.52,1905.1,1,3.42,0.766,31.4,29.2,69.1,35.1,53.6,0.075,0.045,33.6,21.0,25.4,0
Meghalaya,34.06,1545.3,2,1.11,0.544,66.3,15.6,39.1,34.4,44.2,0.072,0.003,80.6,17.8,39.7,0
Tripura,25.83,677.5,1,3.25,0.762,6.6,129.5,201.3,86.2,152.4,0.556,0.008,34.3,68.4,56.5,0
Arunachal Pradesh,26.99,2065.6,2,1.33,0.425,55.0,8.1,15.5,29.9,42.9,0.005,0.008,70.1,13.6,33.4,0
Mizoram,31.55,1597.3,2,1.02,0.815,10.9,6.9,11.3,8.9,11.9,0.005,0.007,62.6,9.2,27.9,0
Sikkim,34.13,3866.8,2,1.45,0.697,39.5,84.4,209.5,83.6,138.2,2.534,0.011,70.2,63.9,66.1,0
Meghalaya,32.37,1855.3,2,0.1,0.649,42.6,6.0,13.1,13.2,17.5,0.001,0.013,75.7,4.0,29.1,0
Mizoram,37.46,1415.0,2,3.8,0.795,45.2,13.1,36.5,47.4,81.2,0.104,0.015,68.0,21.6,37.8,0
Mizoram,26.48,1319.5,1,2.21,0.734,71.1,54.0,126.8,68.9,116.9,0.036,0.001,41.2,40.1,40.4,0
Tripura,23.94,670.8,1,10.3,0.669,8.1,198.7,299.4,99.0,133.9,1.349,0.005,20.4,92.5,67.3,0
Arunachal Pradesh,35.08,2709.4,1,0.19,0.445,26.8,64.9,117.0,49.8,69.7,0.121,0.021,50.4,36.9,41.6,0
Arunachal Pradesh,47.71,3798.5,1,0.2,0.533,64.1,38.6,104.0,41.5,50.6,0.067,0.022,57.4,30.0,39.6,0
Nagaland,26.86,1253.6,2,9.77,0.561,94.4,30.5,84.7,59.7,82.3,0.017,0.019,62.6,28.8,40.7,0
Meghalaya,38.69,1750.4,3,0.61,0.649,62.1,25.4,43.6,24.5,31.8,0.067,0.005,65.8,18.4,35.0,0
Sikkim,27.77,2336.8,2,0.1,0.731,88.3,93.4,195.5,87.9,107.4,0.405,0.011,72.4,58.6,63.4,1
Arunachal Pradesh,39.91,3930.0,2,0.89,0.624,96.8,18.9,36.3,44.6,78.9,0.039,0.015,83.6,23.3,44.4,0
Arunachal Pradesh,43.77,1554.6,3,7.81,0.787,88.4,212.0,359.0,99.0,174.8,0.75,0.004,66.4,97.3,86.5,1
Manipur,15.74,703.7,1,7.3,0.676,97.2,14.5,27.8,25.7,40.5,0.028,0.062,30.8,13.6,19.6,0
Arunachal Pradesh,20.03,3828.5,1,1.87,0.538,77.7,7.7,15.4,29.0,42.9,0.084,0.016,35.8,13.8,21.5,0
Sikkim,34.4,3806.5,2,4.96,0.457,88.7,13.3,30.9,32.1,47.5,0.009,0.001,76.1,16.1,37.1,1
Sikkim,38.54,2493.1,2,3.18,0.478,49.1,31.1,65.4,43.7,69.0,0.037,0.03,65.0,26.5,39.9,0
Sikkim,35.66,2622.3,2,10.58,0.581,34.5,117.1,300.0,99.0,133.4,0.242,0.127,58.3,78.2,71.2,1
Arunachal Pradesh,33.63,4046.2,3,0.26,0.717,100.0,8.8,23.9,31.4,50.7,0.196,0.003,67.3,9.7,29.8,0
Meghalaya,38.28,1051.5,1,7.55,0.615,9.8,39.0,75.5,48.4,58.9,0.01,0.001,33.7,23.1,26.8,0
Arunachal Pradesh,48.68,2180.9,2,0.84,0.718,95.8,11.0,23.2,25.8,41.0,0.009,0.016,83.1,9.7,35.4,0
Nagaland,40.31,1254.7,1,2.24,0.681,43.1,50.9,123.2,62.5,94.4,0.029,0.001,52.0,40.8,44.7,1
Sikkim,42.22,2388.6,3,0.96,0.47,2.2,28.1,72.0,30.5,49.4,0.003,0.002,63.3,19.0,34.5,0
Meghalaya,36.45,1547.5,3,5.46,0.713,80.3,59.5,101.7,68.9,108.1,0.103,0.015,57.5,41.8,47.3,0
Manipur,14.8,859.0,2,5.1,0.705,44.4,87.2,202.5,82.6,111.9,0.137,0.063,50.4,56.4,54.3,0
Mizoram,31.79,1805.2,1,3.57,0.541,79.9,107.0,272.5,99.0,150.7,0.731,0.002,44.0,75.2,64.3,1
Meghalaya,33.01,2116.6,2,5.39,0.771,4.5,125.3,305.2,99.0,158.0,0.234,0.016,59.1,77.4,71.0,1
Sikkim,40.81,2997.2,1,4.59,0.633,97.4,28.4,67.6,43.9,53.1,0.035,0.014,56.8,22.9,34.7,0
Sikkim,40.66,3233.7,2,6.74,0.702,67.1,124.1,337.9,99.0,176.3,1.173,0.019,69.2,81.9,77.4,1
Mizoram,32.46,843.1,2,1.23,0.795,4.8,11.8,28.8,35.5,50.6,0.019,0.042,64.1,15.6,32.6,0
Tripura,22.91,816.0,3,2.52,0.827,0.5,102.3,213.3,81.4,111.0,0.844,0.013,49.4,61.2,57.1,0
Mizoram,33.87,1617.4,2,0.74,0.355,59.4,18.3,47.8,38.6,62.8,0.023,0.017,76.6,17.0,37.8,1
Meghalaya,33.86,1196.8,1,2.53,0.658,97.6,62.5,125.8,82.3,137.6,1.312,0.017,52.2,50.3,50.9,0
Nagaland,27.46,1696.1,1,5.44,0.641,52.4,155.1,390.3,99.0,143.6,0.053,0.003,36.5,85.0,68.0,1
Meghalaya,24.43,1089.4,1,5.29,0.49,35.4,109.5,249.0,87.7,137.2,0.308,0.006,31.6,65.7,53.7,1
Arunachal Pradesh,40.85,3178.4,1,5.56,0.701,93.9,142.5,320.2,99.0,134.5,0.174,0.005,45.0,83.4,70.0,0
Meghalaya,29.32,1969.3,3,1.66,0.76,98.4,19.0,46.3,35.8,58.1,0.15,0.008,61.7,18.0,33.3,0
Assam,16.36,394.4,1,4.88,0.461,78.4,157.6,375.0,99.0,148.3,0.963,0.005,34.3,91.0,71.2,1
Arunachal Pradesh,44.01,2113.3,3,2.06,0.62,71.8,55.1,118.2,44.3,56.8,0.012,0.008,73.8,33.9,47.9,0
Mizoram,31.87,1345.5,2,13.01,0.479,0.2,35.0,92.3,68.1,115.4,0.023,0.022,53.3,35.1,41.5,0
Arunachal Pradesh,50.07,3934.5,2,1.89,0.681,31.4,171.6,413.6,99.0,172.3,0.392,0.007,83.6,91.9,89.0,1
Meghalaya,36.14,2081.7,2,4.16,0.669,92.5,2.7,6.0,17.1,24.0,0.079,0.013,71.9,6.4,29.3,0
Arunachal Pradesh,31.99,1567.0,2,6.24,0.813,36.8,136.1,324.8,99.0,140.9,0.724,0.047,57.5,84.1,74.8,0
Meghalaya,37.04,1337.3,2,10.66,0.788,33.5,161.3,303.5,99.0,164.7,0.634,0.049,57.7,90.3,78.9,0
Nagaland,35.05,1725.6,2,2.59,0.721,53.7,1.8,5.1,24.3,41.6,0.058,0.045,72.0,9.8,31.6,0
Sikkim,31.7,1618.7,2,2.01,0.716,44.8,0.6,1.2,27.8,42.1,0.164,0.011,69.7,11.1,31.6,0
Mizoram,28.5,1405.1,3,2.53,0.702,85.9,41.9,86.6,47.1,81.0,0.068,0.024,63.0,30.6,41.9,0
Nagaland,36.68,1735.1,2,1.76,0.721,8.2,5.7,11.0,22.5,27.2,0.056,0.007,69.6,8.3,29.7,0
Assam,10.01,159.1,2,4.77,0.746,65.9,65.8,121.8,69.2,89.9,0.047,0.027,54.2,47.0,49.6,0
Sikkim,20.99,2583.9,2,12.14,0.785,69.7,134.1,368.7,99.0,170.1,1.52,0.063,52.9,91.3,77.9,1
Sikkim,39.77,2616.4,1,0.61,0.458,88.0,8.8,24.2,6.4,10.3,0.003,0.038,53.0,6.2,22.6,1
Arunachal Pradesh,39.13,2643.7,1,3.7,0.489,41.6,72.1,196.6,77.3,122.5,0.074,0.005,51.1,52.9,52.3,0
Tripura,21.78,340.4,1,10.26,0.78,29.5,40.3,74.6,47.3,75.4,0.064,0.014,24.7,31.5,29.1,0
Assam,20.81,496.1,2,0.47,0.718,62.7,26.7,60.6,35.2,44.6,0.014,0.038,65.4,17.0,33.9,0
Meghalaya,35.3,954.8,2,3.06,0.61,72.5,47.3,78.4,42.1,72.3,0.217,0.033,74.1,29.9,45.3,0
Manipur,27.63,665.0,3,9.02,0.554,17.1,73.0,175.8,89.5,112.7,2.302,0.008,43.9,59.6,54.1,0
Meghalaya,32.31,1540.7,3,10.38,0.431,15.8,158.8,282.8,99.0,130.9,0.492,0.053,43.1,77.5,65.5,0
Mizoram,22.44,2026.7,1,3.25,0.615,26.4,48.6,114.8,76.6,125.9,0.29,0.036,28.9,47.1,40.7,0
Arunachal Pradesh,22.97,2123.6,2,0.11,0.487,24.8,61.8,148.6,67.2,90.2,0.12,0.001,62.0,47.9,52.8,0
Nagaland,29.9,2024.0,3,0.5,0.731,75.1,42.1,117.6,20.0,33.6,0.011,0.098,67.2,27.6,41.5,0
Arunachal Pradesh,35.65,2005.4,2,3.98,0.83,53.1,37.5,93.7,43.9,71.9,0.005,0.022,71.7,30.8,45.1,0
Nagaland,23.43,1882.6,2,0.6,0.697,54.8,3.0,6.7,25.1,41.3,0.005,0.03,66.0,8.9,28.9,0
Nagaland,16.9,1305.5,3,0.73,0.669,1.5,99.1,206.7,94.5,137.4,0.307,0.005,45.4,63.3,57.0,0
Mizoram,29.4,1993.1,1,6.66,0.77,99.4,148.0,219.0,91.7,140.9,0.78,0.098,43.1,78.2,65.9,1
Arunachal Pradesh,52.77,3922.0,3,6.25,0.558,83.0,47.2,128.5,51.6,75.7,0.097,0.016,72.9,36.0,49.0,0
Sikkim,41.65,3934.7,2,8.33,0.782,44.4,142.2,235.6,97.8,160.8,0.127,0.022,73.1,78.4,76.5,1
Sikkim,40.88,1567.2,2,0.5,0.673,6.7,35.4,51.6,25.7,32.8,0.034,0.013,73.7,17.3,37.1,0
Sikkim,36.91,2517.5,1,0.99,0.725,69.4,0.6,1.1,9.6,14.2,0.008,0.038,52.1,3.6,20.6,0
Arunachal Pradesh,35.43,2237.3,3,8.05,0.748,53.5,65.4,112.6,61.7,103.3,0.052,0.006,49.1,35.5,40.3,0
Assam,23.19,372.4,2,5.75,0.723,67.8,49.5,102.8,49.2,65.5,0.065,0.002,55.2,33.2,40.9,0
Meghalaya,24.14,1817.4,2,7.38,0.543,67.8,33.1,89.1,44.5,65.1,0.014,0.02,59.8,30.8,41.0,0
Sikkim,55.39,3916.3,3,20.61,0.658,15.5,38.1,104.3,49.8,68.5,0.034,0.001,64.1,27.7,40.5,0
Sikkim,29.01,4018.2,3,8.99,0.773,32.9,121.5,218.7,93.4,137.1,0.381,0.001,41.0,69.4,59.5,1
Meghalaya,36.36,1170.3,3,3.31,0.651,1.8,106.7,285.3,99.0,121.8,1.332,0.005,60.3,84.0,75.7,1
Mizoram,25.16,994.3,1,1.67,0.77,98.2,70.8,188.5,87.1,129.4,0.022,0.0,46.9,55.5,52.5,1
Meghalaya,33.12,1220.0,3,3.79,0.623,80.6,18.4,37.1,36.7,53.0,0.051,0.002,55.8,19.7,32.4,0
Manipur,24.4,835.1,2,4.58,0.495,92.9,5.1,11.0,12.0,21.1,0.022,0.01,69.5,4.7,27.4,0
Meghalaya,21.24,1865.9,2,1.84,0.699,4.4,136.8,200.9,88.2,119.2,1.0,0.01,56.4,71.9,66.5,1
Tripura,14.72,969.2,3,6.63,0.582,50.0,62.7,89.7,55.4,75.1,0.028,0.017,39.0,38.9,39.0,0
Manipur,15.08,107.4,1,0.44,0.483,74.7,42.5,68.7,26.6,34.3,0.027,0.006,36.5,23.0,27.7,0
Arunachal Pradesh,36.1,4057.7,1,6.8,0.752,10.4,55.0,117.3,61.1,82.5,0.031,0.009,36.2,39.6,38.5,0
Assam,21.69,408.1,2,0.15,0.67,77.7,5.0,10.3,34.0,60.0,0.016,0.026,65.3,14.6,32.4,0
Arunachal Pradesh,52.99,3086.7,3,3.1,0.759,64.8,7.8,11.0,20.8,32.8,0.154,0.005,80.9,8.7,34.0,0
Nagaland,28.45,1245.1,2,8.89,0.687,98.5,49.1,76.4,38.3,46.3,0.0,0.0,59.3,27.5,38.7,0
Sikkim,52.31,1614.3,2,0.41,0.708,14.1,101.5,201.7,91.1,111.2,1.56,0.004,90.5,63.4,72.9,1
Manipur,22.36,110.1,2,3.28,0.693,62.9,20.7,52.5,33.4,40.6,0.042,0.01,62.7,17.7,33.4,0
Manipur,13.47,697.9,2,0.78,0.742,94.7,22.4,48.4,40.4,54.6,0.037,0.039,62.4,21.9,36.0,0
Nagaland,31.13,1099.7,3,10.13,0.677,74.4,71.5,169.0,80.7,99.7,0.921,0.027,51.9,58.1,55.9,0
Nagaland,22.54,1567.9,1,8.04,0.745,33.6,54.0,110.1,71.8,89.1,0.013,0.02,25.6,40.6,35.4,0
Sikkim,35.45,1813.3,2,12.23,0.772,11.9,5.0,9.7,31.1,45.5,0.009,0.008,56.9,16.0,30.3,0
Arunachal Pradesh,34.89,1792.0,3,9.36,0.384,96.4,19.0,50.8,29.5,35.6,0.002,0.024,61.1,17.3,32.6,0
Sikkim,39.5,2874.0,2,6.0,0.645,7.2,50.4,129.1,57.7,69.9,0.326,0.017,71.2,35.0,47.6,0
Arunachal Pradesh,43.33,4051.1,2,0.92,0.644,97.5,168.1,282.2,99.0,155.5,0.431,0.024,86.9,84.2,85.1,1
Mizoram,31.66,1891.5,1,1.62,0.578,30.4,109.5,278.1,99.0,160.2,0.603,0.131,44.5,76.2,65.1,1
Sikkim,29.6,2461.7,3,3.09,0.565,86.0,12.8,22.5,32.5,57.9,0.085,0.032,60.0,17.3,32.3,0
Tripura,33.45,952.4,2,4.0,0.604,55.4,155.6,226.4,73.5,109.5,0.197,0.012,70.1,68.7,69.2,1
Mizoram,41.91,1124.7,2,6.86,0.421,91.3,162.0,405.3,99.0,152.5,1.005,0.066,79.0,93.6,88.5,1
Nagaland,44.89,865.4,2,1.16,0.801,42.7,23.5,37.9,44.2,68.8,0.051,0.004,75.2,24.1,42.0,0
Arunachal Pradesh,36.76,2695.0,2,0.62,0.695,85.0,9.1,16.4,27.8,45.8,0.004,0.02,79.3,14.0,36.9,0
Manipur,22.08,203.2,3,2.97,0.618,23.8,47.5,117.4,64.6,93.6,0.053,0.008,53.7,41.6,45.8,0
Assam,18.81,897.9,3,0.77,0.652,46.7,7.9,16.4,26.0,46.5,0.025,0.002,49.6,13.0,25.8,0
Meghalaya,33.29,1821.7,2,5.32,0.621,84.6,19.5,46.2,37.6,56.4,0.054,0.075,67.6,22.6,38.4,0
Mizoram,33.66,1237.7,2,3.86,0.655,11.8,166.5,239.9,99.0,126.4,0.242,0.014,62.4,82.7,75.6,0
Nagaland,23.52,1049.5,3,6.08,0.791,72.9,51.9,97.0,32.6,53.8,0.016,0.011,46.1,24.7,32.2,0
Arunachal Pradesh,35.6,2576.1,2,0.29,0.619,43.7,42.0,79.7,38.4,58.0,0.038,0.003,75.9,29.2,45.6,0
Meghalaya,39.36,1037.8,1,15.05,0.748,51.3,120.2,209.5,99.0,157.4,4.493,0.031,37.4,80.4,65.3,1
Sikkim,46.1,2480.4,3,0.1,0.684,57.9,6.0,11.6,28.2,42.5,0.041,0.005,69.2,15.2,34.1,0
Arunachal Pradesh,35.45,4069.3,2,1.77,0.798,27.6,52.8,101.0,62.7,99.8,0.037,0.011,69.5,37.8,48.9,0
Sikkim,40.18,2560.5,2,5.12,0.713,9.6,5.6,15.3,25.0,36.9,0.042,0.013,70.2,11.4,32.0,0
Arunachal Pradesh,36.06,1511.8,1,0.21,0.575,1.9,126.8,328.4,99.0,142.0,0.839,0.004,42.2,82.8,68.6,1
Arunachal Pradesh,43.67,3658.0,3,0.39,0.668,43.1,31.8,81.0,41.6,54.7,0.007,0.03,63.4,22.1,36.6,0
Arunachal Pradesh,24.87,1860.1,2,0.36,0.53,26.9,1.1,1.5,8.0,11.1,0.015,0.034,68.3,5.2,27.3,0
Assam,23.2,792.3,3,3.92,0.73,63.3,31.3,59.8,49.0,59.9,0.009,0.064,47.0,29.2,35.4,0
Meghalaya,42.45,1400.4,3,10.18,0.447,71.6,0.4,0.7,15.3,22.9,0.017,0.014,65.2,5.2,26.2,0
Assam,16.05,319.7,3,3.65,0.664,50.4,41.5,75.9,43.4,63.3,0.064,0.01,42.9,25.7,31.7,0
Meghalaya,41.3,1820.6,3,4.16,0.575,61.9,16.8,27.5,30.0,38.1,0.156,0.009,61.5,11.8,29.2,0
Sikkim,40.61,2443.6,1,1.91,0.706,56.1,99.6,149.6,69.7,107.1,0.012,0.057,47.7,54.0,51.8,0
Meghalaya,31.64,2090.4,3,0.1,0.658,0.5,68.3,148.5,71.1,123.3,0.021,0.028,51.6,46.4,48.2,0
Meghalaya,29.85,2084.5,1,0.1,0.484,84.2,22.2,54.8,38.4,57.8,0.043,0.014,50.8,18.8,30.0,0
Arunachal Pradesh,49.64,2715.3,3,9.86,0.565,6.0,96.8,202.2,74.5,91.6,0.034,0.026,56.9,58.0,57.6,0
Mizoram,30.42,1118.9,2,0.49,0.532,41.0,21.1,38.0,24.8,36.0,0.051,0.012,72.2,12.8,33.6,0
Arunachal Pradesh,52.17,2038.2,2,30.0,0.53,11.1,3.9,6.1,13.6,23.8,0.021,0.029,67.7,6.4,27.9,0
Mizoram,42.67,1647.1,1,0.81,0.46,66.2,27.7,72.2,54.8,97.0,0.003,0.053,54.9,27.0,36.8,0
Mizoram,28.89,1764.1,3,5.05,0.817,32.6,49.3,113.0,46.9,80.1,0.026,0.005,49.9,32.6,38.6,1
Arunachal Pradesh,36.69,1619.9,1,13.39,0.78,7.1,216.9,349.8,99.0,144.4,0.644,0.009,32.9,92.4,71.6,1
Arunachal Pradesh,22.59,3707.3,2,2.02,0.677,4.5,64.9,117.9,59.3,84.7,0.031,0.021,55.4,40.9,46.0,0
Nagaland,31.86,815.3,3,5.97,0.563,23.7,3.7,9.3,20.0,27.4,0.028,0.015,52.3,11.2,25.6,0
Meghalaya,32.71,1037.7,2,1.94,0.699,66.7,8.2,20.1,26.7,34.3,0.072,0.013,73.3,11.0,32.8,0
Arunachal Pradesh,47.92,3627.2,1,1.64,0.659,71.8,2.1,4.8,19.7,34.4,0.042,0.036,58.6,8.5,26.0,0
Tripura,29.53,328.5,2,1.01,0.712,12.8,5.7,8.8,31.5,50.6,0.009,0.028,58.3,14.4,29.8,0
Arunachal Pradesh,44.51,2371.6,1,7.74,0.645,13.9,29.5,67.9,29.6,50.2,0.036,0.015,46.8,22.6,31.1,0
Mizoram,39.51,1563.7,2,1.34,0.405,59.3,145.8,328.6,99.0,124.7,0.955,0.006,79.9,88.1,85.2,1
Tripura,19.07,893.1,3,1.5,0.587,95.7,47.0,105.9,57.1,74.5,0.013,0.03,59.9,36.6,44.8,1
Sikkim,28.18,2637.2,2,30.0,0.671,55.3,1.5,3.8,9.8,11.9,0.047,0.012,52.5,2.3,19.9,0
Arunachal Pradesh,40.59,2018.1,1,1.78,0.731,71.2,87.6,137.2,59.6,87.4,0.011,0.051,53.6,48.0,50.0,0
Arunachal Pradesh,47.76,3069.0,2,2.47,0.704,57.5,50.9,73.2,38.2,55.8,0.029,0.0,82.1,30.1,48.3,0
Sikkim,16.57,1823.0,3,20.75,0.733,10.5,156.4,269.6,85.9,146.1,1.194,0.017,30.3,86.1,66.6,0
Arunachal Pradesh,39.26,2625.1,1,2.07,0.721,94.6,137.4,213.6,88.3,107.6,1.754,0.019,59.1,78.7,71.8,1
Mizoram,20.1,2095.8,2,2.05,0.691,7.2,53.1,131.2,69.9,105.5,0.06,0.003,57.9,38.0,45.0,0
Arunachal Pradesh,31.75,2514.4,2,7.91,0.737,76.0,7.7,11.7,6.2,10.3,0.029,0.014,63.9,1.7,23.4,0
Meghalaya,33.32,1785.7,3,1.68,0.472,97.9,11.3,21.6,24.7,39.1,0.108,0.002,66.5,13.2,31.8,0
Tripura,29.65,334.1,3,1.2,0.765,31.9,14.6,38.9,39.7,70.5,0.014,0.01,57.4,22.0,34.4,0
Nagaland,32.33,1963.9,2,2.48,0.715,17.2,25.0,66.5,39.2,67.8,0.021,0.023,63.2,26.9,39.6,1
Mizoram,36.86,1311.1,2,5.43,0.627,56.6,38.1,72.4,53.4,69.6,0.064,0.023,70.7,25.4,41.3,0
Sikkim,40.51,1521.0,2,0.2,0.372,79.5,116.1,260.8,85.1,122.2,0.221,0.013,82.1,67.7,72.7,1
Mizoram,27.24,1465.4,2,2.11,0.552,94.9,3.5,5.9,18.8,31.0,0.077,0.035,71.4,6.5,29.2,0
Meghalaya,35.42,2171.2,2,1.91,0.633,69.4,192.0,289.7,99.0,143.8,1.812,0.017,75.1,97.6,89.7,1
Meghalaya,23.74,1450.2,2,1.26,0.543,33.6,2.7,6.8,9.5,13.8,0.047,0.018,66.6,6.6,27.6,0
Arunachal Pradesh,38.28,2838.8,1,4.78,0.591,49.4,79.0,111.3,77.8,103.3,0.07,0.004,49.0,51.1,50.4,0
Manipur,28.08,937.4,3,1.54,0.53,76.1,1.9,4.8,24.2,31.4,0.016,0.013,56.3,5.3,23.2,0
Meghalaya,33.52,1214.8,1,4.2,0.662,78.8,22.2,41.6,43.7,69.6,0.005,0.001,43.3,21.4,29.0,0
Arunachal Pradesh,40.51,2971.5,1,3.16,0.794,7.4,24.5,38.9,35.7,64.0,0.212,0.006,45.8,15.9,26.3,0
Sikkim,35.44,2807.4,2,1.1,0.545,61.4,38.0,80.1,66.0,115.9,0.098,0.005,76.3,34.0,48.8,0
Sikkim,25.38,3745.4,1,1.4,0.539,96.7,88.5,244.4,99.0,170.3,0.299,0.009,45.5,67.0,59.5,1
Nagaland,30.65,824.8,2,0.84,0.441,78.5,244.6,594.3,99.0,177.1,0.247,0.013,76.8,89.5,85.0,1
Nagaland,38.28,2006.5,2,0.26,0.526,0.7,21.7,53.6,46.7,61.1,0.019,0.005,72.4,19.3,37.9,0
Nagaland,34.96,835.0,3,4.34,0.606,22.5,22.7,44.7,44.4,64.8,0.029,0.001,56.6,20.0,32.8,0
Arunachal Pradesh,28.41,2578.7,3,5.03,0.764,44.5,12.5,25.4,24.9,32.0,0.008,0.009,50.4,9.3,23.7,0
Sikkim,23.17,3943.7,3,0.82,0.748,70.6,68.3,176.2,90.9,135.1,0.434,0.002,62.7,52.5,56.1,0
Meghalaya,27.17,2017.1,1,4.3,0.604,55.5,0.4,0.5,14.1,17.6,0.0,0.003,41.6,0.6,14.9,0
Arunachal Pradesh,36.44,3193.3,3,18.1,0.493,7.7,155.5,229.6,78.6,126.2,0.007,0.033,46.0,73.8,64.1,1
Sikkim,37.02,2408.2,2,0.35,0.691,73.8,28.6,67.7,42.7,62.7,0.018,0.011,80.0,25.4,44.5,1
Nagaland,31.29,986.8,2,3.03,0.739,83.9,155.3,276.7,99.0,170.6,2.249,0.009,71.4,91.5,84.5,1
Arunachal Pradesh,38.32,3353.2,2,5.94,0.627,20.6,1.6,4.6,15.6,20.8,0.066,0.001,62.0,5.3,25.1,1
Meghalaya,35.19,882.0,2,0.21,0.733,6.7,77.6,216.6,99.0,142.2,0.063,0.01,71.1,65.7,67.6,0
Arunachal Pradesh,34.88,2081.8,3,6.78,0.559,79.1,56.5,129.9,52.4,63.0,0.069,0.016,54.0,34.9,41.6,0
Arunachal Pradesh,30.38,3146.6,2,17.5,0.672,64.0,59.8,122.5,78.5,116.2,0.014,0.008,58.7,40.6,46.9,0
Sikkim,42.87,3460.5,2,0.42,0.55,80.4,102.3,144.3,60.1,75.1,0.08,0.017,84.8,49.8,62.0,1
Tripura,25.54,643.1,1,7.77,0.619,56.7,38.7,86.7,36.7,64.6,0.135,0.136,34.1,28.8,30.7,0
Nagaland,28.36,1344.8,3,2.14,0.501,42.9,133.3,203.3,77.3,137.0,0.003,0.011,54.0,67.1,62.5,1
Assam,32.33,249.0,3,0.7,0.783,96.3,162.8,434.0,99.0,151.7,0.609,0.017,64.4,92.6,82.7,1
Meghalaya,42.8,1363.8,2,3.06,0.734,78.0,25.4,39.7,23.6,34.5,0.005,0.004,76.1,18.2,38.4,0
Arunachal Pradesh,28.94,3555.0,2,0.33,0.694,41.2,252.9,389.2,99.0,147.1,0.091,0.023,69.2,90.0,82.7,1
Meghalaya,20.21,1475.6,3,3.32,0.781,90.8,155.5,374.4,99.0,139.4,0.076,0.0,51.1,78.3,68.8,1
Meghalaya,31.01,1382.0,2,0.1,0.402,99.3,151.0,243.7,99.0,144.8,0.932,0.004,81.5,79.4,80.1,1
Manipur,21.81,808.3,2,5.87,0.486,30.8,15.4,34.2,31.1,46.6,0.029,0.009,57.2,17.8,31.6,0
Arunachal Pradesh,55.3,1644.0,2,3.01,0.661,89.2,144.9,364.4,99.0,176.0,0.791,0.028,87.1,90.1,89.0,1
Meghalaya,45.94,1358.0,1,2.76,0.646,4.5,25.2,35.3,34.5,49.7,0.04,0.026,51.6,20.0,31.1,0
Arunachal Pradesh,43.93,3325.8,2,0.98,0.611,21.4,94.6,152.7,60.5,99.9,0.101,0.043,77.2,49.1,59.0,0
Sikkim,35.05,2420.5,2,2.02,0.638,16.1,16.7,27.6,12.5,20.5,0.061,0.068,68.2,12.5,32.0,0
Nagaland,40.52,2036.7,2,0.9,0.814,35.7,69.5,151.2,79.4,141.0,0.021,0.004,73.9,55.0,61.6,1
Meghalaya,33.09,1024.6,3,5.98,0.687,56.3,45.1,113.6,61.9,76.2,0.006,0.06,58.6,36.4,44.2,0
Sikkim,27.27,1613.5,1,1.0,0.698,72.0,58.0,151.0,70.4,88.1,0.123,0.006,44.0,41.2,42.2,0
Sikkim,27.55,3115.2,2,4.32,0.425,90.3,124.7,185.5,82.9,128.2,0.132,0.019,67.2,71.6,70.0,1
Meghalaya,29.61,1836.1,1,1.48,0.687,15.9,92.8,196.0,76.0,113.0,0.207,0.004,40.6,59.4,52.8,0
Nagaland,39.15,1678.8,1,4.81,0.643,57.8,61.1,160.0,64.4,101.1,0.023,0.0,43.1,48.3,46.5,0
Manipur,14.06,738.4,2,3.5,0.684,55.5,41.3,62.0,42.5,64.7,0.023,0.008,56.4,27.8,37.8,0
Assam,17.94,869.1,3,2.48,0.617,45.8,169.1,242.9,99.0,164.3,0.01,0.005,53.7,86.6,75.1,1
Nagaland,42.73,954.8,2,5.03,0.545,69.5,66.0,96.8,76.7,133.0,0.04,0.008,77.0,45.8,56.8,0
Sikkim,41.57,3763.5,2,2.42,0.498,51.3,33.7,91.1,36.6,55.6,0.034,0.007,79.2,30.0,47.3,0
Mizoram,44.94,2160.0,1,7.75,0.601,55.0,22.8,44.7,35.3,44.2,0.07,0.002,40.9,16.2,24.8,0
Meghalaya,35.78,917.2,2,5.89,0.564,90.3,6.0,9.0,37.4,47.3,0.06,0.005,75.5,15.7,36.6,0
Sikkim,47.03,3946.9,3,3.5,0.679,86.0,23.4,65.3,22.9,30.5,0.039,0.002,72.6,17.1,36.5,0
Manipur,18.06,555.7,2,9.43,0.783,57.7,35.9,98.3,23.9,41.0,0.002,0.015,44.5,20.9,29.2,0
Arunachal Pradesh,51.71,3748.4,3,7.94,0.73,15.6,132.9,263.9,99.0,153.2,0.392,0.035,59.8,82.1,74.3,1
Manipur,24.38,209.4,3,3.42,0.687,95.9,7.6,11.7,15.1,21.5,0.035,0.017,54.4,9.7,25.3,0
Meghalaya,31.42,1430.9,2,0.32,0.575,62.3,63.7,155.4,55.6,78.8,0.146,0.008,71.7,43.6,53.4,1
Mizoram,41.64,1393.5,2,3.76,0.581,80.7,12.4,18.4,27.0,33.3,0.046,0.037,80.1,11.8,35.7,0
Mizoram,36.77,1567.5,2,1.98,0.661,5.5,141.6,322.7,99.0,135.3,0.626,0.003,67.4,85.3,79.0,1
Manipur,20.08,957.9,3,3.5,0.652,89.7,157.9,389.4,99.0,140.2,1.562,0.035,47.8,86.9,73.2,1
Mizoram,36.0,1937.1,1,4.69,0.538,69.3,25.5,43.3,51.3,64.2,0.002,0.019,41.5,19.6,27.2,0
Mizoram,26.3,1750.8,2,4.66,0.578,68.5,19.2,52.1,53.0,76.9,0.039,0.004,58.9,28.4,39.1,0
Arunachal Pradesh,48.37,3824.5,2,5.04,0.609,11.0,10.2,28.4,18.2,26.0,0.017,0.005,73.9,10.5,32.7,0
Meghalaya,46.09,1950.3,2,5.12,0.726,71.3,56.4,107.3,61.7,109.2,0.072,0.001,74.8,37.7,50.7,0
Arunachal Pradesh,25.05,3848.4,3,0.52,0.583,7.7,137.4,377.7,99.0,146.9,2.485,0.043,49.2,91.3,76.6,1
Nagaland,28.28,1404.8,2,0.96,0.573,5.6,244.0,420.8,99.0,157.9,0.082,0.028,66.5,93.3,83.9,1
Meghalaya,27.72,805.5,2,4.48,0.776,32.5,40.9,103.3,53.8,92.9,0.127,0.054,60.3,39.1,46.5,0
Mizoram,37.57,1493.6,2,2.36,0.623,2.3,8.4,20.4,15.8,27.3,0.051,0.005,64.5,10.3,29.3,0
Arunachal Pradesh,40.12,2245.4,1,6.48,0.432,16.0,51.7,75.3,54.4,85.5,0.058,0.001,37.0,33.2,34.5,0
Arunachal Pradesh,34.68,2697.8,1,0.6,0.694,72.6,95.0,167.4,55.7,84.2,0.018,0.014,51.3,44.5,46.9,0
Mizoram,30.26,1894.1,2,0.96,0.603,83.5,280.0,542.8,99.0,137.9,0.17,0.008,71.5,87.1,81.6,1
Arunachal Pradesh,33.92,1909.3,2,3.68,0.769,18.0,52.0,73.9,38.4,56.5,0.079,0.011,67.5,26.6,40.9,0
Arunachal Pradesh,43.6,3335.6,2,3.13,0.725,82.3,15.4,41.9,33.4,41.5,0.079,0.012,82.8,13.9,38.1,0
Arunachal Pradesh,39.97,3689.8,1,1.39,0.777,48.1,37.5,63.7,36.2,47.0,0.073,0.031,48.9,23.5,32.4,0
Assam,18.23,905.1,2,2.36,0.774,95.8,32.6,87.8,44.4,63.2,0.055,0.025,63.8,33.1,43.8,1
Nagaland,28.76,1801.1,3,0.16,0.676,13.9,32.3,65.1,43.3,52.6,0.027,0.03,62.3,22.1,36.2,0
Sikkim,49.88,2618.3,3,0.17,0.486,5.4,3.7,5.8,35.6,57.9,0.022,0.005,67.7,12.4,31.7,0
Sikkim,48.12,1620.3,1,0.45,0.584,84.5,9.7,19.5,34.2,53.1,0.002,0.001,60.0,8.8,26.7,0
Sikkim,43.7,2776.6,2,3.87,0.747,36.2,33.4,75.5,54.2,92.8,0.114,0.042,76.2,29.1,45.6,0
Nagaland,39.48,2059.7,3,8.97,0.685,45.7,193.8,400.1,99.0,128.7,0.329,0.009,55.1,88.3,76.7,1
Mizoram,23.22,2021.9,2,1.36,0.7,51.2,73.8,136.2,46.1,81.1,0.025,0.008,66.7,40.7,49.8,0
Arunachal Pradesh,29.51,3651.9,3,0.16,0.654,82.5,8.1,20.5,30.5,53.1,0.003,0.027,61.0,13.6,30.2,0
Arunachal Pradesh,28.66,2080.7,3,5.55,0.698,7.6,64.2,175.8,71.3,108.6,0.014,0.003,42.9,51.8,48.7,0
Arunachal Pradesh,38.38,3271.8,1,8.7,0.47,55.1,52.8,80.9,59.7,84.8,0.056,0.009,39.8,34.6,36.4,0
Mizoram,39.73,2129.9,2,0.67,0.802,43.1,29.9,64.8,36.2,62.3,0.072,0.012,72.5,26.5,42.6,0
Nagaland,29.36,1927.9,1,2.19,0.514,34.0,2.3,4.3,20.8,36.6,0.133,0.087,43.2,13.0,23.5,0
Sikkim,48.69,2448.9,1,0.78,0.747,34.8,28.8,70.4,54.6,70.9,0.067,0.029,57.8,27.2,38.0,0
Arunachal Pradesh,33.47,1951.2,3,0.51,0.797,93.0,81.0,185.5,62.8,97.2,0.053,0.04,67.5,49.6,55.9,0
Arunachal Pradesh,37.19,3939.6,3,4.7,0.712,26.8,0.5,0.7,31.1,46.7,0.128,0.034,53.6,9.3,24.8,0
Assam,17.67,315.1,1,15.42,0.635,45.5,4.9,11.2,31.8,48.4,0.022,0.007,22.5,10.7,14.9,0
Sikkim,36.54,3978.1,2,5.1,0.733,49.3,74.6,180.0,89.4,111.0,0.585,0.004,66.5,57.4,60.6,1
Nagaland,31.54,995.5,2,18.84,0.809,72.0,33.5,83.1,62.1,88.7,0.067,0.056,57.5,34.6,42.6,0
Mizoram,20.04,891.3,2,2.56,0.729,51.9,48.8,129.3,59.5,76.8,0.028,0.001,61.3,35.6,44.6,0
Sikkim,41.33,1634.8,2,10.27,0.785,62.1,61.5,167.5,78.6,135.5,0.043,0.017,61.7,53.0,56.0,1
Arunachal Pradesh,37.24,2425.8,3,1.03,0.756,39.9,16.1,28.5,39.8,58.7,0.011,0.008,63.1,17.1,33.2,0
Arunachal Pradesh,51.69,2629.6,1,0.56,0.516,71.9,102.1,237.6,95.8,163.1,1.005,0.026,66.7,73.6,71.2,0
Mizoram,36.33,1247.5,1,5.46,0.378,46.6,13.8,30.1,26.2,34.9,0.017,0.006,45.7,8.6,21.6,0
Nagaland,34.43,1333.6,1,2.09,0.662,22.3,8.2,21.0,36.1,62.1,0.019,0.029,42.3,17.8,26.4,0
Mizoram,42.76,1474.4,2,1.72,0.672,81.7,16.4,23.8,26.1,33.5,0.039,0.012,79.1,11.7,35.3,0
Meghalaya,41.9,1360.9,2,5.01,0.713,76.5,137.4,271.2,83.4,107.7,1.085,0.014,77.2,72.9,74.4,1
Arunachal Pradesh,52.15,2227.8,2,1.83,0.566,62.7,162.3,305.0,99.0,177.5,1.421,0.029,82.9,88.1,86.3,1
Assam,17.14,190.2,2,3.82,0.375,52.2,12.4,28.7,37.7,45.9,0.003,0.02,55.1,21.5,33.3,0
Nagaland,24.15,823.2,3,1.6,0.696,20.8,17.2,34.2,14.4,17.6,0.209,0.025,50.1,13.8,26.5,0
Sikkim,23.51,3699.9,2,6.89,0.681,86.8,7.5,14.7,11.1,14.0,0.025,0.019,57.6,7.7,25.1,0
Tripura,26.32,166.6,2,1.69,0.669,9.7,3.6,7.0,28.6,37.5,0.009,0.046,55.8,9.9,26.0,0
Mizoram,19.1,1045.0,3,3.45,0.509,38.3,108.1,276.4,99.0,122.9,0.52,0.006,48.4,73.4,64.6,1
Mizoram,33.73,2130.4,3,0.11,0.795,85.3,33.8,70.1,39.6,70.1,0.004,0.006,61.5,26.7,38.9,0
Nagaland,38.21,2198.3,1,7.06,0.692,59.6,40.9,80.1,55.8,77.1,0.004,0.033,39.1,29.6,32.9,0
Nagaland,21.84,2001.7,2,4.36,0.676,43.9,10.9,28.5,20.6,36.6,0.374,0.001,56.4,10.7,26.7,0
Mizoram,25.53,2198.1,3,0.96,0.484,79.1,31.5,44.2,49.2,84.9,0.031,0.008,59.0,32.6,41.9,0
Arunachal Pradesh,48.31,3610.7,1,1.09,0.636,99.0,160.3,295.9,99.0,164.3,0.262,0.05,63.3,90.2,80.8,1
Sikkim,42.53,2459.4,2,1.37,0.337,18.9,41.5,97.2,65.3,79.4,0.018,0.008,77.9,39.3,52.8,0
Assam,27.24,719.3,2,3.87,0.561,5.1,0.1,0.1,29.1,47.7,0.035,0.053,59.5,10.3,27.5,0
Sikkim,40.29,1557.1,1,3.58,0.729,46.3,46.3,102.4,37.7,53.8,0.078,0.037,44.5,34.9,38.3,0
Sikkim,30.35,2129.0,1,1.44,0.665,28.7,98.7,200.2,70.9,122.3,0.111,0.035,40.0,60.3,53.2,0
Meghalaya,29.11,2067.7,2,5.33,0.442,66.7,126.4,295.5,99.0,151.6,0.222,0.002,67.3,78.5,74.6,1
Meghalaya,38.57,1547.7,3,9.89,0.656,49.4,4.2,8.9,18.7,25.0,0.005,0.001,44.5,7.3,20.3,0
Mizoram,21.29,1105.6,3,0.2,0.708,49.9,0.3,0.5,40.4,63.2,0.02,0.039,54.6,11.7,26.7,0
Assam,17.05,552.3,3,2.43,0.313,35.5,36.1,57.2,49.5,75.1,0.153,0.025,46.6,25.3,32.7,0
Sikkim,32.67,2232.2,1,4.05,0.724,21.1,158.3,289.5,99.0,159.9,0.828,0.009,37.9,86.4,69.5,0
Arunachal Pradesh,37.55,1658.7,1,3.97,0.621,21.3,87.4,237.6,77.1,104.2,0.115,0.008,46.4,62.1,56.6,0
Arunachal Pradesh,43.55,3469.0,3,0.1,0.639,38.7,37.9,64.2,29.5,53.0,0.059,0.002,68.2,21.6,37.9,0
Manipur,27.06,351.6,2,1.06,0.565,68.2,98.2,200.9,80.7,129.2,1.42,0.016,72.1,61.7,65.3,1
Mizoram,22.81,1599.0,2,0.29,0.7,33.7,206.3,563.3,99.0,141.7,1.787,0.015,71.4,96.4,87.7,1
Sikkim,30.87,2753.5,1,3.79,0.629,32.6,53.9,90.7,36.4,56.6,0.055,0.02,41.3,29.9,33.9,0
Nagaland,23.51,2098.0,2,4.67,0.691,42.5,20.3,35.4,18.4,26.6,0.005,0.028,56.1,13.6,28.5,0
Manipur,19.92,196.0,2,0.78,0.657,99.1,79.0,163.5,64.7,111.2,0.024,0.008,65.7,46.4,53.2,0
Manipur,13.36,411.0,1,1.82,0.79,9.1,22.4,34.6,35.9,63.4,0.136,0.014,23.2,18.6,20.2,0
Manipur,22.3,954.5,3,1.8,0.591,29.5,23.2,35.1,31.7,55.4,0.07,0.01,45.4,21.3,29.7,0
Sikkim,29.58,4191.2,1,7.71,0.65,29.2,159.2,290.3,99.0,144.2,0.305,0.001,23.9,83.9,62.9,0
Nagaland,41.31,1998.8,3,0.97,0.648,97.5,118.3,189.4,74.4,99.0,0.062,0.005,69.8,58.8,62.6,0
Meghalaya,20.27,964.4,3,3.58,0.688,40.7,31.2,62.3,39.0,61.0,0.022,0.038,50.3,22.8,32.4,0
Manipur,15.16,285.5,2,6.87,0.801,56.7,8.8,13.6,29.9,45.9,0.005,0.015,42.0,10.4,21.4,0
Nagaland,43.74,1363.9,3,7.96,0.596,19.8,6.9,15.4,15.2,18.8,0.033,0.019,57.0,6.9,24.4,0
Nagaland,33.53,1153.8,2,4.94,0.434,1.3,16.2,33.8,32.0,54.7,0.008,0.022,66.5,14.5,32.7,0
Mizoram,28.67,1236.0,1,1.6,0.672,33.9,27.5,61.4,22.6,27.6,0.024,0.045,43.2,21.7,29.2,0
Arunachal Pradesh,61.53,3037.5,2,7.79,0.543,63.9,15.9,42.3,47.6,58.2,0.029,0.012,81.1,21.0,42.0,0
Meghalaya,30.24,1374.7,2,6.1,0.599,69.2,56.0,105.5,53.8,88.2,0.027,0.049,64.4,40.5,48.9,0
Tripura,23.67,214.4,2,5.49,0.489,75.4,152.1,270.1,99.0,174.8,0.071,0.098,56.5,86.7,76.1,0
Assam,15.4,193.5,2,0.31,0.519,86.1,23.5,51.8,39.0,63.1,0.031,0.026,63.0,21.5,36.0,0
Arunachal Pradesh,30.07,2328.3,2,0.2,0.525,11.6,10.8,18.9,35.4,59.1,0.006,0.03,65.6,12.9,31.3,0
Arunachal Pradesh,43.72,2783.1,2,5.35,0.732,8.3,41.8,62.5,38.0,66.5,0.059,0.063,65.0,27.7,40.8,0
Arunachal Pradesh,53.19,3183.3,2,13.04,0.443,78.8,50.5,74.8,39.5,55.2,0.027,0.016,73.7,26.6,43.1,0
Nagaland,28.96,1702.2,2,6.69,0.749,43.6,69.0,103.0,57.6,90.4,0.05,0.014,55.9,39.2,45.0,0
Nagaland,24.99,1251.3,2,8.01,0.687,94.7,211.2,365.9,99.0,140.1,0.079,0.0,58.9,91.6,80.2,1
Arunachal Pradesh,46.78,2682.6,3,3.54,0.74,94.3,11.8,28.7,25.5,42.6,0.012,0.006,74.8,14.2,35.4,0
Meghalaya,29.03,807.8,2,1.63,0.627,14.2,0.7,1.1,26.9,45.1,0.016,0.016,63.1,9.1,28.0,0
Manipur,22.39,138.5,3,5.1,0.669,69.1,31.2,55.0,35.5,53.0,0.111,0.069,51.7,24.9,34.3,1
Nagaland,28.76,1546.7,2,5.6,0.583,6.7,195.2,508.2,99.0,164.4,0.538,0.01,58.0,92.6,80.5,1
Meghalaya,29.85,2001.2,2,5.06,0.526,40.3,12.9,25.9,36.2,51.9,0.069,0.045,63.5,16.7,33.1,0
Mizoram,26.1,1359.0,2,13.19,0.36,84.2,63.5,92.5,56.1,90.1,0.008,0.004,61.1,34.1,43.6,1
Meghalaya,36.91,1511.1,1,2.06,0.659,46.1,17.3,30.3,8.8,12.2,0.029,0.013,51.2,11.3,25.3,0
Sikkim,41.64,3956.2,3,0.18,0.773,3.4,22.3,40.7,44.2,56.4,0.016,0.008,65.3,16.7,33.7,0
Meghalaya,34.74,1512.9,1,10.76,0.68,24.0,132.8,220.3,75.9,128.7,0.066,0.024,30.1,67.1,54.2,0
Mizoram,27.29,1591.4,2,0.79,0.742,8.6,27.8,76.6,25.4,31.0,0.002,0.035,65.8,20.3,36.2,0
Manipur,22.02,323.8,1,5.38,0.707,40.8,58.1,114.5,77.0,114.5,0.021,0.0,32.0,44.5,40.1,0
Mizoram,45.67,1159.8,1,9.29,0.636,69.7,35.9,70.2,43.0,76.3,0.164,0.001,46.9,30.8,36.5,0
Nagaland,25.04,873.1,3,1.67,0.824,66.0,65.0,179.9,91.9,110.4,1.474,0.017,51.3,58.4,55.9,0
Arunachal Pradesh,31.54,4164.4,2,7.98,0.793,71.9,17.2,37.3,21.3,37.6,0.066,0.015,56.3,13.0,28.2,0
Meghalaya,27.03,1228.4,3,1.82,0.429,38.4,94.3,142.9,73.9,92.6,0.161,0.017,56.9,46.9,50.4,0
Arunachal Pradesh,39.1,3816.5,2,7.12,0.687,26.5,35.8,72.4,24.6,38.0,0.011,0.002,62.3,21.5,35.8,0
Sikkim,28.96,3330.8,2,0.33,0.723,5.7,16.6,38.5,21.3,31.2,0.042,0.009,66.1,12.1,31.0,0
Nagaland,35.74,1800.8,2,4.79,0.533,94.2,1.8,3.9,37.4,49.3,0.007,0.0,75.2,10.2,32.9,0
Tripura,9.39,755.3,2,5.09,0.695,11.8,156.8,405.0,99.0,161.0,0.393,0.056,46.7,93.1,76.8,1
Arunachal Pradesh,45.06,3849.3,3,3.04,0.784,17.8,19.6,53.9,37.6,51.7,0.022,0.007,65.9,24.7,39.1,0
Sikkim,41.17,3063.1,2,5.23,0.569,2.5,10.9,16.2,38.4,63.3,0.027,0.002,70.6,16.5,35.4,0
Nagaland,45.46,1945.5,2,11.55,0.73,31.7,2.4,4.3,20.4,29.3,0.033,0.023,65.8,6.8,27.4,0
Arunachal Pradesh,29.9,1515.3,3,5.96,0.403,81.9,36.2,96.3,40.3,49.4,0.092,0.003,54.7,23.2,34.2,0
Meghalaya,39.55,1115.1,1,14.63,0.508,33.2,280.0,733.9,99.0,144.4,1.874,0.001,42.5,91.8,74.6,1
Nagaland,31.4,1467.5,2,2.68,0.487,66.6,24.7,35.1,24.1,38.3,0.097,0.007,73.1,14.1,34.7,0
Mizoram,30.01,1048.0,2,3.38,0.782,96.6,36.1,79.8,56.5,71.9,0.196,0.05,70.7,29.8,44.1,0
Arunachal Pradesh,29.52,2481.8,1,1.38,0.76,89.3,11.2,20.6,38.3,65.0,0.049,0.023,49.4,20.0,30.3,0
Sikkim,34.18,2149.4,2,19.08,0.678,18.0,71.1,152.3,64.7,101.0,0.061,0.0,52.1,46.6,48.5,1
Nagaland,29.16,1521.8,1,0.26,0.458,35.9,17.9,30.6,23.9,41.6,0.029,0.057,44.0,16.1,25.9,0
Meghalaya,21.88,1859.3,3,2.0,0.759,75.1,81.1,193.7,75.7,132.5,0.036,0.044,48.5,58.3,54.8,1
Arunachal Pradesh,41.08,2335.8,2,1.59,0.801,97.8,145.5,271.2,99.0,176.2,2.763,0.004,78.2,88.8,85.1,1
Nagaland,33.58,1410.9,3,2.2,0.744,71.6,60.6,139.2,67.6,98.6,0.086,0.014,59.4,41.2,47.6,0
Arunachal Pradesh,43.16,3632.8,2,11.24,0.713,25.2,0.9,1.4,31.5,44.2,0.034,0.054,58.4,7.3,25.2,0
Nagaland,27.98,1275.6,2,2.07,0.837,13.3,26.0,71.4,46.2,79.0,0.007,0.022,60.6,28.8,39.9,1
Arunachal Pradesh,45.41,4027.1,3,11.2,0.822,49.5,120.9,212.1,83.9,134.2,1.64,0.0,61.3,71.5,67.9,1
Assam,28.35,794.5,3,2.48,0.76,19.3,123.1,242.7,85.7,121.4,5.022,0.003,49.3,81.9,70.5,1
Sikkim,36.2,3982.7,1,8.68,0.707,22.8,61.6,119.1,46.4,80.6,0.031,0.0,37.1,37.1,37.1,0
Sikkim,30.06,3089.5,2,3.32,0.663,63.4,172.3,385.0,99.0,134.1,1.082,0.026,66.0,92.1,83.0,1
Arunachal Pradesh,38.66,3601.7,3,1.68,0.811,51.5,127.3,197.1,87.5,152.8,0.237,0.024,65.3,73.2,70.4,1
Sikkim,38.26,3894.2,3,2.68,0.474,12.1,46.7,87.2,50.0,84.1,0.035,0.009,60.6,34.5,43.6,0
Manipur,19.03,703.6,3,2.49,0.645,15.4,54.0,142.1,59.1,85.5,0.053,0.004,42.6,38.8,40.2,0
Tripura,23.66,892.7,2,1.35,0.695,1.9,36.2,70.8,54.4,77.0,0.023,0.144,61.3,32.7,42.7,0
Sikkim,35.18,3545.7,1,1.54,0.615,22.0,83.8,145.3,66.2,114.5,0.004,0.016,44.1,45.1,44.7,0
Meghalaya,24.95,1544.8,1,0.93,0.62,88.7,1.7,4.5,17.0,25.3,0.034,0.013,44.8,7.1,20.3,0
Nagaland,33.18,1299.5,3,1.84,0.68,79.3,127.7,283.1,99.0,164.4,1.986,0.032,64.1,87.7,79.5,1
Manipur,23.96,919.6,2,4.41,0.779,41.5,66.8,132.5,39.4,62.5,0.102,0.018,54.2,36.1,42.4,0
Mizoram,37.23,820.8,1,2.2,0.66,74.2,33.9,91.9,49.6,64.8,0.067,0.003,48.5,32.4,38.0,0
Sikkim,34.64,1719.5,3,5.61,0.517,40.7,88.6,210.6,84.4,146.9,0.132,0.005,57.6,65.9,63.0,0
Sikkim,40.63,1556.3,1,19.54,0.615,79.2,79.2,185.1,96.5,151.6,1.082,0.035,40.5,63.6,55.5,0
Mizoram,41.97,2181.7,3,2.13,0.669,18.2,24.5,45.5,26.2,36.6,0.039,0.013,57.5,17.4,31.4,0
Arunachal Pradesh,50.02,2574.7,2,2.79,0.516,15.3,82.4,180.0,85.5,121.1,2.558,0.004,83.6,65.0,71.5,1
Mizoram,39.78,1955.9,1,0.81,0.608,7.8,155.8,320.5,99.0,132.8,0.778,0.062,44.8,89.4,73.8,1
Sikkim,25.24,4029.3,2,2.24,0.63,24.2,28.5,55.8,50.8,78.9,0.055,0.032,60.0,26.1,37.9,0
Nagaland,29.74,1688.9,1,5.84,0.614,14.6,11.9,16.8,39.6,51.9,0.039,0.034,35.5,19.1,24.9,0
Arunachal Pradesh,49.35,3812.0,2,1.1,0.771,79.9,6.0,10.8,15.6,22.2,0.055,0.046,91.8,3.4,34.4,0
Mizoram,21.46,1037.6,2,0.9,0.751,24.0,101.3,280.6,99.0,174.6,0.151,0.008,54.4,76.4,68.7,0
Meghalaya,31.65,800.2,1,2.12,0.669,51.6,20.6,51.3,31.2,38.2,0.16,0.005,44.1,19.6,28.2,0
Mizoram,27.87,1141.4,3,7.68,0.786,75.6,51.9,117.3,77.4,126.3,0.159,0.004,50.3,45.4,47.1,1
Arunachal Pradesh,40.81,2304.3,2,4.4,0.427,67.7,21.2,42.0,32.2,41.2,0.005,0.024,78.8,18.5,39.6,0
Meghalaya,17.55,1744.5,2,14.22,0.477,20.5,35.3,53.3,43.1,61.0,0.081,0.005,41.8,20.5,28.0,0
Meghalaya,40.55,877.9,1,10.57,0.655,7.7,19.2,43.4,28.0,43.2,0.12,0.016,33.4,17.6,23.1,0
Meghalaya,31.98,1271.8,1,0.74,0.611,91.2,61.1,108.8,58.8,105.3,0.097,0.044,54.6,39.6,44.8,0
Mizoram,24.53,1214.1,3,0.2,0.742,62.2,69.5,153.3,66.4,92.5,0.018,0.001,62.0,45.6,51.3,0
Mizoram,26.94,891.1,2,2.29,0.705,70.7,112.1,305.5,99.0,130.2,0.921,0.003,66.0,73.6,71.0,1
Nagaland,34.57,2164.8,2,3.32,0.491,38.6,88.4,220.9,75.5,118.9,0.008,0.011,66.9,59.9,62.4,1
Sikkim,31.24,3394.7,3,3.26,0.614,24.2,19.8,54.2,32.7,48.6,0.045,0.054,56.7,19.2,32.4,1
Nagaland,44.23,1858.9,2,0.65,0.719,53.1,64.7,166.4,84.6,114.7,2.354,0.013,78.0,53.7,62.2,0
Meghalaya,31.16,1401.8,2,0.6,0.719,7.8,47.3,71.9,28.0,45.9,0.065,0.014,59.6,23.1,35.9,0
Arunachal Pradesh,50.87,1529.8,3,0.22,0.708,80.0,27.4,42.1,20.7,34.5,0.009,0.001,82.6,15.2,38.8,0
Arunachal Pradesh,39.44,2048.5,3,8.56,0.683,65.5,98.9,232.2,87.0,142.6,0.376,0.017,55.9,65.8,62.3,0
Sikkim,43.97,3982.9,1,13.28,0.539,76.2,38.2,88.6,51.8,88.2,0.02,0.139,45.7,40.5,42.3,0
Nagaland,36.46,1952.2,2,0.55,0.389,56.9,82.5,159.4,88.9,142.9,0.775,0.021,81.1,59.2,66.9,1
Mizoram,28.67,1123.3,3,1.08,0.764,57.8,216.6,319.5,99.0,159.4,2.661,0.065,59.5,100.0,85.8,1
Nagaland,37.01,805.8,2,0.42,0.738,60.0,34.2,82.1,61.4,90.0,0.086,0.052,79.4,34.5,50.2,0
Meghalaya,29.25,829.4,3,9.45,0.71,78.4,90.5,140.1,56.3,87.1,0.012,0.036,49.1,48.9,49.0,0
Meghalaya,20.89,1765.8,3,14.34,0.521,22.5,204.3,467.7,99.0,159.3,0.596,0.005,37.1,90.8,72.0,1
Arunachal Pradesh,36.24,3027.0,2,1.37,0.707,68.2,2.6,3.9,24.0,36.2,0.06,0.013,74.7,9.3,32.2,0
Sikkim,27.82,3639.0,1,1.63,0.645,55.3,101.2,167.5,66.0,106.4,0.037,0.018,45.4,53.6,50.7,0
Meghalaya,29.01,1382.5,1,2.03,0.725,49.5,31.8,69.2,39.1,67.6,0.069,0.023,42.5,27.4,32.7,1
Arunachal Pradesh,37.7,1745.3,2,3.14,0.562,54.1,62.2,139.0,58.4,85.0,0.051,0.016,79.5,37.3,52.0,0
Sikkim,30.29,1848.1,2,5.16,0.593,27.2,18.3,42.8,35.4,51.8,0.053,0.017,64.0,19.6,35.1,0
Mizoram,35.91,2094.5,3,3.16,0.581,3.7,21.8,33.9,42.0,70.0,0.008,0.006,60.4,19.2,33.6,0
Nagaland,29.17,1956.8,2,13.57,0.686,75.9,9.5,19.3,10.2,14.2,0.091,0.004,60.0,4.8,24.1,0
Tripura,12.65,594.2,2,0.47,0.687,91.6,250.5,397.6,99.0,123.4,2.982,0.005,59.5,99.4,85.5,1
Assam,14.64,749.7,3,7.21,0.556,48.1,2.0,5.4,26.8,38.3,0.015,0.007,32.0,4.3,14.0,0
Mizoram,32.75,1965.1,2,1.83,0.726,83.8,22.0,56.5,50.3,75.9,0.165,0.005,75.8,29.8,45.9,0
Meghalaya,30.25,1984.9,2,2.13,0.589,55.5,18.3,40.2,16.0,21.9,0.063,0.008,69.8,13.7,33.4,0
Mizoram,34.05,1515.4,1,5.55,0.638,93.0,75.5,151.2,70.4,113.0,0.122,0.02,46.6,51.4,49.8,0
Nagaland,32.8,2079.3,2,11.93,0.444,50.8,31.3,58.1,27.8,42.3,0.001,0.025,59.8,22.6,35.7,0
Arunachal Pradesh,29.69,2979.9,3,5.67,0.519,20.5,133.6,334.1,99.0,136.6,1.084,0.013,49.8,86.5,73.7,0
Sikkim,32.79,2723.1,2,6.73,0.728,87.0,32.0,67.7,54.5,70.9,0.191,0.004,59.5,28.5,39.3,0
Nagaland,38.04,933.0,2,6.25,0.536,80.0,12.1,17.2,41.3,67.8,0.053,0.02,70.7,18.2,36.6,0
Sikkim,30.94,2366.1,1,1.74,0.605,39.8,0.8,1.7,15.5,18.6,0.008,0.043,43.0,8.6,20.6,0
Meghalaya,42.8,1021.4,3,6.36,0.355,84.2,35.4,92.0,39.6,56.3,0.048,0.026,65.4,27.2,40.5,0
Mizoram,22.06,2004.8,3,6.91,0.715,0.9,20.1,45.2,11.6,16.1,0.022,0.002,38.6,13.1,22.1,0
Arunachal Pradesh,45.03,2763.2,2,3.43,0.646,80.0,12.3,18.4,31.2,39.8,0.06,0.003,81.5,12.2,36.4,0
Sikkim,37.12,2242.6,3,3.46,0.769,68.8,8.5,18.9,9.9,17.6,0.103,0.017,63.3,10.2,28.8,0
Sikkim,29.74,2557.7,2,6.42,0.455,38.0,27.2,66.6,59.2,82.7,0.119,0.023,62.0,30.0,41.2,0
Arunachal Pradesh,38.68,3091.0,2,7.64,0.518,79.2,181.5,441.7,99.0,169.3,2.191,0.007,66.5,94.7,84.8,1
Arunachal Pradesh,31.2,3591.7,3,1.85,0.428,12.7,63.9,137.8,57.4,84.8,0.005,0.005,54.8,43.0,47.1,0
Nagaland,28.13,2125.5,1,7.28,0.776,20.3,0.2,0.5,19.8,30.7,0.01,0.01,32.1,2.1,12.6,0
Sikkim,34.76,4034.2,2,7.57,0.48,53.4,59.1,92.5,50.3,78.3,0.019,0.004,64.9,35.1,45.5,0
Meghalaya,37.18,1243.7,1,1.2,0.741,88.1,3.4,6.0,27.0,41.4,0.038,0.014,47.7,15.5,26.8,0
Sikkim,32.68,2154.3,2,5.68,0.674,13.0,117.5,201.9,80.2,141.5,0.908,0.002,63.5,65.3,64.6,1
Assam,21.38,796.3,2,0.93,0.606,56.4,68.1,128.7,53.6,83.0,0.014,0.031,65.1,41.0,49.5,0
Sikkim,44.64,2657.6,1,0.44,0.631,75.3,27.2,62.3,25.6,46.0,0.041,0.027,63.3,15.6,32.3,0
Meghalaya,32.37,2017.7,2,3.85,0.718,74.3,121.6,257.7,99.0,139.5,2.405,0.004,77.5,79.1,78.5,1
Manipur,22.29,963.9,2,10.77,0.316,62.8,126.2,259.2,90.2,141.9,1.044,0.026,54.5,75.4,68.1,0
Manipur,19.76,396.2,2,0.16,0.725,94.1,1.3,2.9,5.0,8.8,0.183,0.01,65.1,0.4,23.0,0
Arunachal Pradesh,42.56,1696.2,1,7.88,0.547,48.2,5.0,9.9,15.1,24.2,0.018,0.013,47.6,5.3,20.1,0
Nagaland,23.25,1971.4,3,3.18,0.737,88.0,91.9,252.9,98.6,133.2,0.025,0.009,54.7,63.7,60.6,0
Meghalaya,42.04,1996.9,2,8.88,0.787,62.0,97.8,138.8,60.2,102.5,0.043,0.048,65.5,47.6,53.9,1
Meghalaya,18.98,2163.9,3,8.35,0.666,73.7,21.0,38.4,42.9,65.0,0.139,0.022,44.3,23.7,31.0,0
Arunachal Pradesh,32.18,3522.6,3,9.37,0.746,46.5,35.0,97.2,46.0,75.2,0.085,0.007,46.0,32.0,36.9,0
Arunachal Pradesh,37.2,3026.0,2,6.59,0.646,16.8,8.1,21.8,20.7,25.2,0.055,0.029,64.6,5.7,26.3,0
Nagaland,18.99,1503.4,1,8.33,0.561,10.9,97.0,249.1,99.0,142.5,0.106,0.009,24.8,66.7,52.0,0
Meghalaya,28.45,1274.2,2,0.87,0.561,68.2,28.5,46.1,34.2,54.2,0.146,0.001,69.7,24.9,40.5,0
Meghalaya,33.9,2027.6,2,1.63,0.587,37.6,37.4,94.5,64.5,103.5,0.01,0.008,67.0,34.3,45.7,0
Nagaland,43.14,1561.0,1,1.25,0.698,56.7,77.1,117.9,53.6,81.6,0.005,0.001,52.3,43.0,46.3,0
Nagaland,36.09,1580.1,1,6.1,0.67,74.6,42.9,64.8,41.1,50.3,0.008,0.003,41.3,24.5,30.4,0
Arunachal Pradesh,34.3,2058.5,2,0.75,0.73,78.6,53.6,81.1,28.4,47.8,0.004,0.001,74.1,28.6,44.6,0
Mizoram,21.56,1982.2,3,0.91,0.728,51.0,15.7,34.8,29.2,46.2,0.022,0.01,48.8,18.4,29.0,0
Arunachal Pradesh,49.01,2723.9,3,9.5,0.535,31.5,101.9,241.1,94.0,118.2,0.201,0.076,61.0,69.8,66.7,0
Nagaland,28.64,1354.4,1,5.51,0.573,77.6,133.6,235.0,74.3,127.8,0.087,0.041,45.6,70.0,61.4,0
Mizoram,33.88,2176.5,2,9.37,0.725,41.5,102.5,237.1,90.9,143.0,0.927,0.036,60.0,69.1,65.9,1
Assam,17.4,350.0,1,0.68,0.755,93.7,54.7,111.6,57.9,99.0,0.007,0.0,38.7,32.0,34.3,0
Arunachal Pradesh,41.34,2390.5,2,2.29,0.684,82.5,162.5,449.1,99.0,168.3,0.716,0.007,83.1,88.5,86.6,1
Arunachal Pradesh,48.56,3523.7,3,1.5,0.588,74.7,54.0,101.7,60.8,98.2,0.027,0.005,75.9,36.4,50.2,0
Sikkim,44.18,2876.7,3,0.1,0.42,24.1,25.2,59.3,26.6,36.5,0.036,0.032,74.2,15.3,35.9,0
Sikkim,35.72,1834.5,2,1.51,0.394,36.3,18.1,28.6,30.7,51.0,0.012,0.001,73.8,14.5,35.2,0
Sikkim,49.24,3024.0,1,2.15,0.832,84.9,59.6,88.3,66.3,92.6,0.002,0.027,63.3,38.6,47.2,0
Manipur,31.09,937.5,2,0.44,0.824,2.3,15.9,36.3,34.3,48.2,0.036,0.018,66.1,18.5,35.2,1
Sikkim,46.42,2656.5,3,3.76,0.772,78.1,2.9,5.0,17.4,27.8,0.022,0.004,70.6,8.0,29.9,0
Sikkim,34.57,2752.2,1,2.17,0.615,40.4,12.8,34.2,31.0,54.1,0.03,0.021,49.9,14.8,27.1,0
Nagaland,37.8,1381.1,2,0.21,0.48,79.9,184.6,262.5,99.0,145.3,0.326,0.007,80.1,90.9,87.1,1
Meghalaya,38.85,1065.1,3,5.48,0.779,55.2,70.9,192.8,79.4,122.0,0.01,0.003,56.2,55.8,55.9,1
Nagaland,30.25,1567.0,3,5.88,0.8,52.7,89.9,128.4,46.8,62.5,0.031,0.009,52.3,43.8,46.8,0
Arunachal Pradesh,53.71,1639.6,3,8.09,0.699,70.2,17.9,41.2,26.1,41.9,0.013,0.051,68.6,13.5,32.8,0
Meghalaya,40.33,1095.5,2,2.99,0.683,80.6,165.3,426.6,99.0,137.1,1.261,0.019,79.3,91.9,87.5,1
Arunachal Pradesh,36.29,3194.1,2,15.58,0.713,69.3,160.4,321.1,99.0,171.5,0.536,0.016,59.3,90.9,79.9,1
Arunachal Pradesh,34.56,3028.7,2,11.04,0.739,45.1,41.9,97.5,64.3,77.2,0.027,0.026,64.0,32.5,43.5,0
Manipur,25.72,345.7,3,3.61,0.653,32.1,145.4,263.4,98.8,147.0,2.432,0.011,56.0,89.5,77.8,1
Arunachal Pradesh,56.46,2160.2,3,2.65,0.67,84.6,5.8,11.9,43.9,74.6,0.027,0.017,80.9,14.7,37.9,0
Meghalaya,23.68,1048.1,3,0.1,0.626,52.1,7.6,12.4,17.7,24.3,0.126,0.006,60.2,6.2,25.1,0
Sikkim,41.75,3857.2,1,5.59,0.801,78.3,13.0,22.3,13.2,19.6,0.053,0.013,46.7,8.6,21.9,0
Sikkim,44.88,2598.5,3,3.75,0.297,99.6,8.3,21.9,19.4,24.5,0.025,0.03,75.6,11.7,34.1,0
Manipur,27.39,335.8,2,12.48,0.619,64.4,164.8,394.7,99.0,125.7,0.231,0.026,56.7,85.9,75.7,1
Arunachal Pradesh,44.97,3549.1,1,4.06,0.635,27.8,48.3,124.6,50.8,80.4,0.017,0.033,49.4,30.7,37.3,0
Mizoram,28.73,1215.9,1,22.24,0.789,86.6,8.9,17.5,42.0,70.8,0.02,0.018,30.9,20.7,24.2,0
Assam,12.26,199.9,2,8.65,0.707,27.4,24.8,39.2,14.1,17.4,0.023,0.037,40.0,11.2,21.3,0
Meghalaya,29.89,1811.9,2,13.82,0.811,26.0,14.1,37.8,20.6,27.3,0.017,0.002,49.1,10.4,24.0,0
Assam,24.7,996.0,3,1.79,0.821,7.4,51.9,142.9,44.1,64.3,0.005,0.051,49.7,35.7,40.6,0
Arunachal Pradesh,33.16,1706.9,3,0.73,0.764,7.9,202.0,523.8,99.0,175.7,1.316,0.003,56.5,91.6,79.3,1
Sikkim,49.97,3630.2,1,7.17,0.665,86.2,23.0,50.4,39.1,49.2,0.03,0.021,53.8,22.3,33.3,0
Sikkim,36.93,3552.0,2,6.94,0.452,23.1,25.2,53.0,26.4,43.8,0.065,0.02,69.3,20.0,37.2,0
Nagaland,27.61,1633.0,1,1.07,0.804,10.9,22.9,60.7,36.7,57.5,0.124,0.026,35.4,22.5,27.0,0
Tripura,7.68,976.5,2,6.51,0.811,35.3,26.8,53.0,27.6,40.1,0.047,0.007,38.9,20.3,26.8,0
Sikkim,42.72,2227.3,2,3.92,0.802,71.4,1.6,3.7,20.4,28.0,0.066,0.021,71.5,10.0,31.5,0
Mizoram,30.41,2184.7,3,0.52,0.669,34.0,40.4,80.0,51.6,73.5,0.036,0.001,59.7,32.3,41.9,0
Arunachal Pradesh,34.34,3156.2,2,3.14,0.768,30.9,136.7,206.4,85.0,123.6,0.043,0.009,64.4,70.1,68.1,1
Meghalaya,46.06,1181.5,3,12.04,0.617,48.8,215.4,568.9,99.0,170.8,0.468,0.023,55.0,88.9,77.0,1
Meghalaya,27.98,959.7,3,3.18,0.662,2.1,88.9,214.4,76.6,137.2,0.024,0.012,48.3,58.9,55.2,1
Tripura,17.99,412.9,2,7.0,0.561,49.1,11.7,24.0,39.4,70.0,0.036,0.115,52.4,22.8,33.1,1
Mizoram,36.0,943.6,2,0.13,0.584,99.0,42.0,68.4,25.0,32.2,0.018,0.013,80.5,18.1,39.9,0
Sikkim,49.82,3801.0,3,5.86,0.672,79.9,100.6,165.7,79.1,96.2,0.023,0.022,75.4,54.2,61.6,1
Arunachal Pradesh,42.0,3309.5,1,13.2,0.643,7.0,3.2,7.5,9.3,12.4,0.021,0.032,35.3,3.5,14.7,0
Arunachal Pradesh,38.88,1973.0,3,3.11,0.774,65.5,94.4,256.0,79.3,109.6,0.04,0.042,55.6,63.3,60.6,1
Sikkim,56.33,1576.3,3,1.85,0.696,46.1,3.0,6.0,23.4,34.5,0.163,0.017,78.0,12.8,35.6,0
Sikkim,34.76,1540.3,1,4.68,0.754,82.6,280.0,566.3,99.0,149.2,0.537,0.028,45.2,92.7,76.0,1
Manipur,17.74,486.6,3,11.16,0.652,9.9,3.9,9.3,5.0,7.1,0.022,0.038,35.8,2.8,14.4,0
Meghalaya,28.07,1482.4,1,0.88,0.712,23.3,20.6,53.6,30.0,52.7,0.274,0.003,40.9,16.3,24.9,0
Meghalaya,34.84,1634.6,3,2.33,0.713,79.1,161.3,407.4,99.0,161.9,1.412,0.006,64.2,88.2,79.8,1
Arunachal Pradesh,30.81,2295.1,2,0.76,0.52,84.9,2.6,6.3,28.4,45.9,0.077,0.0,69.0,9.0,30.0,0
Manipur,13.51,439.1,3,3.09,0.696,52.9,90.5,159.6,82.2,127.1,0.079,0.02,44.6,54.9,51.3,1
Nagaland,29.63,1679.5,2,3.5,0.807,2.0,3.0,4.9,18.2,27.9,0.034,0.017,57.6,1.7,21.2,0
Arunachal Pradesh,24.97,2428.3,3,12.99,0.794,89.4,70.8,99.8,53.3,77.8,0.074,0.036,42.7,45.5,44.5,0
Mizoram,33.89,1659.6,1,2.39,0.71,38.3,106.8,294.6,99.0,144.9,0.401,0.013,44.5,71.0,61.8,0
Meghalaya,34.85,1574.8,2,3.77,0.634,4.0,123.0,246.9,99.0,174.6,0.168,0.018,63.1,74.1,70.2,1
Arunachal Pradesh,42.94,2478.2,1,9.74,0.473,81.9,89.8,150.7,73.1,113.6,0.007,0.035,48.3,56.6,53.7,0
Meghalaya,38.14,854.9,3,1.74,0.743,41.8,139.7,219.5,99.0,143.4,0.599,0.001,61.7,77.6,72.0,0
Meghalaya,29.82,2183.2,2,5.05,0.675,19.0,71.3,114.8,67.5,100.9,0.01,0.002,62.9,42.7,49.8,0
Arunachal Pradesh,48.64,1602.6,2,6.37,0.645,80.2,280.0,523.4,99.0,174.0,2.326,0.007,82.2,98.4,92.7,1
Assam,26.82,645.0,3,1.81,0.64,45.8,0.9,2.4,12.3,17.4,0.049,0.005,56.2,3.4,21.9,0
Manipur,14.16,350.1,3,0.81,0.407,60.8,8.2,22.6,28.9,52.1,0.003,0.004,51.2,14.4,27.3,0
Mizoram,31.74,2046.4,1,3.15,0.68,82.3,3.8,8.0,35.7,51.1,0.01,0.001,52.0,9.9,24.7,0
Meghalaya,16.62,901.8,3,1.99,0.719,52.2,205.8,379.8,99.0,165.9,0.451,0.083,49.8,90.2,76.0,1
Sikkim,48.78,3428.1,1,1.39,0.688,11.0,4.1,6.7,35.3,43.8,0.052,0.022,59.4,18.9,33.1,0
Mizoram,38.0,1514.4,3,16.32,0.812,96.4,15.6,28.1,25.1,36.3,0.026,0.022,54.3,13.3,27.7,0
Meghalaya,42.67,1407.3,3,3.14,0.666,28.7,45.7,103.7,30.2,38.8,0.047,0.026,65.8,28.1,41.3,0
Arunachal Pradesh,25.87,4041.4,1,8.74,0.65,99.4,31.0,84.5,40.5,55.6,0.029,0.06,36.0,27.6,30.5,0
Meghalaya,35.49,1624.3,1,0.98,0.651,0.6,6.6,13.8,11.1,16.0,0.038,0.013,46.8,8.4,21.9,0
Nagaland,28.51,1928.0,2,12.62,0.742,48.4,33.2,52.9,26.1,40.1,0.028,0.022,51.6,21.6,32.1,0
Meghalaya,18.89,1026.3,2,7.12,0.77,70.5,18.7,51.1,61.1,78.4,0.002,0.043,58.4,23.7,35.8,0
Arunachal Pradesh,46.63,2351.8,3,7.44,0.483,90.6,39.7,109.0,49.7,72.9,0.02,0.012,68.4,31.8,44.6,0
Nagaland,23.8,1909.5,2,2.22,0.756,78.0,34.8,92.3,51.3,90.2,0.035,0.017,64.4,37.0,46.6,0
Arunachal Pradesh,41.08,1684.5,3,2.99,0.715,25.6,205.1,533.8,99.0,148.9,1.25,0.005,60.7,89.5,79.4,1
Sikkim,33.67,1534.0,2,4.05,0.582,24.3,89.6,223.0,89.0,110.5,1.029,0.016,67.5,61.4,63.5,1
Arunachal Pradesh,39.55,2449.9,3,7.02,0.722,35.7,0.2,0.3,5.6,7.4,0.076,0.021,53.9,6.5,23.1,0
Sikkim,45.58,2128.0,3,8.51,0.55,11.1,155.4,288.8,99.0,166.4,0.17,0.002,56.4,83.3,73.9,1
Nagaland,33.29,2188.2,3,0.37,0.594,67.0,110.0,270.0,98.4,136.2,0.627,0.015,61.7,68.7,66.2,1
Meghalaya,48.81,2176.5,1,10.55,0.428,94.1,34.9,91.2,41.4,70.7,0.026,0.004,51.9,28.4,36.6,0
Arunachal Pradesh,30.66,2826.1,2,12.48,0.61,64.2,64.1,110.2,58.5,80.7,0.086,0.028,57.2,34.5,42.5,1
Manipur,32.24,714.2,1,4.04,0.342,53.3,126.2,286.3,99.0,152.0,0.9,0.045,43.7,84.5,70.2,0
Manipur,18.21,167.7,2,0.93,0.462,50.3,69.3,102.8,49.1,76.2,0.149,0.104,60.7,39.7,47.1,0
Manipur,15.85,166.0,2,7.68,0.761,59.3,6.4,16.7,25.7,40.9,0.012,0.001,50.0,14.7,27.1,0
Sikkim,37.42,3618.9,3,3.58,0.794,71.1,60.3,113.7,45.1,74.1,0.01,0.016,62.2,35.3,44.8,0
Meghalaya,22.15,1479.7,1,7.65,0.687,79.5,211.3,353.9,99.0,178.0,0.366,0.017,34.0,96.8,74.8,1
Tripura,16.33,595.3,2,7.59,0.527,69.8,97.8,251.6,99.0,119.2,1.684,0.042,55.8,74.0,67.7,1
Nagaland,30.31,1179.8,2,0.41,0.621,70.5,20.7,33.9,24.1,40.1,0.01,0.017,76.7,13.4,35.5,0
Arunachal Pradesh,40.25,1800.5,1,4.2,0.65,95.2,197.0,402.8,99.0,166.3,1.043,0.002,51.6,93.6,78.9,1
Arunachal Pradesh,38.54,2072.7,2,2.97,0.656,89.9,91.2,139.9,80.2,106.5,0.119,0.023,79.5,52.9,62.2,1
Meghalaya,35.51,1880.5,3,13.14,0.616,82.4,107.3,217.0,99.0,135.2,2.096,0.009,56.6,71.4,66.2,0
Manipur,19.83,908.4,1,1.58,0.517,4.3,186.8,503.3,99.0,154.4,0.002,0.0,35.1,91.0,71.4,1
Meghalaya,39.86,1886.6,3,1.04,0.687,66.9,48.3,114.5,57.8,76.7,0.046,0.048,70.9,37.1,49.0,0
Meghalaya,36.74,1549.1,2,10.23,0.676,45.5,92.8,257.9,99.0,154.6,0.905,0.013,62.1,73.4,69.5,0
Arunachal Pradesh,41.57,2349.3,3,0.72,0.615,61.8,129.7,262.9,99.0,129.6,0.13,0.029,69.3,78.4,75.2,0
Mizoram,41.13,1585.6,1,5.22,0.646,68.6,78.5,207.6,89.5,137.2,1.185,0.032,46.9,61.1,56.1,0
Nagaland,41.13,2174.4,3,1.61,0.804,71.5,13.7,36.6,51.7,86.5,0.078,0.016,69.9,23.2,39.5,0
Sikkim,39.15,2609.8,1,3.78,0.755,86.9,39.1,59.8,47.0,83.9,0.112,0.017,53.7,30.3,38.4,0
Nagaland,29.59,1887.6,2,4.31,0.718,91.0,122.8,340.2,99.0,145.0,0.023,0.004,66.6,83.6,77.7,1
Assam,21.36,434.3,1,2.43,0.323,60.7,32.2,85.4,36.4,51.5,0.131,0.019,37.6,18.2,25.0,0
Arunachal Pradesh,37.03,3148.7,3,16.59,0.804,89.4,4.4,10.0,33.9,57.0,0.071,0.0,57.3,14.9,29.8,0
Meghalaya,29.32,967.0,3,0.64,0.605,76.5,101.8,218.9,85.1,115.7,0.063,0.001,64.6,61.9,62.8,1
Sikkim,39.59,2390.2,1,2.23,0.557,20.3,39.6,76.7,47.2,69.3,0.074,0.031,50.8,28.2,36.1,0
Nagaland,34.72,1347.1,1,2.53,0.673,3.5,3.3,7.4,5.0,6.6,0.211,0.006,42.8,1.3,15.8,0
Meghalaya,36.38,1740.3,2,4.49,0.346,1.0,0.5,1.2,10.7,17.8,0.069,0.01,68.4,2.9,25.8,0
Mizoram,42.39,1344.8,1,2.35,0.708,58.7,13.6,32.6,41.7,60.4,0.168,0.035,54.7,19.1,31.5,0
Nagaland,33.99,1099.5,2,0.46,0.682,52.2,5.8,10.5,8.3,12.9,0.039,0.017,70.7,4.3,27.5,0
Sikkim,37.94,2628.2,2,13.26,0.805,69.6,44.6,104.3,62.0,80.4,0.025,0.024,56.5,35.8,43.1,0
Manipur,25.93,787.6,3,2.42,0.81,84.3,113.8,160.0,60.4,106.5,0.04,0.009,56.5,53.8,54.7,0
Meghalaya,26.57,1209.4,3,1.89,0.683,16.4,82.7,135.5,49.4,88.7,0.0,0.091,52.3,45.8,48.1,0
Arunachal Pradesh,21.99,4168.7,2,2.66,0.729,85.6,32.4,52.3,33.8,48.5,0.033,0.011,65.7,24.5,39.0,0
Mizoram,21.33,1457.7,1,1.1,0.772,9.8,13.1,32.0,11.4,19.5,0.052,0.036,33.7,7.2,16.5,0
Nagaland,35.39,1487.5,2,0.48,0.746,88.3,2.3,6.2,11.6,14.9,0.043,0.008,70.2,2.3,26.1,0
Sikkim,35.43,3117.8,2,0.72,0.474,85.0,0.5,0.7,26.8,44.3,0.024,0.03,81.9,8.9,34.5,0
Manipur,18.62,949.8,2,0.82,0.801,69.7,117.0,313.2,99.0,167.4,0.308,0.002,58.6,76.5,70.2,1
Manipur,15.22,630.6,2,0.99,0.718,30.0,7.0,12.8,21.0,32.1,0.079,0.11,56.8,15.9,30.2,0
Sikkim,48.23,3958.1,3,2.45,0.666,9.3,31.1,70.7,54.4,84.0,0.094,0.034,64.7,28.9,41.4,0
Tripura,11.06,346.6,3,4.4,0.767,77.8,71.3,116.1,49.1,82.0,0.025,0.006,39.1,37.2,37.8,0
Arunachal Pradesh,42.99,1965.5,1,4.46,0.672,21.8,118.8,233.3,88.1,118.9,0.133,0.007,39.4,67.5,57.7,1
Arunachal Pradesh,38.06,3443.1,2,0.1,0.594,44.1,10.1,20.7,13.7,17.9,0.011,0.008,76.7,14.7,36.4,0
Arunachal Pradesh,51.24,2448.3,3,11.42,0.564,53.1,11.9,22.9,14.4,23.7,0.029,0.01,65.2,10.6,29.7,0
Manipur,25.96,382.5,3,7.79,0.5,68.5,123.4,314.8,99.0,148.0,0.285,0.008,50.3,82.0,70.9,0
Mizoram,24.67,1387.5,2,14.95,0.452,48.7,7.8,17.3,15.0,26.0,0.026,0.004,52.2,8.0,23.4,0
Arunachal Pradesh,43.76,2008.1,3,2.01,0.412,69.5,27.3,57.2,38.3,68.8,0.014,0.045,68.3,21.3,37.7,0
Meghalaya,35.18,996.5,2,4.92,0.68,81.4,124.5,310.9,99.0,169.5,1.31,0.008,72.0,82.4,78.7,1
Mizoram,31.54,1622.3,2,0.83,0.591,71.3,55.1,131.9,74.3,97.5,0.019,0.009,69.8,38.9,49.7,0
Arunachal Pradesh,43.06,3616.0,1,7.64,0.713,30.0,95.9,148.3,63.3,92.9,0.012,0.009,35.7,49.5,44.7,0
Manipur,16.32,201.3,3,0.79,0.725,89.4,44.0,93.5,53.1,84.4,0.074,0.024,57.9,33.2,41.9,0
Nagaland,32.72,2035.4,2,1.78,0.807,55.1,0.1,0.3,5.5,7.5,0.027,0.003,69.7,1.6,25.4,0
Meghalaya,32.17,2139.2,1,3.04,0.668,46.5,98.6,226.2,95.9,163.4,1.217,0.005,45.4,66.2,58.9,1
Assam,15.5,269.5,3,4.06,0.816,57.5,91.7,220.0,84.1,123.5,0.344,0.007,40.1,60.9,53.6,1
Sikkim,35.45,2851.3,3,3.69,0.731,48.3,115.7,254.8,99.0,125.3,0.051,0.022,56.6,71.3,66.1,0
Tripura,17.22,693.8,3,0.48,0.592,75.5,12.5,33.9,29.9,40.2,0.028,0.014,58.2,12.8,28.7,0
Mizoram,34.71,1253.0,1,2.46,0.634,42.1,161.3,341.9,99.0,154.2,1.184,0.001,44.2,90.5,74.3,1
Mizoram,40.89,1453.8,3,11.53,0.791,77.7,187.5,410.4,99.0,159.5,0.549,0.069,63.8,90.9,81.4,1
Arunachal Pradesh,27.42,3692.5,1,9.26,0.631,76.0,0.8,2.0,17.9,29.0,0.118,0.002,33.3,6.6,15.9,0
Manipur,22.51,157.8,2,4.02,0.765,27.7,28.5,64.5,55.3,71.8,0.049,0.014,58.0,28.0,38.5,0
Meghalaya,28.52,1071.7,2,3.82,0.497,9.6,4.8,9.8,20.4,33.9,0.043,0.004,62.1,5.5,25.3,0
Arunachal Pradesh,45.85,2182.2,2,0.53,0.398,85.1,6.4,11.2,18.7,23.5,0.031,0.017,85.8,6.4,34.2,0
Arunachal Pradesh,41.45,2383.4,2,1.01,0.251,16.9,152.0,418.2,99.0,175.5,0.062,0.017,76.2,88.2,84.0,1
Meghalaya,21.78,1935.6,3,1.31,0.788,3.1,52.4,129.9,51.7,85.9,0.115,0.018,43.5,33.9,37.2,0
Meghalaya,33.32,1883.1,2,3.01,0.819,40.2,13.1,19.9,28.1,45.5,0.014,0.068,63.7,16.5,33.0,0
Mizoram,31.17,1884.8,2,5.91,0.709,25.4,16.4,25.8,43.0,57.2,0.136,0.017,59.5,18.5,32.9,0
Manipur,13.06,403.6,1,2.78,0.686,22.0,2.2,3.7,11.8,15.2,0.099,0.007,29.8,0.4,10.7,0
Arunachal Pradesh,33.88,3143.5,1,0.61,0.498,17.2,67.5,116.9,40.3,51.9,0.029,0.001,41.6,35.1,37.4,0
Nagaland,33.0,1013.7,1,2.6,0.655,74.9,70.8,163.1,86.8,116.2,2.361,0.011,48.9,59.6,55.8,1
Arunachal Pradesh,34.11,2260.2,3,0.8,0.353,78.3,48.7,104.6,67.3,114.6,0.05,0.035,67.2,45.0,52.7,0
Manipur,26.28,856.8,3,6.26,0.617,4.6,21.7,37.5,32.0,51.1,0.01,0.005,49.1,13.4,25.9,0
Nagaland,31.11,1318.0,3,0.82,0.779,54.7,162.6,261.7,90.3,160.9,0.397,0.043,60.9,83.9,75.8,0
Meghalaya,28.14,1198.7,1,2.96,0.722,13.5,67.3,159.4,86.7,108.8,1.045,0.01,30.5,53.1,45.2,1
Mizoram,33.39,889.5,2,5.32,0.654,50.0,117.4,173.0,79.6,129.2,0.097,0.014,67.4,61.7,63.7,0
Sikkim,40.76,3429.7,1,1.17,0.776,34.8,153.5,262.1,99.0,169.5,0.5,0.015,48.6,79.2,68.5,0
Meghalaya,38.53,1238.1,3,0.36,0.417,20.2,6.7,12.2,23.4,34.8,0.133,0.022,65.8,9.3,29.0,0
Nagaland,32.44,1603.8,2,3.73,0.705,94.8,157.7,260.8,99.0,122.3,0.341,0.009,76.6,77.4,77.1,1
Meghalaya,5.0,1438.5,1,0.25,0.715,95.7,3.3,7.4,31.5,50.1,0.001,0.021,30.5,12.7,18.9,0
Sikkim,40.41,2055.2,2,3.99,0.667,56.4,8.1,19.6,37.6,59.1,0.005,0.0,68.1,16.7,34.7,0
Meghalaya,29.89,2141.9,2,6.3,0.59,18.8,166.9,328.8,99.0,174.8,1.494,0.002,60.8,91.0,80.5,1
Nagaland,43.11,1165.1,2,1.8,0.706,58.3,12.9,21.0,23.8,40.4,0.043,0.048,76.9,11.8,34.6,0
Sikkim,41.4,3291.3,2,3.02,0.758,92.8,119.8,235.1,94.3,144.0,0.646,0.01,78.6,74.9,76.2,1
Arunachal Pradesh,39.41,3852.4,3,11.89,0.733,37.8,74.5,152.8,67.1,85.1,0.075,0.001,50.4,45.1,46.9,0
Mizoram,28.8,1640.2,3,2.87,0.746,13.8,165.1,434.5,99.0,122.1,0.215,0.002,53.2,83.0,72.6,1
Nagaland,39.5,1018.8,2,25.52,0.528,69.4,149.3,320.2,99.0,172.4,1.415,0.006,62.0,89.4,79.8,1
Arunachal Pradesh,24.85,3508.1,2,0.77,0.783,65.6,21.4,31.7,8.7,12.9,0.02,0.001,66.1,8.4,28.6,0
Sikkim,39.73,2925.8,3,5.55,0.756,0.1,37.8,104.7,30.1,47.8,0.027,0.02,56.3,24.9,35.9,0
Arunachal Pradesh,24.7,4196.5,2,4.76,0.57,85.4,154.2,256.7,99.0,161.3,0.288,0.014,65.4,79.9,74.8,1
Sikkim,32.89,1693.6,1,9.26,0.675,66.1,47.2,101.0,53.6,82.1,0.094,0.042,39.1,34.3,36.0,0
Meghalaya,37.76,1099.5,3,0.44,0.754,19.6,12.6,23.6,34.5,59.2,0.006,0.024,56.8,16.8,30.8,0
Nagaland,34.35,2160.9,1,1.48,0.763,0.3,259.9,618.0,99.0,122.4,0.4,0.004,42.8,92.8,75.3,1
Mizoram,33.26,1893.4,1,0.64,0.571,97.2,13.9,23.2,26.6,44.1,0.127,0.004,55.2,9.5,25.5,0
Mizoram,25.31,1313.3,1,12.17,0.545,75.5,49.2,104.2,51.2,84.9,0.017,0.027,33.1,34.8,34.2,0
Sikkim,37.56,1906.2,1,2.5,0.686,36.5,200.7,425.6,99.0,132.6,0.744,0.011,48.8,91.2,76.3,1
Manipur,22.25,519.4,1,10.84,0.675,43.3,96.0,221.9,84.5,107.5,0.384,0.016,26.4,62.4,49.8,1
Meghalaya,38.54,1442.3,1,1.57,0.784,53.9,27.5,60.9,45.3,71.8,0.041,0.055,49.4,26.6,34.6,0
Tripura,23.02,634.2,2,0.61,0.647,71.9,56.0,88.2,50.9,71.2,0.039,0.001,71.4,36.7,48.8,0
Mizoram,37.76,2180.4,2,1.58,0.484,17.3,4.0,9.5,28.1,34.0,0.027,0.03,74.2,12.9,34.3,0
Arunachal Pradesh,26.85,1632.4,1,4.09,0.706,19.6,67.7,138.7,75.3,110.2,0.055,0.005,30.6,43.3,38.9,0
Mizoram,33.1,1152.9,2,8.4,0.606,4.8,63.4,105.4,45.9,72.6,0.023,0.032,54.9,36.7,43.1,0
Sikkim,46.3,4078.2,1,2.19,0.74,98.6,23.8,46.6,24.9,43.6,0.206,0.016,63.5,17.9,33.9,0
Mizoram,17.5,1054.1,1,11.08,0.775,87.6,16.9,32.4,23.5,34.3,0.026,0.009,21.6,12.9,15.9,0
Arunachal Pradesh,36.26,2160.0,2,1.26,0.54,55.3,21.5,43.5,28.1,36.1,0.011,0.015,72.5,13.5,34.1,0
Arunachal Pradesh,41.27,3965.8,2,5.32,0.731,43.0,4.3,11.3,40.9,59.7,0.003,0.008,71.5,16.9,36.0,0
Manipur,26.72,308.8,2,5.99,0.459,23.7,45.7,119.7,35.3,58.6,0.046,0.001,57.5,27.7,38.1,0
Sikkim,38.97,3376.4,2,1.44,0.77,59.5,109.9,157.6,73.5,92.5,0.054,0.017,73.1,56.5,62.3,0
Nagaland,32.01,1231.8,2,0.12,0.579,69.1,49.3,104.5,55.0,72.1,0.026,0.019,76.7,33.7,48.7,0
Sikkim,40.51,1541.6,2,2.05,0.675,68.9,176.2,264.8,99.0,135.1,0.032,0.008,74.1,85.8,81.7,1
Mizoram,34.76,1943.6,3,0.21,0.665,0.6,210.5,305.4,99.0,145.9,1.65,0.001,64.2,97.5,85.8,1
Mizoram,26.35,1116.9,2,10.4,0.568,70.2,35.1,59.6,46.6,81.5,0.038,0.007,55.0,30.8,39.3,0
Meghalaya,28.79,1456.0,2,13.81,0.712,86.6,98.4,270.9,99.0,164.2,0.24,0.049,56.6,71.1,66.0,1
Sikkim,23.65,1965.0,1,5.98,0.364,11.5,54.9,148.4,61.8,97.3,0.03,0.002,30.1,40.6,37.0,0
Arunachal Pradesh,32.89,3558.0,3,5.84,0.52,75.5,33.2,79.5,20.4,34.3,0.051,0.003,59.6,16.9,31.9,0
Arunachal Pradesh,29.34,2087.7,1,1.24,0.596,82.3,161.0,295.1,99.0,171.2,1.345,0.041,49.1,92.2,77.2,1
Sikkim,31.08,1869.1,2,0.35,0.512,27.6,102.7,174.2,63.2,93.4,0.068,0.006,68.0,48.7,55.4,1
Mizoram,47.16,1787.7,2,7.29,0.643,71.2,132.1,216.6,86.3,142.0,0.282,0.005,74.2,70.0,71.4,1
Assam,26.33,712.2,2,3.69,0.805,9.7,0.0,0.1,11.5,20.2,0.149,0.007,52.4,0.0,18.4,0
Manipur,14.01,713.4,3,5.15,0.476,64.9,18.3,36.9,20.8,31.7,0.327,0.043,44.0,13.5,24.2,1
Nagaland,23.44,1289.2,3,6.81,0.513,51.0,44.4,99.9,52.1,86.4,0.045,0.004,49.7,37.8,41.9,0
Nagaland,28.17,1180.9,1,2.37,0.458,85.0,16.6,37.0,37.4,66.8,0.005,0.024,43.6,21.8,29.4,0
Mizoram,23.24,923.6,2,0.7,0.788,45.2,48.1,114.5,49.2,73.0,0.014,0.041,64.4,38.0,47.3,0
Sikkim,40.28,2093.3,3,7.13,0.719,42.8,56.5,119.4,66.2,106.1,0.074,0.086,55.0,41.3,46.1,1
Manipur,21.51,158.3,2,2.72,0.464,93.4,43.9,94.3,67.1,98.4,0.028,0.074,61.8,34.5,44.1,0
Mizoram,26.2,1350.8,2,7.89,0.637,93.4,27.6,75.7,30.8,50.2,0.049,0.045,63.5,23.0,37.2,0
Meghalaya,36.8,889.8,3,2.59,0.604,3.6,53.7,117.6,51.1,73.3,0.002,0.009,57.2,34.1,42.2,0
Arunachal Pradesh,43.84,3671.9,2,1.1,0.357,48.6,68.2,179.0,63.2,80.7,0.227,0.025,79.9,44.7,57.0,0
Meghalaya,27.51,1089.9,3,0.84,0.783,16.1,53.6,84.4,59.3,102.7,0.028,0.003,53.7,35.7,42.0,0
Meghalaya,26.0,903.8,2,6.13,0.547,27.4,75.2,192.3,80.7,131.2,0.476,0.023,61.5,59.1,59.9,0
Manipur,17.69,993.0,2,3.85,0.778,66.6,132.4,313.0,99.0,177.9,0.422,0.017,53.6,84.2,73.5,0
Meghalaya,35.89,1871.7,2,2.33,0.456,12.9,131.4,185.1,81.7,133.6,0.017,0.072,70.8,70.0,70.3,0
Sikkim,55.46,3768.2,3,3.05,0.726,1.1,172.0,291.5,99.0,169.0,1.581,0.005,74.1,93.7,86.9,1
Tripura,23.18,438.2,2,3.59,0.66,72.7,14.4,24.5,33.0,58.5,0.02,0.005,60.2,17.1,32.2,0
Arunachal Pradesh,28.88,4152.7,2,1.23,0.668,64.1,147.0,287.5,99.0,122.3,0.072,0.044,73.1,80.9,78.1,1
Meghalaya,34.25,1082.0,3,2.14,0.707,90.3,128.4,250.2,79.9,136.9,0.024,0.018,66.6,72.9,70.7,0
Arunachal Pradesh,38.99,3832.7,2,1.56,0.771,54.2,104.7,197.8,89.3,113.1,0.27,0.022,73.6,62.6,66.4,1
Nagaland,32.41,1910.0,2,2.21,0.689,94.5,4.0,7.9,17.8,30.7,0.003,0.009,71.6,6.9,29.6,0
Manipur,12.63,489.4,2,3.12,0.769,60.9,31.1,79.6,58.1,96.8,0.056,0.003,53.0,30.2,38.2,0
Sikkim,40.71,2648.3,2,0.86,0.528,38.7,101.1,148.8,68.4,101.3,0.164,0.016,80.1,51.7,61.7,1
Manipur,19.87,643.7,1,2.25,0.629,60.8,23.9,61.8,50.6,85.5,0.013,0.016,38.6,28.2,31.8,0
Sikkim,28.57,1543.7,2,2.19,0.681,74.9,84.8,227.7,98.1,141.4,0.21,0.035,69.2,68.7,68.9,1
Manipur,30.28,632.5,3,1.52,0.707,34.8,71.1,116.2,55.6,91.0,0.004,0.042,59.0,40.4,46.9,0
Nagaland,23.61,1068.6,2,29.25,0.617,37.3,106.6,203.9,85.0,112.1,0.02,0.013,49.9,65.2,59.9,1
Nagaland,35.13,1714.6,3,0.34,0.827,63.0,76.6,177.2,76.3,94.9,0.116,0.005,60.5,51.6,54.7,0
Arunachal Pradesh,36.81,1903.5,2,4.63,0.718,45.6,30.9,85.5,67.9,108.6,0.01,0.023,62.9,37.3,46.3,0
Assam,17.99,622.2,3,0.86,0.726,52.7,114.4,298.8,99.0,143.4,0.067,0.021,46.3,74.5,64.7,0
Nagaland,40.76,1157.3,2,8.23,0.63,98.2,34.4,83.8,55.9,74.4,0.131,0.016,69.5,29.9,43.8,0
Sikkim,45.78,1741.0,1,11.05,0.729,4.4,0.9,2.4,12.8,16.6,0.004,0.014,30.5,3.3,12.8,0
Nagaland,31.05,2124.2,2,2.31,0.525,64.8,12.4,34.5,31.1,53.6,0.047,0.004,73.3,11.5,33.1,0
Sikkim,31.38,2087.9,2,7.8,0.768,92.3,164.3,436.6,99.0,139.5,0.344,0.01,65.1,84.5,77.7,1
Manipur,17.34,645.0,2,1.29,0.595,23.6,41.6,69.1,41.9,71.1,0.139,0.031,60.7,25.9,38.1,0
Arunachal Pradesh,35.7,3335.7,1,0.68,0.496,21.2,8.6,20.6,10.0,13.1,0.0,0.015,45.9,8.1,21.3,0
Mizoram,38.54,1481.0,2,1.71,0.706,36.3,31.9,62.6,46.3,68.4,0.029,0.011,77.6,23.2,42.2,0
Meghalaya,34.59,988.2,2,1.88,0.793,7.4,149.3,379.8,99.0,144.8,0.325,0.012,62.0,89.7,80.0,1
Arunachal Pradesh,46.25,3155.4,2,2.28,0.822,56.0,41.7,61.6,43.8,58.6,0.048,0.047,78.8,26.9,45.1,0
Sikkim,27.3,2933.7,3,2.1,0.732,64.5,31.4,80.3,43.1,56.8,0.016,0.02,57.7,21.6,34.2,1
Arunachal Pradesh,47.03,3879.6,3,2.38,0.545,82.0,193.7,351.0,99.0,148.2,0.313,0.008,70.2,91.7,84.2,1
Meghalaya,41.9,1620.4,2,5.57,0.809,6.6,86.9,215.3,99.0,145.8,0.862,0.004,71.9,67.5,69.1,1
Sikkim,31.9,3331.1,2,1.27,0.667,43.6,25.9,42.4,29.3,48.9,0.018,0.029,68.0,20.4,37.1,0
Mizoram,37.57,2063.1,2,0.1,0.61,78.4,62.4,91.7,40.3,59.8,0.188,0.024,80.8,33.6,50.1,0
Sikkim,49.19,3456.9,3,3.03,0.82,76.8,39.0,90.0,52.2,73.0,0.106,0.014,73.4,28.4,44.2,0
Sikkim,33.42,1660.7,3,2.68,0.655,7.4,106.5,215.4,99.0,147.4,0.558,0.018,56.7,72.4,66.9,1
Nagaland,24.79,2154.2,2,0.28,0.51,1.1,90.3,233.4,99.0,173.3,0.19,0.008,63.5,67.5,66.1,1
Arunachal Pradesh,39.93,3690.8,1,0.65,0.426,78.3,6.4,17.1,30.5,39.3,0.015,0.005,58.1,16.6,31.2,0
Manipur,9.69,131.4,1,3.21,0.283,13.8,2.2,4.4,31.2,54.6,0.022,0.003,30.0,7.6,15.4,0
Manipur,26.28,587.5,2,1.2,0.701,57.8,29.2,66.1,43.8,70.9,0.031,0.007,67.3,23.0,38.5,0
Mizoram,26.16,1922.7,2,9.45,0.631,9.4,25.9,46.4,46.3,74.0,0.001,0.004,48.8,23.4,32.3,0
Mizoram,30.36,2081.1,2,0.86,0.648,29.6,13.3,23.5,31.5,46.0,0.046,0.013,64.8,13.3,31.3,0
Manipur,24.13,294.8,2,0.1,0.491,15.8,40.2,104.6,47.6,67.5,0.003,0.077,68.3,30.3,43.6,0
Arunachal Pradesh,42.66,2211.6,2,2.67,0.614,73.6,13.0,20.8,12.5,20.7,0.028,0.012,83.2,8.3,34.5,0
Arunachal Pradesh,43.58,4059.4,3,19.26,0.66,67.3,11.0,22.2,39.7,62.2,0.055,0.0,54.8,13.6,28.1,0
Sikkim,31.86,3435.5,2,4.52,0.515,13.5,43.8,89.2,49.2,78.3,0.029,0.05,65.5,32.3,43.9,0
Nagaland,34.18,1342.7,1,1.97,0.823,5.9,271.7,602.7,99.0,155.6,1.046,0.01,44.5,94.9,77.2,1
Arunachal Pradesh,45.3,2649.6,2,0.1,0.686,46.6,10.2,23.3,26.3,32.5,0.013,0.002,83.5,11.1,36.4,0
Mizoram,28.03,1573.1,2,2.99,0.532,19.6,9.1,18.2,43.2,65.2,0.003,0.012,61.7,12.5,29.7,1
Tripura,30.81,601.9,3,1.04,0.522,0.8,33.0,66.5,30.8,43.7,0.019,0.025,56.2,27.3,37.4,0
Manipur,18.84,523.7,2,4.7,0.796,26.4,5.7,13.0,16.8,28.2,0.042,0.008,52.4,8.8,24.1,0
Meghalaya,19.53,1343.8,2,3.94,0.841,21.5,109.0,259.7,99.0,153.8,0.506,0.018,52.0,71.9,64.9,0
Arunachal Pradesh,36.32,3129.8,2,1.39,0.621,68.5,210.8,529.3,99.0,144.7,0.355,0.003,76.9,89.0,84.8,1
Nagaland,41.1,2053.7,2,0.32,0.541,86.1,82.8,195.1,70.8,127.1,0.028,0.095,82.6,59.8,67.8,0
Mizoram,25.77,2073.1,3,6.33,0.711,23.8,55.1,77.7,50.3,80.7,0.028,0.015,41.3,35.6,37.6,0
Arunachal Pradesh,29.83,3253.0,1,3.96,0.463,22.3,1.2,2.0,23.4,40.4,0.018,0.0,42.3,7.4,19.7,0
Arunachal Pradesh,41.33,3485.6,2,8.31,0.479,38.8,13.9,22.0,27.4,48.0,0.07,0.024,67.0,14.5,32.9,0
Manipur,13.79,873.7,1,1.35,0.639,17.3,37.9,96.2,70.0,115.2,0.021,0.018,27.1,37.5,33.8,1
Mizoram,24.51,1302.3,2,4.76,0.547,94.7,55.7,115.6,37.2,53.9,0.02,0.001,65.6,34.7,45.5,0
Nagaland,26.51,2080.5,2,0.57,0.753,24.4,49.7,96.2,38.0,56.8,0.078,0.001,63.2,30.6,42.0,0
Manipur,29.53,541.1,1,1.55,0.656,9.3,9.2,22.6,39.9,51.7,0.023,0.004,39.0,14.4,23.0,0
Meghalaya,35.51,840.4,2,4.81,0.803,55.7,28.3,42.6,32.9,51.7,0.0,0.003,67.6,21.8,37.8,0
Meghalaya,32.44,1806.3,3,7.86,0.667,53.8,10.0,23.8,43.4,65.5,0.033,0.017,49.5,21.2,31.1,0
Meghalaya,26.9,1101.5,2,1.74,0.796,63.2,206.7,440.5,99.0,131.5,1.105,0.01,66.5,96.5,86.0,1
Sikkim,45.18,2612.1,1,7.22,0.5,96.7,36.7,73.1,50.7,62.1,0.185,0.002,48.5,29.6,36.3,0
Meghalaya,36.23,1845.0,2,5.1,0.686,32.3,22.3,51.7,35.3,60.7,0.143,0.0,63.6,21.3,36.1,1
Nagaland,43.72,1869.6,1,1.93,0.802,36.0,112.6,160.9,85.4,104.0,0.057,0.012,49.8,59.4,56.1,1
Mizoram,25.69,2188.7,2,9.41,0.749,33.7,105.4,162.8,78.8,112.6,0.104,0.064,50.3,60.6,57.0,1
Manipur,13.92,249.1,2,3.2,0.457,62.9,31.6,61.8,25.3,38.9,0.116,0.006,59.5,19.0,33.2,0
Meghalaya,19.68,1085.7,1,4.7,0.71,60.4,52.2,79.9,53.1,80.5,0.062,0.004,31.2,29.8,30.3,1
Mizoram,35.68,1352.4,3,3.08,0.794,52.9,17.3,35.9,61.5,93.6,0.002,0.024,61.8,26.7,39.0,0
Mizoram,33.71,1051.8,1,2.71,0.683,36.4,88.1,196.8,87.4,116.8,0.445,0.029,43.3,61.3,55.0,1
Mizoram,29.4,1206.9,3,8.48,0.764,42.8,35.9,82.6,44.5,62.3,0.008,0.002,48.2,21.7,30.9,0
Mizoram,19.57,1127.0,3,1.57,0.605,79.3,84.4,146.1,61.7,74.3,0.014,0.004,46.9,46.0,46.3,0
Sikkim,50.19,2218.8,3,0.17,0.683,60.9,40.9,101.1,48.9,85.9,0.091,0.019,77.8,30.8,47.2,0
Meghalaya,33.34,1644.6,2,9.53,0.422,71.6,27.6,42.2,31.0,48.5,0.049,0.009,64.7,21.0,36.3,0
Arunachal Pradesh,48.15,2703.8,3,7.84,0.624,27.7,49.1,132.6,60.7,102.6,0.026,0.002,63.8,43.9,50.9,0
Sikkim,49.06,2435.8,3,2.05,0.576,91.1,75.3,119.8,55.2,90.1,0.085,0.018,82.2,43.3,56.9,1
Meghalaya,35.47,1249.8,1,0.92,0.743,3.5,69.7,139.9,75.8,116.6,0.021,0.022,41.5,48.8,46.2,0
Mizoram,36.51,944.2,2,5.07,0.715,59.6,171.4,249.2,99.0,149.3,0.299,0.022,74.7,84.5,81.1,1
Assam,16.42,403.2,1,0.37,0.821,81.2,123.5,256.5,99.0,145.3,0.976,0.012,33.4,77.0,61.7,0
Mizoram,32.77,1854.5,2,2.48,0.576,86.6,0.7,1.9,11.1,17.0,0.07,0.048,73.9,5.8,29.6,0
Nagaland,39.01,1843.7,2,0.4,0.742,32.0,27.0,45.9,34.1,45.0,0.01,0.01,76.4,18.3,38.6,0
Meghalaya,26.53,1144.2,1,4.1,0.556,46.0,107.1,285.9,99.0,142.3,1.543,0.008,38.0,75.7,62.5,1
Mizoram,38.45,1356.4,3,0.12,0.549,3.5,53.6,112.8,50.9,77.9,0.003,0.01,63.2,38.6,47.2,0
Arunachal Pradesh,45.24,2068.1,1,4.46,0.494,79.0,54.8,85.0,44.6,73.1,0.049,0.027,59.1,31.4,41.1,0
Sikkim,45.0,3227.0,3,5.03,0.769,12.5,93.5,231.8,80.4,134.4,1.799,0.018,56.3,69.3,64.8,0
Sikkim,38.35,1966.9,1,3.0,0.684,42.8,39.3,79.0,35.7,61.4,0.015,0.008,47.4,22.1,31.0,0
Meghalaya,27.0,1628.1,2,0.87,0.67,99.1,220.8,457.2,99.0,139.6,0.606,0.014,68.7,93.4,84.7,1
Arunachal Pradesh,53.25,3482.0,1,0.48,0.578,91.8,10.7,24.2,34.6,53.8,0.042,0.01,63.6,14.3,31.5,0
Arunachal Pradesh,49.57,3449.8,2,1.69,0.778,33.0,17.8,45.7,21.8,33.1,0.152,0.072,76.8,17.1,38.0,0
Sikkim,38.55,3160.7,3,2.82,0.819,22.4,22.1,43.7,31.0,44.7,0.116,0.015,62.3,19.8,34.7,0
Tripura,21.47,942.3,2,4.63,0.785,25.2,20.1,49.2,26.0,36.5,0.001,0.003,51.6,16.0,28.4,0
Sikkim,35.83,1869.8,2,0.1,0.755,68.5,44.4,72.1,34.9,42.1,0.018,0.012,73.5,22.6,40.4,0
Meghalaya,20.07,1856.3,3,5.59,0.648,72.6,91.7,134.5,41.1,53.8,0.025,0.006,50.8,40.2,43.9,0
Arunachal Pradesh,37.29,3448.4,1,5.61,0.601,21.6,131.1,192.2,70.0,89.8,0.0,0.011,39.3,60.9,53.4,0
Mizoram,35.53,1439.8,3,2.65,0.774,24.0,23.0,33.6,21.5,29.7,0.137,0.004,56.0,14.8,29.2,0
Sikkim,33.4,2386.3,1,1.89,0.516,32.3,46.5,99.4,54.1,76.6,0.034,0.009,52.0,36.6,42.0,0
Arunachal Pradesh,35.41,3287.1,1,8.31,0.652,43.3,12.5,24.3,30.1,41.2,0.043,0.041,34.8,13.4,20.9,0
Meghalaya,29.81,1570.6,1,6.91,0.814,91.7,36.2,90.6,48.0,80.4,0.01,0.005,36.6,29.5,32.0,0
Arunachal Pradesh,39.05,3422.1,3,18.41,0.661,2.7,60.7,85.2,55.6,73.3,0.02,0.021,47.5,34.4,39.0,0
Arunachal Pradesh,36.16,1657.8,1,2.09,0.672,63.8,53.1,124.3,68.3,92.8,0.067,0.013,54.8,44.0,47.8,1
Arunachal Pradesh,30.96,3940.1,3,10.68,0.677,86.2,80.9,155.6,74.2,111.5,0.0,0.075,48.5,56.4,53.6,0
Arunachal Pradesh,39.02,3949.2,3,0.41,0.649,72.3,140.7,289.7,99.0,135.7,1.93,0.0,64.1,80.5,74.7,1
Arunachal Pradesh,41.83,3690.9,2,2.39,0.417,21.7,176.9,281.0,96.1,167.0,1.883,0.01,77.9,94.8,88.9,1
Sikkim,39.78,3737.1,2,2.82,0.514,47.7,125.3,309.7,99.0,155.2,1.527,0.015,72.0,84.6,80.2,1
Nagaland,19.6,1104.9,3,2.62,0.547,91.0,0.8,2.1,27.7,38.8,0.01,0.007,54.5,9.3,25.1,0
Meghalaya,36.46,1258.1,2,4.41,0.776,11.6,176.5,255.8,99.0,145.7,0.449,0.064,60.5,88.3,78.6,1
Meghalaya,24.27,1162.1,1,0.84,0.443,98.8,14.0,26.3,37.9,55.1,0.064,0.045,46.1,16.5,26.9,0
Sikkim,41.69,2763.8,2,9.06,0.555,14.4,74.5,147.7,59.3,102.9,0.016,0.006,62.5,45.5,51.5,0
Assam,22.87,930.9,3,3.61,0.647,14.2,76.9,199.9,85.1,132.0,0.021,0.005,50.1,57.2,54.7,0
Sikkim,25.76,3519.8,3,10.56,0.591,81.3,2.2,5.5,20.6,29.3,0.004,0.001,41.7,4.1,17.3,0
Arunachal Pradesh,45.53,2817.5,1,0.1,0.49,82.8,40.7,88.3,64.1,96.0,0.061,0.004,62.0,32.2,42.6,0
Mizoram,44.47,1061.2,1,4.47,0.646,3.8,85.6,141.5,61.7,87.4,0.029,0.034,48.5,43.7,45.4,1
Arunachal Pradesh,35.65,1746.5,3,2.39,0.7,16.8,39.8,86.7,44.9,74.7,0.038,0.044,61.5,26.6,38.8,0
Sikkim,41.69,3525.0,1,3.17,0.612,94.9,24.9,50.3,38.0,46.0,0.018,0.005,54.7,17.8,30.7,0
Meghalaya,28.91,839.6,3,6.13,0.71,27.9,3.6,9.6,32.5,48.7,0.025,0.021,45.0,12.0,23.6,0
Manipur,13.3,223.4,1,1.16,0.664,1.2,131.7,233.7,81.1,109.4,0.186,0.012,32.8,61.3,51.3,0
Meghalaya,38.92,1322.6,3,1.03,0.735,25.4,3.5,8.8,29.0,38.9,0.002,0.001,61.8,12.8,29.9,0
Mizoram,35.21,2024.4,3,5.46,0.593,73.5,118.8,260.4,91.3,119.6,2.628,0.003,60.5,78.9,72.4,0
Tripura,16.06,235.7,2,3.32,0.628,91.6,112.3,162.5,73.8,110.7,0.003,0.006,59.8,54.0,56.0,1
Arunachal Pradesh,28.83,3175.5,1,1.2,0.573,15.5,24.4,42.8,18.6,23.5,0.038,0.081,41.7,12.5,22.7,0
Sikkim,53.71,3556.5,2,2.98,0.731,22.4,66.2,104.7,48.7,73.6,0.003,0.015,80.5,38.8,53.4,0
Sikkim,26.89,2973.4,2,2.77,0.706,44.2,72.4,148.8,72.0,112.5,0.068,0.018,62.1,46.8,52.2,0
Meghalaya,36.19,1218.7,2,5.29,0.438,74.8,0.5,1.2,15.5,26.9,0.003,0.022,76.1,5.8,30.4,0
Sikkim,39.49,2469.7,2,0.1,0.517,65.9,238.9,530.7,99.0,164.3,0.499,0.013,81.9,95.9,91.0,1
Manipur,24.62,260.7,1,3.98,0.699,32.8,114.2,212.2,93.8,149.1,0.089,0.032,37.1,68.9,57.8,1
Mizoram,42.54,1326.6,2,4.19,0.627,6.6,15.0,36.1,27.9,47.0,0.016,0.034,67.4,19.7,36.4,0
Mizoram,14.79,1049.6,3,6.16,0.497,25.3,92.1,208.8,98.0,138.3,0.385,0.0,40.8,62.4,54.9,0
Sikkim,29.66,3996.0,2,9.9,0.74,22.0,52.2,78.2,53.2,80.8,0.034,0.033,50.5,33.3,39.3,0
Nagaland,31.2,1752.1,2,2.61,0.482,2.1,82.6,128.1,69.9,87.5,0.045,0.003,68.1,43.2,51.9,1
Assam,29.59,907.6,2,1.89,0.601,97.5,4.1,6.4,30.1,45.6,0.003,0.042,74.6,10.1,32.7,0
Nagaland,29.2,1559.8,3,0.49,0.658,25.5,170.0,314.0,99.0,141.9,0.091,0.0,55.7,88.3,76.9,1
Arunachal Pradesh,33.04,3657.3,2,1.85,0.816,83.7,152.6,337.3,99.0,173.0,1.231,0.026,72.3,87.7,82.3,1
Mizoram,17.28,1209.8,1,0.32,0.668,48.5,119.1,322.1,99.0,136.7,1.107,0.071,35.8,80.3,64.7,1
Arunachal Pradesh,32.27,1970.8,1,7.31,0.745,97.2,84.2,196.7,95.0,153.2,2.766,0.004,42.5,65.3,57.4,0
Sikkim,42.78,3724.3,3,7.4,0.648,15.0,173.3,414.7,99.0,159.6,0.355,0.033,51.4,90.3,76.7,1
Arunachal Pradesh,37.09,2798.8,3,2.43,0.666,11.1,47.8,73.5,56.6,92.1,0.003,0.007,52.5,30.8,38.4,0
Mizoram,27.12,1582.2,2,1.35,0.624,0.2,44.9,69.5,45.7,73.6,0.023,0.01,57.8,29.5,39.4,0
Mizoram,45.05,881.3,1,0.57,0.783,71.8,163.2,260.1,95.8,165.6,0.07,0.02,61.2,84.5,76.4,1
Arunachal Pradesh,35.61,3706.1,2,8.57,0.793,30.6,2.5,5.6,16.7,26.0,0.077,0.035,61.3,8.6,27.0,0
Sikkim,39.05,3727.4,3,9.45,0.573,87.0,7.3,17.7,45.4,77.8,0.012,0.015,54.7,13.9,28.2,0
Meghalaya,26.73,1473.8,2,1.39,0.77,63.4,37.5,94.2,39.6,63.5,0.166,0.029,70.9,27.8,42.9,0
Sikkim,28.46,3111.0,1,4.38,0.683,57.7,201.6,341.7,99.0,171.1,0.944,0.037,38.5,94.9,75.2,1
Arunachal Pradesh,43.94,2304.0,2,1.35,0.657,48.7,117.0,282.2,99.0,162.1,2.531,0.05,79.6,87.0,84.4,1
Sikkim,24.34,1649.8,3,1.15,0.727,25.8,144.5,267.6,99.0,146.0,0.036,0.016,54.2,83.9,73.5,1
Nagaland,35.31,1005.6,1,0.1,0.588,6.5,93.7,204.2,79.3,108.0,0.052,0.009,41.9,56.8,51.5,1
Arunachal Pradesh,14.86,2987.8,2,3.87,0.458,44.4,12.0,25.3,37.1,64.7,0.159,0.024,56.1,17.3,30.9,0
Arunachal Pradesh,40.76,4019.8,2,0.73,0.756,9.9,108.3,162.7,86.7,110.9,0.229,0.049,73.4,64.9,67.9,1
Sikkim,29.19,2028.4,2,0.1,0.635,90.6,63.9,164.8,49.3,84.9,0.002,0.005,71.3,37.7,49.4,0
Assam,14.87,417.2,2,0.5,0.606,82.9,146.3,355.3,99.0,157.5,0.174,0.018,64.1,81.2,75.2,1
Mizoram,30.08,1043.0,2,1.69,0.713,62.0,26.2,61.6,53.1,83.2,0.033,0.008,68.2,27.7,41.9,0
Mizoram,23.65,1220.8,1,4.98,0.604,45.2,59.2,111.0,56.3,85.6,0.095,0.02,33.4,37.3,36.0,0
Sikkim,22.42,3272.9,1,1.02,0.569,45.4,59.8,166.8,88.2,121.4,0.98,0.021,36.9,52.3,46.9,0
Mizoram,30.75,1069.3,2,9.84,0.665,46.5,30.8,45.9,40.5,63.4,0.052,0.051,54.2,23.2,34.1,0
Arunachal Pradesh,44.4,2231.0,1,1.53,0.694,74.5,243.4,443.8,99.0,147.1,0.26,0.012,58.1,92.2,80.3,1
Mizoram,33.58,1437.0,2,1.81,0.686,12.6,12.6,19.9,9.3,13.4,0.002,0.012,65.9,13.1,31.6,0
Manipur,26.71,234.7,2,1.11,0.737,53.1,192.8,333.5,99.0,156.9,0.256,0.077,71.3,94.1,86.2,1
Mizoram,19.87,2120.4,1,1.32,0.758,81.3,75.2,152.3,79.0,98.7,0.005,0.028,40.9,50.5,47.2,1
Manipur,17.64,895.7,2,0.35,0.796,51.0,43.1,97.3,63.5,99.2,0.071,0.007,58.3,36.8,44.3,0
Nagaland,32.24,1115.1,2,1.57,0.553,1.4,3.5,5.4,22.4,40.4,0.026,0.015,66.9,11.3,30.8,0
Arunachal Pradesh,30.74,2609.1,2,8.84,0.738,24.5,13.5,29.9,14.7,18.0,0.039,0.008,61.5,8.4,27.0,0
Manipur,20.46,400.8,2,5.25,0.62,66.9,82.8,206.2,99.0,147.0,0.133,0.017,58.7,63.6,61.9,1
Arunachal Pradesh,46.97,2061.3,3,9.37,0.712,93.4,58.6,157.5,91.0,133.9,0.417,0.031,61.5,57.8,59.1,1
Meghalaya,35.52,1455.3,2,0.5,0.646,89.4,229.8,388.8,99.0,123.2,0.181,0.005,76.7,90.8,85.8,1
Arunachal Pradesh,48.3,2087.2,2,2.74,0.771,82.3,22.7,60.3,45.7,68.4,0.008,0.007,75.1,22.2,40.8,0
Arunachal Pradesh,40.41,2904.2,1,1.17,0.745,95.0,101.2,265.1,99.0,127.7,0.508,0.005,53.3,73.0,66.1,1
Meghalaya,31.29,1361.0,1,5.75,0.795,28.0,203.7,365.6,99.0,167.6,1.083,0.003,32.7,94.0,72.5,1
Sikkim,50.91,2418.3,1,15.82,0.712,1.2,152.3,359.9,99.0,172.3,0.109,0.003,45.1,83.2,69.9,1
Meghalaya,32.82,1050.2,3,7.6,0.516,35.4,159.3,377.6,99.0,167.7,1.25,0.018,51.7,89.7,76.4,1
Meghalaya,44.39,1797.8,2,0.16,0.713,57.7,30.7,83.7,60.4,106.1,0.026,0.002,82.0,32.7,50.0,1
Arunachal Pradesh,45.73,3881.4,1,1.71,0.717,31.6,3.8,6.5,6.5,10.4,0.041,0.019,51.0,1.4,18.7,0
Arunachal Pradesh,32.38,4087.5,3,0.13,0.631,4.4,175.2,267.9,99.0,168.9,0.178,0.026,54.3,92.5,79.2,1
Meghalaya,30.6,1409.0,1,0.18,0.824,50.7,59.3,129.5,58.2,87.3,0.045,0.017,47.7,37.2,40.9,0
Sikkim,50.83,2975.6,1,0.37,0.67,20.0,12.2,21.5,26.5,44.4,0.057,0.003,62.6,15.8,32.2,0
Nagaland,39.83,1087.4,2,1.46,0.686,72.8,8.4,14.5,9.9,17.5,0.042,0.025,76.5,6.8,31.2,0
Mizoram,37.16,1574.2,2,1.63,0.617,8.9,106.8,287.4,93.8,134.0,1.497,0.068,74.9,76.3,75.8,0
Manipur,23.71,539.7,2,2.3,0.719,95.8,22.5,54.2,19.1,32.5,0.029,0.019,65.1,16.4,33.5,0
Mizoram,23.06,2135.1,2,2.34,0.822,87.7,25.0,58.5,35.1,52.2,0.02,0.012,68.8,17.4,35.4,0
Meghalaya,24.42,1897.1,2,6.64,0.414,87.4,28.7,78.3,25.4,39.8,0.043,0.007,63.5,22.2,36.6,0
Mizoram,33.64,1034.3,3,0.69,0.628,79.0,32.2,48.2,26.5,45.8,0.026,0.023,66.0,19.1,35.5,0
Sikkim,55.99,4141.8,3,0.77,0.689,63.4,9.8,21.8,26.0,44.9,0.031,0.026,85.2,12.6,38.0,0
Sikkim,30.89,2833.3,3,4.43,0.652,5.3,38.8,80.8,44.3,72.9,0.035,0.016,48.9,25.1,33.5,0
Nagaland,30.14,2023.6,3,3.82,0.672,66.2,3.2,5.9,19.8,27.4,0.032,0.006,59.0,8.9,26.5,0
Meghalaya,29.66,854.6,2,0.75,0.782,74.7,5.4,12.0,20.7,26.0,0.016,0.068,70.6,9.3,30.8,0
Nagaland,35.96,1986.9,2,8.61,0.762,13.1,55.9,141.0,62.1,111.2,0.025,0.003,54.3,40.6,45.4,0
Nagaland,33.91,1604.2,2,1.8,0.821,61.6,59.2,129.3,54.9,84.7,0.153,0.066,69.9,43.0,52.4,0
Manipur,26.18,831.8,3,2.06,0.604,47.9,13.9,22.9,25.8,32.6,0.027,0.001,57.3,10.6,26.9,0
Manipur,21.75,597.5,2,2.45,0.816,47.2,111.5,244.1,99.0,175.8,0.038,0.006,58.5,73.1,68.0,1
Meghalaya,33.5,2154.7,1,1.75,0.518,19.9,2.5,4.2,8.2,12.1,0.002,0.019,39.6,3.7,16.3,0
Sikkim,37.99,2546.4,3,3.67,0.53,73.9,144.8,233.4,99.0,176.0,0.756,0.017,66.9,81.8,76.6,1
Mizoram,40.38,1658.3,3,2.21,0.724,92.5,32.0,69.3,36.9,52.4,0.055,0.019,76.0,20.3,39.8,0
Sikkim,38.09,3851.4,3,1.35,0.621,78.8,103.4,160.1,56.1,98.0,0.036,0.025,63.4,49.9,54.6,1
Mizoram,27.18,1098.8,1,10.57,0.616,36.9,0.1,0.2,22.9,39.2,0.052,0.002,26.1,8.4,14.6,0
Mizoram,36.69,1400.0,2,1.66,0.673,98.4,23.4,54.1,49.8,73.8,0.022,0.021,78.3,24.4,43.3,0
Mizoram,31.22,1301.7,2,5.4,0.77,36.4,104.5,231.7,77.1,107.0,0.004,0.026,56.2,63.0,60.6,0
Sikkim,45.62,3206.4,2,1.92,0.729,23.4,97.9,203.4,66.9,110.0,0.027,0.035,78.8,57.6,65.0,1
Arunachal Pradesh,14.71,3661.9,1,2.57,0.509,96.8,9.8,17.1,39.3,67.2,0.036,0.023,36.3,20.0,25.7,0
Meghalaya,41.21,1547.2,2,1.21,0.785,79.0,155.2,282.6,96.8,118.7,0.31,0.009,81.3,80.7,80.9,1
Arunachal Pradesh,36.31,2413.9,1,6.28,0.616,76.1,21.6,36.9,17.8,23.7,0.128,0.028,46.6,12.5,24.4,0
Manipur,27.65,602.2,2,6.01,0.65,7.7,42.6,91.1,54.7,79.7,0.064,0.005,55.3,33.5,41.1,0
Sikkim,45.86,1652.9,3,0.1,0.735,19.2,87.9,232.3,78.5,104.1,0.045,0.002,73.4,57.8,63.3,1
Arunachal Pradesh,33.47,2263.1,3,0.28,0.822,1.9,14.1,36.4,36.3,49.5,0.008,0.013,56.1,14.4,29.0,0
Arunachal Pradesh,31.04,3318.2,1,11.5,0.673,77.7,73.7,185.8,83.6,126.1,0.988,0.011,40.1,53.2,48.6,0
Mizoram,25.74,1539.1,2,9.88,0.426,27.8,17.8,31.9,12.6,18.0,0.017,0.021,57.8,12.8,28.6,0
Mizoram,24.27,1102.3,1,3.17,0.516,13.2,74.4,153.2,46.0,81.1,0.008,0.019,29.6,42.6,38.1,0
Sikkim,47.87,3162.8,1,3.06,0.755,18.2,280.0,545.5,99.0,168.8,0.03,0.001,49.6,90.5,76.2,1
Arunachal Pradesh,36.43,2289.3,3,7.53,0.45,64.1,35.0,74.8,58.2,77.1,0.101,0.02,60.5,31.4,41.6,0
Sikkim,52.33,4127.8,3,0.67,0.658,43.3,142.9,289.0,99.0,175.1,0.413,0.007,76.1,80.1,78.7,1
Sikkim,32.51,3911.5,3,4.77,0.351,94.1,20.2,41.2,23.5,31.3,0.154,0.027,63.9,13.9,31.4,0
Mizoram,28.65,885.1,2,2.91,0.798,36.6,90.4,135.2,52.0,81.0,0.005,0.013,63.1,43.4,50.3,0
Mizoram,35.61,1132.0,3,6.12,0.759,83.4,50.4,84.8,51.9,71.9,0.006,0.019,54.2,35.8,42.3,0
Sikkim,51.79,3185.7,1,0.14,0.761,54.6,36.3,69.8,43.2,59.2,0.014,0.019,68.3,24.3,39.7,0
Arunachal Pradesh,33.58,2141.6,1,4.04,0.762,70.5,58.1,100.3,45.4,69.2,0.16,0.01,44.6,30.9,35.7,0
Tripura,24.79,833.5,1,3.66,0.727,16.9,63.4,166.6,56.7,100.3,0.011,0.014,33.1,44.3,40.3,0
Meghalaya,32.04,1252.5,3,8.27,0.695,74.9,9.7,25.9,31.7,46.0,0.059,0.014,53.0,12.9,26.9,0
Mizoram,35.7,1057.2,1,5.08,0.567,8.6,7.8,18.4,16.9,23.2,0.013,0.027,42.5,6.9,19.4,0
Arunachal Pradesh,31.47,2881.0,1,9.55,0.473,69.1,280.0,765.8,99.0,133.7,0.509,0.01,36.3,87.6,69.6,1
Meghalaya,36.8,2122.8,2,9.82,0.807,46.6,9.2,14.4,8.0,11.1,0.055,0.016,58.9,8.6,26.2,0
Arunachal Pradesh,35.77,1516.5,1,2.36,0.689,22.9,28.1,53.0,51.3,75.2,0.041,0.015,39.9,26.1,30.9,0
Meghalaya,28.95,2072.2,1,0.67,0.72,48.0,182.8,507.8,99.0,170.7,1.203,0.007,41.4,91.9,74.2,1
Assam,19.8,566.6,1,4.48,0.68,85.6,24.3,56.2,43.2,60.0,0.199,0.082,35.4,22.3,26.9,0
Sikkim,43.02,3370.9,1,9.31,0.702,15.5,32.5,89.1,55.8,76.1,0.015,0.002,38.1,29.8,32.7,0
Arunachal Pradesh,36.67,3842.6,2,0.35,0.638,17.0,72.1,122.2,37.1,57.3,0.039,0.009,74.3,35.6,49.2,0
Arunachal Pradesh,34.37,4130.7,2,3.67,0.818,53.4,18.7,38.1,19.3,30.0,0.042,0.066,67.5,16.6,34.4,0
Sikkim,36.94,1546.4,1,0.55,0.683,62.5,25.4,44.7,34.8,51.1,0.008,0.02,59.3,19.5,33.4,1
Arunachal Pradesh,36.74,1527.2,1,0.12,0.532,42.0,18.2,48.5,9.1,12.0,0.01,0.003,55.0,6.5,23.5,0
Arunachal Pradesh,42.29,3360.7,3,5.12,0.51,26.6,94.9,217.9,74.4,97.8,0.051,0.002,61.6,55.7,57.8,1
Nagaland,29.43,1591.8,2,5.15,0.407,6.7,28.7,67.5,52.0,78.6,0.027,0.009,57.7,26.2,37.2,0
Meghalaya,29.27,1692.2,2,4.13,0.477,5.0,132.1,296.7,99.0,135.7,0.103,0.003,62.3,81.0,74.5,0
Sikkim,31.53,4089.3,2,8.82,0.771,4.1,90.9,228.1,95.6,123.4,0.918,0.019,55.7,69.9,64.9,1
Manipur,23.43,674.9,1,0.38,0.817,90.1,187.4,396.1,99.0,120.4,0.82,0.024,39.0,92.0,73.5,1
Arunachal Pradesh,39.17,2618.5,3,0.5,0.735,13.1,84.1,219.9,99.0,126.8,1.662,0.053,64.9,70.5,68.5,0
Assam,27.14,979.5,2,9.0,0.486,29.5,109.2,159.2,83.7,142.2,0.049,0.003,53.2,57.5,56.0,0
Sikkim,46.86,4073.9,1,3.15,0.586,98.6,18.4,46.4,33.2,43.0,0.037,0.002,58.7,18.4,32.5,0
Manipur,21.4,707.8,2,1.44,0.627,92.7,67.1,95.6,32.5,39.0,0.035,0.02,67.0,26.8,40.9,0
Mizoram,31.34,856.0,2,6.03,0.692,4.3,62.1,115.7,46.4,66.6,0.072,0.006,58.2,38.5,45.4,0
Nagaland,32.06,1081.2,1,10.12,0.704,55.1,2.3,4.7,16.6,29.1,0.013,0.008,31.9,5.8,14.9,0
Tripura,16.48,374.4,3,5.26,0.388,63.3,85.8,186.5,85.9,130.0,0.634,0.004,50.1,59.2,56.0,0
Sikkim,31.62,2472.2,3,7.06,0.631,5.4,38.3,102.0,34.6,41.7,0.014,0.009,47.6,23.5,31.9,0
Assam,14.72,138.1,1,1.49,0.831,72.8,195.8,520.8,99.0,160.9,1.209,0.007,29.1,100.0,75.2,1
Sikkim,36.52,3319.7,2,1.53,0.707,98.8,40.6,103.4,52.7,76.0,0.059,0.036,79.7,33.4,49.6,1
Sikkim,17.98,3213.0,3,8.98,0.633,42.9,61.1,169.7,71.3,118.4,0.023,0.003,40.7,45.3,43.7,0
Sikkim,51.38,3734.7,1,4.29,0.622,44.9,59.7,108.4,84.3,131.3,0.001,0.011,60.0,48.8,52.7,0
Meghalaya,45.35,2135.0,2,1.2,0.657,65.9,30.7,74.7,33.0,42.3,0.213,0.009,81.0,24.0,43.9,0
Arunachal Pradesh,29.69,3767.0,2,3.34,0.541,73.7,37.0,55.1,45.1,66.9,0.107,0.004,68.7,26.7,41.4,0
Meghalaya,45.21,1047.9,2,5.21,0.672,79.0,3.3,6.1,15.0,23.0,0.042,0.008,77.2,8.9,32.8,0
Meghalaya,25.24,1584.7,3,1.11,0.795,7.8,218.8,405.4,99.0,148.5,0.049,0.027,49.9,88.9,75.2,1
Nagaland,32.1,2098.7,3,4.79,0.538,80.1,50.5,89.1,30.1,50.4,0.098,0.033,61.1,27.0,39.0,0
Nagaland,34.7,1370.3,3,0.19,0.661,86.4,120.0,332.2,99.0,169.3,0.102,0.009,70.9,76.5,74.6,1
Meghalaya,32.69,1184.4,2,1.63,0.35,4.5,12.6,34.3,28.6,45.8,0.097,0.01,62.6,16.7,32.8,0
Sikkim,33.56,1587.7,3,5.04,0.354,3.9,0.2,0.4,27.3,33.4,0.058,0.021,52.6,12.5,26.6,0
Sikkim,33.18,3650.7,1,0.73,0.463,55.1,88.4,169.7,68.8,97.2,0.021,0.016,52.9,51.1,51.7,0
Arunachal Pradesh,44.89,2278.2,2,1.13,0.601,49.7,17.1,35.7,37.6,53.4,0.076,0.014,82.4,20.1,41.9,0
Arunachal Pradesh,48.39,3147.0,1,9.51,0.645,98.0,51.7,103.4,33.0,44.1,0.03,0.032,48.7,29.1,35.9,0
Sikkim,23.82,3013.3,2,5.05,0.729,29.4,29.1,53.1,37.1,54.1,0.01,0.047,59.0,21.0,34.3,0
Sikkim,40.14,2590.1,1,3.11,0.761,59.0,83.3,147.3,63.9,83.9,0.057,0.008,50.5,47.0,48.2,0
Assam,23.59,876.1,3,1.07,0.688,50.7,4.1,11.0,29.4,48.6,0.045,0.001,54.6,10.5,26.0,0
Meghalaya,33.28,2130.8,2,1.88,0.708,53.6,55.2,92.9,65.9,112.0,0.042,0.009,66.5,37.0,47.3,0
Sikkim,26.83,3188.6,1,3.84,0.679,66.0,93.5,183.0,76.2,134.2,0.04,0.007,42.3,58.1,52.6,0
Mizoram,35.61,1975.1,3,0.76,0.716,53.8,24.6,58.3,41.8,50.5,0.029,0.022,60.0,22.1,35.3,0
Arunachal Pradesh,47.06,4050.1,3,2.96,0.473,0.7,15.3,42.4,22.8,34.8,0.133,0.032,67.3,12.9,32.0,0
Meghalaya,26.58,1477.6,2,2.37,0.607,84.4,26.5,63.5,28.4,37.6,0.216,0.008,67.1,22.6,38.2,0
Mizoram,28.27,1782.6,1,2.91,0.658,20.1,70.0,151.2,71.9,109.2,0.084,0.002,44.6,47.8,46.7,0
Meghalaya,33.4,1773.0,3,0.5,0.593,23.1,211.2,432.8,99.0,123.0,0.202,0.009,59.9,85.1,76.3,1
Sikkim,37.43,2583.6,3,0.51,0.791,64.8,3.1,7.0,9.6,16.0,0.073,0.013,61.9,2.5,23.3,0
Tripura,16.83,252.9,2,14.97,0.624,47.8,33.8,79.9,39.8,54.9,0.087,0.006,46.3,23.3,31.3,0
Manipur,13.24,195.7,2,17.46,0.76,57.4,153.5,428.4,99.0,152.5,0.829,0.009,46.9,86.2,72.5,0
Mizoram,28.84,1086.7,2,2.5,0.755,49.7,122.5,231.4,96.1,161.2,1.015,0.016,69.4,80.7,76.8,1
Meghalaya,17.99,1222.0,3,7.0,0.626,41.8,9.0,15.3,34.0,49.7,0.128,0.027,39.8,8.8,19.6,0
Mizoram,36.32,1797.6,2,4.8,0.659,48.3,159.3,317.9,99.0,177.8,0.129,0.016,71.2,89.5,83.1,1
Arunachal Pradesh,32.28,3214.4,1,0.56,0.755,14.1,15.4,26.9,19.6,33.0,0.098,0.01,43.9,15.8,25.6,0
Sikkim,44.64,4117.7,3,1.58,0.689,96.9,10.3,15.2,28.9,42.0,0.043,0.044,68.5,7.6,28.9,0
Arunachal Pradesh,36.17,1968.8,1,1.69,0.614,57.5,30.0,82.7,33.6,54.5,0.057,0.026,46.8,24.6,32.4,0
Meghalaya,32.99,927.8,3,4.08,0.815,28.7,47.9,71.2,45.6,73.0,0.083,0.039,49.8,36.3,41.1,0
Meghalaya,21.33,1411.0,2,3.9,0.765,71.3,83.1,172.3,70.1,85.9,0.118,0.024,61.5,49.7,53.8,1
Sikkim,43.9,2393.5,2,11.57,0.815,88.0,16.3,33.8,69.8,99.3,0.05,0.008,66.6,27.2,41.0,1
Assam,35.44,588.2,1,7.02,0.753,29.6,2.3,3.9,18.5,28.1,0.049,0.014,37.1,1.0,13.7,0
Manipur,17.83,159.8,3,8.75,0.713,32.5,147.3,325.2,99.0,143.5,0.019,0.028,40.1,78.2,64.9,1
Nagaland,32.86,1572.6,3,9.98,0.699,43.9,167.2,427.1,99.0,129.6,4.18,0.044,50.0,97.7,81.0,1
Meghalaya,33.72,1784.7,3,7.27,0.222,21.7,94.7,248.8,99.0,158.1,0.279,0.018,56.9,67.1,63.5,1
Manipur,12.54,282.2,2,1.82,0.691,81.0,4.8,9.2,30.8,55.2,0.073,0.022,59.5,13.2,29.4,0
Arunachal Pradesh,29.37,3156.3,1,1.09,0.783,58.4,0.5,0.8,24.0,33.7,0.007,0.038,46.3,9.7,22.5,0
Nagaland,35.77,1376.7,2,3.82,0.342,5.7,72.5,152.9,73.9,131.3,0.011,0.011,66.5,50.9,56.3,1
Arunachal Pradesh,31.42,1803.1,2,5.26,0.781,99.7,46.1,72.3,27.6,45.7,0.051,0.011,73.3,22.7,40.4,0
Nagaland,30.43,1817.4,2,2.2,0.634,57.5,36.6,94.7,52.5,73.3,0.021,0.053,72.0,31.8,45.9,1
Sikkim,39.22,3432.8,3,8.49,0.496,89.0,34.3,70.1,49.0,71.1,0.048,0.04,63.6,26.7,39.6,0
Manipur,23.45,785.8,2,14.55,0.773,50.2,66.9,176.9,74.7,117.8,0.031,0.017,52.0,54.8,53.8,1
Assam,18.97,923.4,3,3.79,0.735,58.2,15.6,22.7,37.4,61.7,0.03,0.08,46.3,22.6,30.9,0
Arunachal Pradesh,36.75,1878.7,3,2.74,0.808,45.4,22.2,57.3,41.2,67.9,0.03,0.068,61.8,24.3,37.5,0
Meghalaya,48.44,1560.9,1,8.33,0.593,42.3,3.6,6.4,30.2,47.8,0.021,0.019,45.3,4.8,19.0,0
Tripura,25.7,189.2,3,0.11,0.731,21.8,37.6,102.9,56.5,71.6,0.027,0.008,51.0,34.0,39.9,1
Meghalaya,29.65,1353.9,2,0.62,0.583,96.2,241.5,364.2,99.0,169.5,1.886,0.003,76.9,96.9,89.9,1
Manipur,19.19,269.7,3,8.41,0.655,18.2,15.0,38.7,38.1,51.8,0.019,0.011,33.5,17.0,22.8,0
Mizoram,44.68,1545.0,2,5.93,0.733,52.6,119.2,255.9,84.2,110.0,1.167,0.03,73.1,71.6,72.2,1
Sikkim,42.92,2672.4,2,2.42,0.788,8.7,58.8,98.3,60.5,80.2,0.043,0.009,70.6,36.6,48.5,0
Sikkim,47.26,2092.3,1,9.89,0.573,99.3,12.0,24.0,39.8,48.8,0.051,0.007,51.0,15.3,27.8,0
Arunachal Pradesh,34.95,3482.4,3,1.95,0.735,55.6,48.9,89.3,44.5,73.1,0.029,0.023,57.1,29.1,38.9,0
Nagaland,28.71,1216.2,3,4.52,0.43,81.5,20.5,35.6,31.1,38.3,0.006,0.019,59.8,20.1,34.0,0
Sikkim,50.74,2770.5,1,4.53,0.655,56.3,5.9,13.3,31.7,38.9,0.1,0.021,60.2,9.7,27.4,0
Meghalaya,31.56,1505.8,3,0.92,0.425,80.5,4.4,10.3,24.7,29.6,0.084,0.001,74.2,12.8,34.3,0
Meghalaya,31.45,1988.8,2,1.51,0.689,53.4,0.8,1.2,22.3,26.8,0.043,0.012,66.7,8.9,29.1,0
Meghalaya,29.05,901.8,3,11.15,0.401,44.5,195.6,472.4,99.0,159.2,0.105,0.033,45.9,94.0,77.1,1
Manipur,26.27,611.9,1,0.91,0.564,45.6,97.3,201.9,84.5,126.6,0.867,0.084,46.8,65.0,58.6,1
Tripura,26.93,996.4,2,0.86,0.371,0.2,29.6,63.5,40.1,64.2,0.076,0.003,66.3,22.1,37.6,0
Sikkim,39.65,2872.0,2,2.94,0.766,37.1,191.0,466.2,99.0,132.6,0.256,0.026,73.6,95.5,87.8,1
Nagaland,24.51,806.7,1,0.44,0.791,95.2,152.5,305.8,99.0,161.5,1.187,0.008,42.9,84.9,70.2,1
Nagaland,28.31,1512.8,2,10.13,0.655,67.6,54.3,121.2,52.6,73.0,0.048,0.01,60.0,31.4,41.5,0
Meghalaya,40.91,1506.4,2,0.47,0.803,91.9,17.6,37.3,40.2,60.3,0.003,0.017,78.0,23.4,42.5,0
Assam,21.3,924.8,1,4.31,0.557,20.0,7.8,12.2,5.9,10.1,0.01,0.003,33.7,4.1,14.5,0
Arunachal Pradesh,46.98,1900.4,2,1.87,0.722,49.1,25.3,50.6,40.3,49.9,0.134,0.003,87.2,17.9,42.2,0
Arunachal Pradesh,41.38,3809.4,3,7.34,0.491,3.4,53.7,138.1,70.5,120.8,0.128,0.004,60.9,43.8,49.8,1
Manipur,14.27,270.8,2,4.01,0.658,67.7,226.0,325.8,99.0,138.5,0.604,0.003,62.4,91.7,81.4,1
Meghalaya,35.55,2097.1,1,2.21,0.596,78.4,4.2,6.1,11.7,15.8,0.015,0.0,43.5,4.6,18.2,0
Manipur,19.76,382.1,2,18.57,0.244,74.8,39.9,107.9,61.4,104.9,0.1,0.052,53.8,39.8,44.7,1
Manipur,16.99,698.6,2,0.31,0.741,8.7,2.5,6.4,39.1,63.2,0.089,0.055,52.2,17.1,29.4,0
Arunachal Pradesh,34.41,2652.6,3,3.88,0.693,24.8,78.4,110.1,25.2,34.8,0.194,0.002,56.0,31.7,40.2,0
Manipur,26.17,983.7,3,20.53,0.396,65.6,49.5,133.9,71.9,116.4,0.025,0.081,45.0,46.1,45.7,0
Meghalaya,33.76,1414.3,1,5.28,0.631,75.9,53.7,97.5,62.8,109.3,0.074,0.013,44.0,39.0,40.8,0
Meghalaya,33.26,1127.7,2,6.06,0.565,27.4,64.5,131.1,51.4,88.6,0.049,0.001,60.7,39.1,46.7,0
Mizoram,43.32,953.2,3,0.15,0.657,40.6,105.7,182.9,93.8,158.0,0.176,0.043,67.3,65.7,66.2,0
Assam,16.04,343.4,3,0.1,0.744,35.1,16.0,26.3,28.6,51.4,0.069,0.023,49.4,16.7,28.1,0
Arunachal Pradesh,37.26,3734.1,2,0.17,0.514,0.5,69.3,108.9,39.1,50.9,0.012,0.06,72.2,37.8,49.9,1
Meghalaya,27.92,834.5,1,21.57,0.749,57.7,67.6,160.6,75.4,124.4,0.014,0.044,31.0,52.4,44.9,0
Mizoram,35.41,1131.7,2,17.5,0.791,66.9,127.5,181.0,80.5,110.8,1.544,0.014,59.5,66.4,64.0,1
Nagaland,33.38,1771.1,1,1.83,0.506,27.6,104.9,203.9,78.6,138.2,0.025,0.005,45.2,60.7,55.3,0
Mizoram,29.62,1007.6,3,1.55,0.58,68.8,11.3,22.9,42.3,52.8,0.088,0.012,64.2,16.4,33.1,0
Arunachal Pradesh,36.08,3395.5,1,0.71,0.696,24.3,16.5,29.8,26.8,42.9,0.024,0.001,46.1,13.0,24.6,0
Sikkim,45.78,2407.4,1,1.8,0.694,71.6,10.9,19.2,31.3,41.3,0.012,0.016,54.9,11.6,26.8,0
Sikkim,48.08,1958.4,2,2.08,0.581,45.7,264.6,598.2,99.0,177.6,1.292,0.006,87.9,97.3,94.0,1
Nagaland,28.28,1820.4,2,6.21,0.794,87.2,16.0,41.0,27.8,42.1,0.027,0.035,61.9,12.3,29.7,0
Sikkim,60.38,2691.7,2,9.05,0.842,54.5,159.9,337.2,99.0,150.5,0.387,0.001,75.0,89.6,84.5,1
Arunachal Pradesh,27.23,2071.0,2,6.18,0.675,18.5,45.7,109.6,71.9,109.1,0.016,0.022,56.0,40.4,45.9,0
Assam,14.06,339.2,3,4.68,0.408,82.2,154.4,374.2,99.0,163.9,0.319,0.028,44.2,90.6,74.4,1
Arunachal Pradesh,35.72,1598.7,2,6.53,0.65,77.8,36.3,97.0,44.3,79.0,0.008,0.041,65.3,25.6,39.5,0
Tripura,15.75,267.8,2,6.04,0.669,8.4,96.3,233.6,96.1,170.7,1.398,0.013,48.2,72.2,63.8,0
Mizoram,26.26,1735.5,2,2.91,0.674,4.8,37.1,66.0,52.5,70.4,0.044,0.008,63.7,28.6,40.9,0
Nagaland,40.11,1803.6,2,1.84,0.792,13.6,6.4,10.7,22.4,34.4,0.22,0.018,66.2,11.7,30.7,0
Sikkim,42.45,1557.9,2,1.5,0.523,84.5,132.9,355.1,99.0,151.2,1.749,0.005,84.2,90.6,88.3,1
Arunachal Pradesh,38.79,3494.4,2,5.12,0.585,32.0,150.5,372.2,99.0,126.2,0.935,0.016,72.3,89.6,83.6,1
Nagaland,28.52,1041.4,3,14.41,0.711,50.5,148.9,338.9,99.0,160.2,0.237,0.042,40.4,86.0,70.0,1
Nagaland,25.33,1641.8,2,3.92,0.826,60.3,17.8,48.7,17.5,28.9,0.062,0.047,61.9,13.1,30.1,0
Nagaland,25.04,1555.3,3,10.96,0.637,74.3,48.7,114.0,55.5,95.6,0.152,0.014,44.2,36.5,39.2,0
Arunachal Pradesh,47.8,3365.5,2,0.1,0.791,83.0,21.7,49.7,29.0,47.5,0.009,0.015,85.3,14.8,39.5,0
Nagaland,39.75,1880.2,2,7.12,0.784,51.6,26.4,69.1,55.1,70.0,0.004,0.002,66.8,23.6,38.7,0
Nagaland,30.28,890.5,2,8.65,0.8,41.6,17.4,43.6,27.3,47.8,0.011,0.007,59.8,13.0,29.4,0
Mizoram,22.64,1580.5,1,4.49,0.693,19.6,233.9,424.5,99.0,131.3,0.184,0.022,23.3,88.6,65.8,1
Nagaland,36.29,2139.6,2,12.24,0.622,60.8,166.4,349.4,99.0,155.0,0.628,0.056,56.8,91.2,79.1,1
Manipur,18.55,362.4,2,4.01,0.487,55.0,201.8,468.3,99.0,157.1,2.126,0.01,53.8,96.8,81.7,1
Mizoram,38.74,1128.2,1,1.24,0.623,29.1,26.2,45.3,34.9,45.1,0.039,0.015,49.3,18.9,29.5,0
Arunachal Pradesh,29.43,2983.0,2,1.09,0.503,44.6,8.3,19.1,24.7,34.7,0.002,0.041,68.5,15.3,33.9,0
Meghalaya,32.59,801.9,2,3.65,0.446,74.0,84.4,205.4,83.7,115.5,4.149,0.004,77.3,65.1,69.3,1
Arunachal Pradesh,28.75,4122.3,3,10.66,0.718,62.7,217.3,384.7,99.0,161.0,0.596,0.048,38.4,94.6,74.9,1
Sikkim,32.18,3463.6,3,0.34,0.525,48.2,18.0,32.0,40.6,63.9,0.079,0.014,65.7,21.4,36.9,0
Sikkim,32.0,2895.4,2,4.17,0.515,27.2,134.1,374.3,99.0,143.9,0.322,0.005,62.7,78.1,72.7,0
Arunachal Pradesh,35.78,2076.3,2,6.61,0.521,66.8,134.8,257.7,99.0,128.6,0.309,0.028,70.0,75.2,73.4,1
Sikkim,48.6,3162.6,1,0.55,0.632,62.8,1.2,1.7,24.3,40.0,0.059,0.001,63.5,6.9,26.7,0
Arunachal Pradesh,39.15,3211.2,1,0.56,0.44,45.8,76.1,124.7,66.4,117.0,0.062,0.0,51.9,46.4,48.3,0
Nagaland,37.44,2104.7,3,2.05,0.771,23.9,128.1,314.5,99.0,153.1,0.405,0.01,57.9,80.9,72.8,1
Assam,20.45,561.5,1,1.44,0.672,17.5,19.0,44.5,29.5,51.6,0.068,0.04,33.2,15.4,21.6,0
Arunachal Pradesh,34.67,2003.7,2,0.99,0.73,33.9,41.0,105.2,59.4,100.2,0.021,0.005,75.6,31.0,46.6,0
Assam,8.7,672.7,3,1.0,0.679,90.9,200.8,466.2,99.0,175.2,0.593,0.006,50.4,91.9,77.4,1
Meghalaya,25.27,1076.7,3,0.63,0.662,75.4,61.7,138.8,59.5,83.5,0.05,0.024,58.7,38.9,45.8,0
Sikkim,38.0,2795.0,3,4.25,0.352,89.1,29.5,70.9,38.2,60.4,0.034,0.008,65.9,22.7,37.8,0
Arunachal Pradesh,39.41,3340.1,3,5.24,0.574,84.3,42.8,113.8,55.3,73.9,0.012,0.025,65.5,38.0,47.7,0
Meghalaya,38.76,1274.6,3,5.46,0.572,45.9,48.2,116.0,53.6,88.0,0.032,0.011,57.6,35.8,43.5,0
Nagaland,21.08,1722.8,1,3.42,0.833,53.0,4.9,7.6,21.1,37.8,0.036,0.014,32.5,9.6,17.6,0
Mizoram,46.82,870.8,2,13.75,0.454,17.0,155.3,390.5,99.0,137.9,0.188,0.012,67.3,79.3,75.1,0
Arunachal Pradesh,21.92,2380.7,2,9.56,0.655,72.1,32.2,89.3,48.9,60.6,0.006,0.023,56.2,26.9,37.1,0
Arunachal Pradesh,37.47,4094.5,2,14.23,0.565,42.2,21.4,30.0,38.4,68.5,0.017,0.014,62.7,18.4,33.9,0
Sikkim,33.21,2876.7,3,2.22,0.767,16.1,163.1,340.7,99.0,120.7,0.794,0.032,53.3,88.6,76.3,1
Sikkim,29.95,3830.2,2,9.46,0.84,9.5,178.2,258.5,99.0,140.4,1.612,0.017,45.5,90.3,74.6,1
Sikkim,51.1,3812.2,1,6.48,0.663,69.6,8.2,22.5,47.1,72.3,0.011,0.035,50.1,20.2,30.7,0
Sikkim,33.52,2337.0,2,1.87,0.764,48.2,74.9,205.5,73.6,122.9,0.036,0.018,70.2,54.9,60.3,0
Nagaland,20.64,1966.0,1,0.51,0.473,0.9,88.7,202.3,83.5,111.0,0.511,0.015,37.5,59.7,51.9,1
Assam,12.72,139.9,3,5.16,0.747,82.5,66.5,140.1,66.6,82.1,0.09,0.009,43.9,40.7,41.8,0
Sikkim,47.33,3026.7,2,0.66,0.619,61.9,145.4,210.3,85.1,137.7,0.331,0.018,82.1,72.1,75.6,1
Manipur,12.97,492.7,2,1.57,0.765,3.8,266.5,733.8,99.0,124.6,1.065,0.019,48.7,93.5,77.9,1
Sikkim,26.15,2662.9,2,3.12,0.705,30.5,28.0,77.3,45.4,61.2,0.025,0.003,59.6,24.3,36.7,0
Meghalaya,33.29,1502.4,2,5.13,0.44,72.2,3.0,7.2,15.7,21.3,0.022,0.003,67.4,3.7,26.0,0
Sikkim,35.73,3843.1,3,11.73,0.445,5.9,152.5,219.7,95.9,163.3,1.073,0.003,47.1,78.5,67.5,1
Mizoram,35.14,1701.9,2,4.05,0.806,73.6,151.1,379.9,99.0,153.2,3.431,0.01,69.6,91.3,83.7,1
Tripura,17.68,331.7,3,5.01,0.748,50.5,4.4,9.6,24.6,36.1,0.076,0.044,44.3,11.2,22.8,0
Mizoram,36.99,1334.0,3,1.67,0.642,78.3,87.1,240.5,99.0,120.3,0.481,0.047,65.8,64.8,65.1,0
Sikkim,26.97,2359.3,3,5.23,0.762,85.5,6.8,16.0,14.9,22.4,0.036,0.009,54.6,10.5,26.0,0
Mizoram,21.77,1669.6,2,2.59,0.584,76.8,31.8,87.0,50.2,81.7,0.115,0.007,65.8,34.0,45.1,0
Arunachal Pradesh,40.33,3693.5,3,8.75,0.562,7.8,69.9,108.1,59.1,105.5,0.026,0.001,53.5,43.8,47.2,1
Manipur,18.4,528.8,2,2.24,0.495,46.0,10.0,24.6,16.6,24.7,0.07,0.005,58.7,9.5,26.7,0
Meghalaya,28.93,824.6,3,2.84,0.501,31.9,102.1,269.2,92.6,142.1,0.844,0.009,53.5,68.1,63.0,1
Meghalaya,36.28,1666.9,3,2.55,0.749,50.8,18.1,41.5,30.8,42.9,0.005,0.054,62.2,19.5,34.4,0
Mizoram,48.1,2059.1,3,7.5,0.488,96.6,103.6,223.5,70.7,119.5,0.018,0.002,68.5,63.5,65.2,1
Mizoram,21.91,2157.9,3,13.83,0.729,12.4,6.3,15.8,34.5,52.5,0.025,0.001,34.8,10.4,19.0,0
Arunachal Pradesh,48.96,1726.3,2,1.78,0.796,86.6,46.5,120.8,53.0,75.6,0.03,0.005,88.4,33.7,52.9,0
Mizoram,36.59,1025.0,1,2.9,0.729,99.1,30.8,69.9,46.2,58.7,0.048,0.033,48.9,28.3,35.5,0
Sikkim,33.92,2704.1,2,5.51,0.63,99.0,164.5,399.6,99.0,171.8,0.103,0.015,72.0,89.6,83.5,1
Mizoram,43.41,1232.1,3,10.16,0.54,79.7,53.9,105.7,53.6,90.0,0.009,0.018,58.3,36.9,44.4,1
Nagaland,23.54,1677.7,1,3.06,0.567,46.6,64.0,120.8,45.1,59.7,0.001,0.012,33.3,37.3,35.9,0
Nagaland,34.88,1043.3,2,0.52,0.624,17.8,10.0,16.8,11.5,19.8,0.089,0.026,70.7,5.4,28.3,0
Meghalaya,30.69,1123.6,2,2.07,0.272,60.8,56.1,127.7,61.2,93.9,0.008,0.019,70.5,41.6,51.7,0
Meghalaya,28.64,2044.6,2,3.6,0.644,61.0,36.7,93.3,35.7,59.4,0.001,0.007,66.4,28.0,41.4,1
Arunachal Pradesh,28.75,1623.8,3,2.43,0.39,31.6,23.3,54.2,28.2,44.8,0.003,0.032,57.6,19.7,33.0,0
Nagaland,51.61,810.2,2,0.93,0.679,61.7,68.7,133.9,57.2,71.0,0.068,0.006,88.6,40.9,57.6,0
Sikkim,33.86,2219.7,3,0.17,0.667,11.7,265.7,739.3,99.0,133.6,0.945,0.067,64.1,95.8,84.7,1
Meghalaya,16.48,1282.8,2,5.23,0.657,63.4,4.5,6.3,26.9,39.2,0.012,0.041,57.0,9.3,26.0,0
Sikkim,45.02,1997.2,3,22.16,0.581,89.7,224.1,410.9,99.0,125.4,0.165,0.015,59.2,92.4,80.8,1
Arunachal Pradesh,40.73,3769.0,2,11.32,0.569,47.2,113.4,312.4,99.0,140.9,1.253,0.057,65.4,83.9,77.5,1
Mizoram,30.04,852.0,1,5.17,0.633,76.5,17.0,33.0,49.0,59.9,0.015,0.002,37.8,21.4,27.2,0
Arunachal Pradesh,34.85,1880.2,3,8.29,0.576,63.6,20.3,46.0,22.3,38.5,0.102,0.004,47.8,13.2,25.3,0
Nagaland,31.43,908.7,2,1.33,0.595,0.3,154.7,268.5,83.3,102.1,0.065,0.032,67.2,75.1,72.3,1
Sikkim,45.1,4091.3,2,4.38,0.654,12.2,138.2,327.0,99.0,151.4,0.15,0.015,73.2,85.0,80.9,1
Arunachal Pradesh,40.86,4020.4,2,0.28,0.794,77.5,266.2,614.4,99.0,159.8,1.166,0.024,80.7,92.8,88.6,1
Meghalaya,35.5,1108.2,2,5.53,0.571,4.0,2.6,5.8,6.3,8.7,0.03,0.011,62.7,2.7,23.7,0
Arunachal Pradesh,42.25,3848.3,2,15.76,0.748,95.6,92.3,177.8,79.7,95.7,0.002,0.01,67.1,55.7,59.7,1
Sikkim,45.52,3651.7,1,8.87,0.801,89.4,133.3,365.1,99.0,151.7,1.645,0.035,48.3,87.3,73.7,1
Mizoram,40.32,1167.4,2,3.44,0.653,36.2,24.6,56.6,53.4,78.9,0.0,0.03,66.0,27.9,41.3,1
Arunachal Pradesh,32.35,2387.2,2,7.0,0.729,31.0,84.1,128.6,53.3,69.9,0.001,0.006,57.5,43.1,48.2,0
Nagaland,33.28,1347.9,2,12.96,0.486,61.3,72.5,176.3,59.7,74.9,0.038,0.01,60.8,43.6,49.6,0
Arunachal Pradesh,22.24,4091.8,2,1.1,0.426,61.2,133.6,246.9,79.3,133.0,0.001,0.023,67.4,73.2,71.2,1
Sikkim,47.64,3809.6,3,7.09,0.575,8.9,23.8,44.3,22.6,29.8,0.081,0.013,60.8,10.9,28.4,0
Nagaland,27.3,1409.8,2,1.42,0.593,21.5,28.8,49.4,44.7,65.0,0.017,0.005,59.8,25.2,37.3,0
Sikkim,49.76,3964.8,3,9.43,0.667,63.6,17.2,39.8,36.2,60.5,0.006,0.013,65.4,15.8,33.2,0
Arunachal Pradesh,32.22,3538.3,2,0.47,0.486,80.1,113.4,310.4,99.0,173.2,0.291,0.008,82.8,77.7,79.4,1
Sikkim,41.18,2546.5,2,0.88,0.689,19.2,100.2,255.0,97.1,139.8,0.348,0.007,73.4,67.4,69.5,1
Sikkim,35.77,3055.8,1,5.74,0.502,70.2,13.0,35.0,34.0,50.3,0.11,0.001,43.0,14.8,24.7,0
Manipur,17.47,806.1,1,0.86,0.641,87.0,78.6,212.4,79.8,129.8,0.075,0.022,42.5,54.9,50.5,0
Sikkim,41.81,3109.6,2,0.77,0.543,11.8,20.1,28.2,41.7,53.9,0.043,0.026,77.8,21.2,41.0,0
Nagaland,40.39,826.9,2,3.65,0.647,43.9,70.2,159.6,56.7,96.5,0.132,0.006,72.0,42.1,52.6,0
Manipur,18.29,201.0,3,8.11,0.737,85.1,1.9,5.0,27.1,36.9,0.03,0.076,44.8,8.2,21.0,0
Meghalaya,41.1,1720.9,2,1.41,0.825,37.1,29.4,63.8,36.4,52.8,0.058,0.082,70.6,26.1,41.7,0
Manipur,15.72,623.0,3,8.28,0.667,26.9,37.8,88.9,63.9,112.7,0.013,0.056,36.0,34.4,35.0,0
Sikkim,48.33,2134.4,3,7.43,0.647,74.6,0.3,0.5,11.5,20.4,0.027,0.003,67.9,5.2,27.1,0
Assam,20.63,498.2,1,3.89,0.745,40.1,47.6,123.4,56.2,82.1,0.027,0.043,28.0,36.1,33.3,0
Arunachal Pradesh,40.64,2176.5,2,4.68,0.615,70.6,32.9,53.6,24.2,33.0,0.001,0.008,71.3,23.1,40.0,0
Mizoram,24.19,1267.4,2,0.19,0.673,12.6,268.1,410.0,99.0,126.9,0.131,0.003,58.4,89.0,78.3,1
Meghalaya,28.78,928.7,2,2.06,0.508,55.4,5.0,9.5,32.6,42.2,0.027,0.017,72.2,11.0,32.4,0
Sikkim,37.76,3352.0,2,1.38,0.67,37.9,138.7,209.5,85.1,128.2,0.03,0.002,75.5,64.1,68.1,1
Mizoram,39.48,1772.5,3,0.73,0.656,99.7,115.9,185.3,85.2,137.3,1.504,0.01,74.2,69.1,70.9,1
Mizoram,30.54,811.3,3,2.22,0.669,59.1,10.4,16.9,12.6,17.8,0.09,0.005,61.5,6.8,25.9,0
Arunachal Pradesh,31.3,3608.5,3,1.97,0.587,68.2,0.9,1.2,41.3,55.5,0.034,0.015,58.4,16.2,31.0,0
Arunachal Pradesh,39.92,4177.1,2,5.87,0.461,13.1,0.3,0.8,19.6,23.6,0.058,0.017,69.8,7.9,29.6,0
Mizoram,45.74,1132.2,2,4.1,0.241,99.2,9.3,24.6,17.0,23.3,0.022,0.021,87.0,9.6,36.7,0
Mizoram,34.35,1412.6,2,10.99,0.786,5.1,8.7,12.6,12.5,19.7,0.011,0.012,51.7,6.1,22.1,0
Assam,18.68,339.0,2,0.71,0.515,7.1,158.8,274.1,99.0,162.8,3.933,0.009,62.4,92.7,82.1,1
Nagaland,33.64,1423.6,2,0.28,0.682,7.6,176.5,331.4,99.0,167.2,4.32,0.014,70.9,98.7,88.9,1
Assam,14.9,935.0,1,3.44,0.653,87.1,31.5,79.4,39.5,59.8,0.032,0.01,32.8,25.6,28.1,0
Mizoram,42.18,932.2,3,0.1,0.561,72.9,22.7,39.2,38.8,68.1,0.079,0.065,70.0,24.3,40.3,0
Sikkim,50.19,2110.2,3,6.97,0.783,97.3,4.9,9.7,18.8,31.5,0.008,0.055,62.7,10.5,28.7,0
Arunachal Pradesh,30.46,3272.3,2,3.17,0.844,6.7,18.3,50.5,43.5,72.8,0.064,0.016,57.7,15.2,30.1,0
Nagaland,41.83,1265.7,3,3.01,0.594,69.2,28.6,73.2,54.6,66.0,0.033,0.011,66.7,24.5,39.3,0
Mizoram,33.72,1629.7,2,2.03,0.705,53.3,280.0,431.1,99.0,121.7,0.284,0.012,70.4,86.7,81.0,1
Arunachal Pradesh,43.76,3518.5,1,2.11,0.558,63.9,131.7,243.4,91.5,151.8,0.173,0.09,57.7,76.3,69.8,1
Sikkim,37.93,3472.5,3,2.54,0.739,51.3,0.9,2.0,6.6,9.1,0.032,0.007,59.8,4.8,24.0,0
Assam,20.39,520.3,3,0.1,0.471,67.5,10.5,24.7,36.2,49.6,0.037,0.012,54.1,19.1,31.4,0
Meghalaya,27.79,2099.0,2,0.39,0.702,90.7,110.6,254.6,99.0,136.4,1.207,0.017,72.6,78.1,76.2,1
Meghalaya,25.89,1375.9,1,3.16,0.601,58.7,27.4,41.6,49.9,82.4,0.063,0.002,42.0,21.8,28.9,1
Meghalaya,25.56,1140.7,3,0.73,0.777,89.6,50.5,140.9,71.0,114.0,0.117,0.01,56.6,45.0,49.1,1
Arunachal Pradesh,47.37,3744.1,1,6.79,0.657,78.2,40.2,66.6,40.6,49.9,0.004,0.006,52.0,24.8,34.3,0
Sikkim,39.51,2261.5,2,1.44,0.708,86.5,32.0,52.7,47.6,79.7,0.017,0.017,81.7,24.2,44.3,0
Sikkim,30.92,3971.2,2,0.46,0.705,65.9,81.9,142.4,81.9,119.8,0.587,0.007,67.2,55.2,59.4,0
Arunachal Pradesh,38.81,2591.5,3,1.21,0.651,51.9,9.8,19.4,23.7,39.0,0.002,0.012,66.7,11.3,30.7,0
Nagaland,20.96,1444.9,2,1.99,0.625,7.0,3.6,6.7,17.7,31.4,0.005,0.014,54.0,2.6,20.5,0
Sikkim,30.77,2179.8,3,0.16,0.601,83.5,148.8,314.9,99.0,156.6,2.035,0.007,65.2,89.0,80.7,1
Nagaland,40.48,1968.0,2,0.69,0.585,24.2,27.9,74.7,31.5,50.8,0.04,0.028,72.2,18.5,37.3,0
Manipur,16.97,373.8,2,1.76,0.791,3.7,36.3,52.8,39.6,55.6,0.002,0.002,47.7,24.7,32.7,0
Arunachal Pradesh,47.08,1642.2,3,1.67,0.309,51.9,81.7,158.7,71.0,111.7,0.02,0.004,73.6,50.1,58.4,1
Mizoram,31.38,2044.8,1,7.25,0.555,63.3,131.2,364.7,99.0,161.4,0.225,0.001,43.0,83.6,69.4,1
Meghalaya,36.79,1615.6,2,8.34,0.651,66.2,36.1,63.1,54.6,74.0,0.039,0.002,63.4,27.8,40.3,0
Manipur,13.54,597.6,2,0.97,0.72,67.0,75.3,191.6,80.4,112.5,0.581,0.007,55.6,55.6,55.6,1
Arunachal Pradesh,42.43,3690.5,3,0.6,0.598,65.4,35.4,69.0,56.7,71.0,0.084,0.002,66.6,27.2,41.0,0
Mizoram,17.41,1103.0,1,4.53,0.762,80.8,1.5,4.1,22.5,37.3,0.158,0.012,35.4,10.0,18.9,0
Mizoram,29.05,1064.5,2,7.35,0.504,76.9,213.1,488.5,99.0,156.1,1.108,0.006,64.7,94.2,83.9,1
Sikkim,48.81,3549.3,2,14.92,0.695,81.3,76.6,203.1,82.1,117.4,0.225,0.015,69.8,59.3,63.0,0
Arunachal Pradesh,38.27,1672.5,2,0.1,0.662,46.0,63.0,144.2,59.6,90.6,0.051,0.021,74.9,42.8,54.0,0
Mizoram,25.74,1299.0,1,2.4,0.685,6.3,26.2,69.4,50.9,81.8,0.089,0.063,29.6,31.3,30.7,0
Nagaland,40.22,1366.5,3,5.96,0.772,64.0,215.9,575.6,99.0,129.7,0.319,0.062,64.5,94.9,84.3,1
Sikkim,55.99,2658.4,2,7.94,0.323,21.0,30.3,55.1,23.9,38.4,0.042,0.025,78.9,14.9,37.3,0
Mizoram,30.28,2134.6,1,0.29,0.839,86.0,57.4,147.8,68.0,107.3,0.039,0.022,46.9,48.8,48.1,0
Sikkim,25.09,3796.2,2,5.14,0.805,72.2,4.8,12.3,27.0,42.9,0.014,0.013,63.9,11.1,29.5,0
Mizoram,32.32,1553.0,3,1.53,0.551,76.6,11.1,26.5,23.3,32.5,0.005,0.023,65.4,11.1,30.1,0
Arunachal Pradesh,44.37,3607.9,1,0.35,0.378,28.6,163.8,284.6,99.0,127.8,0.55,0.039,58.7,86.3,76.6,1
Manipur,18.84,971.8,2,3.02,0.595,63.3,39.2,60.8,47.7,68.4,0.078,0.057,59.3,27.2,38.4,0
Sikkim,21.18,3314.8,3,0.77,0.773,52.8,73.7,166.9,62.9,79.1,0.056,0.031,52.4,44.6,47.3,0
Sikkim,43.43,2297.5,1,6.01,0.602,26.8,12.4,28.7,10.0,13.0,0.008,0.032,45.7,10.1,22.6,0
Arunachal Pradesh,31.98,1557.7,1,6.08,0.795,81.2,67.0,184.8,86.0,131.8,0.369,0.005,39.5,49.4,46.0,0
Arunachal Pradesh,34.3,3985.1,2,8.31,0.547,55.0,99.3,194.4,76.6,134.4,0.01,0.042,68.4,59.2,62.4,1
Meghalaya,21.65,2030.9,3,2.13,0.494,19.1,76.8,185.2,91.8,122.4,0.854,0.028,51.5,63.8,59.5,1
Sikkim,18.52,2998.5,1,0.1,0.681,30.5,151.9,399.5,99.0,150.7,1.199,0.008,41.0,87.9,71.5,1
Nagaland,24.24,1140.8,3,1.35,0.49,22.7,74.7,188.2,85.8,111.1,0.897,0.003,57.7,57.9,57.8,1
Arunachal Pradesh,33.6,2775.6,2,2.84,0.572,31.2,94.5,185.8,85.9,130.7,0.258,0.005,63.0,62.1,62.4,1
Sikkim,33.42,2827.4,2,5.33,0.525,18.8,36.4,63.2,38.7,64.0,0.007,0.003,59.9,25.8,37.8,0
Sikkim,50.82,2116.7,2,2.17,0.485,37.1,74.8,108.0,49.7,83.9,0.069,0.01,82.4,38.4,53.8,0
Arunachal Pradesh,29.5,2642.1,3,3.46,0.6,69.4,24.6,60.5,30.0,48.6,0.045,0.097,57.3,25.3,36.5,0
Arunachal Pradesh,46.26,2380.4,1,3.34,0.573,95.9,33.3,64.5,46.8,61.8,0.07,0.004,60.9,26.4,38.5,0
Sikkim,39.22,1860.6,2,0.81,0.71,21.1,2.4,5.1,44.3,65.1,0.011,0.014,71.9,16.5,35.8,0
Meghalaya,43.75,953.8,2,4.39,0.643,30.0,189.5,525.8,99.0,167.3,0.353,0.001,70.6,90.8,83.7,1
Sikkim,37.38,2646.6,1,2.6,0.485,0.2,6.8,9.6,28.1,46.2,0.032,0.042,46.7,14.0,25.4,0
Meghalaya,18.74,1983.2,1,7.42,0.461,22.5,14.5,26.0,19.2,32.2,0.003,0.037,27.6,11.0,16.8,0
Mizoram,30.88,1643.0,1,5.28,0.756,41.8,17.2,47.7,43.2,54.3,0.06,0.0,42.1,20.9,28.3,0
Arunachal Pradesh,18.89,2842.6,2,0.53,0.466,46.2,153.6,320.0,99.0,162.0,0.181,0.007,64.2,83.5,76.8,1
Meghalaya,24.12,856.6,1,3.02,0.785,26.6,217.0,588.6,99.0,145.1,0.092,0.014,34.8,88.5,69.7,0
Assam,19.13,229.2,3,5.46,0.59,15.0,157.8,409.1,99.0,140.0,0.417,0.011,44.6,87.4,72.4,1
Meghalaya,31.15,1725.4,3,0.41,0.6,56.3,90.2,216.1,86.1,111.7,0.445,0.021,64.9,62.1,63.1,1
Mizoram,38.54,1852.6,1,7.08,0.61,40.9,19.1,45.9,27.6,37.0,0.009,0.008,47.6,16.4,27.4,0
Sikkim,41.68,2714.2,2,1.13,0.629,42.6,97.7,137.4,81.7,127.5,0.104,0.002,73.7,54.0,60.9,1
Nagaland,42.89,1517.8,1,3.15,0.808,89.5,9.1,16.5,45.7,74.1,0.045,0.031,59.9,19.9,33.9,0
Nagaland,38.53,1465.9,1,12.7,0.692,56.1,66.5,134.2,69.6,106.2,0.048,0.028,33.2,45.2,41.0,0
Meghalaya,37.56,1701.5,2,3.81,0.671,38.8,115.3,245.2,99.0,176.1,0.437,0.01,72.5,70.3,71.1,1
Tripura,32.04,651.6,2,2.48,0.275,25.4,100.4,203.0,77.3,101.4,0.02,0.002,68.5,58.6,62.1,0
Arunachal Pradesh,45.47,2903.3,3,0.1,0.547,42.9,81.1,163.1,74.7,115.5,0.005,0.007,70.4,52.4,58.7,1
Arunachal Pradesh,49.46,3340.9,2,0.64,0.425,86.2,12.2,31.7,23.4,38.5,0.021,0.033,87.1,15.1,40.3,0
Nagaland,20.99,802.0,2,3.89,0.59,96.5,53.2,146.7,68.2,91.7,0.022,0.018,66.5,42.9,51.2,1
Nagaland,29.85,1583.9,1,3.06,0.601,37.7,26.3,67.9,60.8,74.6,0.026,0.006,40.1,31.4,34.5,0
Arunachal Pradesh,41.31,2476.0,1,2.04,0.46,20.9,10.9,25.8,23.4,31.4,0.005,0.001,48.1,10.4,23.6,0
Sikkim,38.64,2564.2,3,11.55,0.781,91.5,40.1,97.6,51.4,61.9,0.078,0.04,56.6,30.7,39.8,1
Arunachal Pradesh,31.7,3144.0,1,1.82,0.772,14.4,81.7,198.8,76.4,112.7,0.031,0.006,43.7,54.8,50.9,0
Sikkim,44.87,3357.0,3,3.47,0.431,29.7,192.8,485.7,99.0,121.4,0.5,0.011,64.4,92.7,82.8,1
Nagaland,39.4,1421.3,1,3.78,0.613,20.4,2.7,4.0,22.5,37.1,0.008,0.01,43.9,7.1,19.9,0
Meghalaya,31.43,1198.9,2,3.37,0.662,56.6,24.4,36.7,28.3,49.2,0.171,0.018,68.1,14.0,32.9,0
Sikkim,35.8,4125.1,3,2.92,0.426,40.9,161.7,248.5,99.0,137.9,2.277,0.011,59.3,85.6,76.4,1
Sikkim,33.78,3008.0,1,1.85,0.817,28.7,18.6,49.7,28.5,44.2,0.009,0.038,41.6,17.4,25.8,0
Arunachal Pradesh,45.25,2723.5,2,10.77,0.358,76.8,17.2,39.1,28.9,48.9,0.1,0.008,74.0,13.3,34.5,0
Sikkim,35.64,2351.1,3,2.7,0.63,66.4,66.5,135.5,63.8,86.6,0.116,0.025,62.9,43.2,50.1,0
Mizoram,32.31,1905.2,1,3.38,0.641,99.6,131.3,325.5,99.0,160.8,0.349,0.002,50.3,85.4,73.1,1
Tripura,27.34,261.4,2,4.81,0.467,31.2,58.7,100.3,70.2,121.9,0.079,0.004,67.6,43.9,52.2,1
Manipur,21.74,361.9,1,0.32,0.688,84.5,103.0,260.2,99.0,159.6,0.402,0.017,39.2,71.6,60.2,0
Arunachal Pradesh,38.37,3644.8,1,6.84,0.468,30.3,30.7,57.9,20.3,32.6,0.029,0.002,41.7,23.8,30.1,0
Manipur,16.55,786.7,1,3.23,0.535,0.9,69.8,159.6,58.2,73.6,0.001,0.01,29.6,41.8,37.5,0
Nagaland,31.92,1036.0,3,4.82,0.609,15.1,103.3,287.5,99.0,128.2,0.027,0.047,53.7,73.3,66.5,1
Nagaland,27.01,2125.6,1,6.65,0.637,50.8,196.9,295.5,99.0,153.6,0.38,0.006,34.4,88.7,69.7,1
Meghalaya,33.58,1208.4,1,9.33,0.75,81.0,113.2,310.3,99.0,130.1,1.803,0.009,34.9,79.9,64.2,1
Sikkim,34.09,4054.2,2,2.24,0.673,5.7,82.8,205.0,99.0,146.5,0.54,0.008,68.4,62.6,64.6,0
Sikkim,35.12,3422.1,2,7.51,0.664,83.2,39.9,80.7,49.9,85.9,0.031,0.01,64.4,30.0,42.1,0
Arunachal Pradesh,37.96,2781.8,2,1.35,0.578,71.6,35.4,54.6,32.3,57.3,0.005,0.048,77.5,23.7,42.5,0
Sikkim,52.5,1797.1,1,4.86,0.711,3.5,7.3,11.4,22.9,33.2,0.141,0.003,50.4,8.4,23.1,0
Sikkim,24.62,4138.3,3,0.49,0.765,10.6,2.5,5.5,20.6,26.6,0.001,0.002,51.3,7.2,22.6,0
Meghalaya,34.6,1915.2,2,0.1,0.752,7.6,85.1,181.8,76.6,133.8,0.042,0.001,67.4,56.6,60.4,0
Nagaland,24.19,1899.5,2,0.45,0.581,67.9,7.4,15.8,12.5,18.4,0.004,0.083,68.4,12.0,31.7,0
Meghalaya,30.05,970.9,1,1.73,0.538,56.1,37.0,66.2,31.2,42.9,0.02,0.03,42.3,22.2,29.2,0
Arunachal Pradesh,33.3,3003.6,2,0.14,0.541,35.9,18.2,27.8,37.0,66.4,0.065,0.024,74.3,17.0,37.0,1
Assam,16.43,808.4,3,4.48,0.621,8.8,22.1,55.6,40.0,69.5,0.047,0.028,40.9,24.8,30.4,0
Assam,16.63,518.1,2,1.71,0.668,39.3,117.4,200.8,72.7,106.1,0.019,0.003,58.7,59.3,59.1,0
Nagaland,30.24,1847.4,1,6.0,0.523,68.2,35.8,82.5,50.1,61.7,0.004,0.008,38.9,26.2,30.6,0
Tripura,15.86,952.5,1,0.21,0.483,9.3,48.0,91.8,50.8,78.7,0.13,0.01,32.1,28.8,30.0,0
Meghalaya,27.21,2135.8,2,1.1,0.588,85.7,18.3,41.9,45.9,74.7,0.046,0.012,72.8,24.1,41.2,0
Assam,16.71,406.2,3,2.36,0.68,6.3,6.3,15.7,44.8,53.9,0.117,0.001,45.0,16.0,26.1,0
Arunachal Pradesh,32.95,2359.0,1,2.17,0.727,60.8,54.7,91.5,31.4,43.9,0.065,0.008,49.3,23.4,32.4,0
Sikkim,30.95,3955.7,2,0.63,0.693,18.9,6.2,8.8,20.6,25.9,0.026,0.008,69.3,6.8,28.7,0
Sikkim,43.03,3735.3,1,23.13,0.766,9.2,76.4,136.8,64.3,111.1,0.122,0.032,34.1,46.8,42.3,0
Arunachal Pradesh,34.76,3273.4,2,1.51,0.777,35.5,35.5,97.6,52.4,64.2,0.005,0.008,69.2,28.5,42.7,0
Arunachal Pradesh,36.24,3265.3,2,5.74,0.631,66.7,12.2,20.2,50.9,90.1,0.011,0.018,66.3,25.0,39.5,0
Mizoram,30.03,2189.9,3,1.12,0.72,12.1,103.0,212.6,68.0,83.1,0.054,0.013,51.9,55.1,54.0,0
Nagaland,27.58,1749.8,1,9.46,0.504,47.6,6.9,13.2,24.0,29.3,0.14,0.016,32.2,13.1,19.8,0
Meghalaya,25.95,910.3,3,2.21,0.668,40.6,41.4,75.8,50.2,73.3,0.088,0.0,56.8,27.5,37.8,0
Arunachal Pradesh,43.89,2247.6,2,10.4,0.427,42.7,43.2,104.8,53.7,75.8,0.021,0.03,67.5,32.6,44.8,0
Nagaland,26.3,1069.9,3,1.88,0.356,94.3,1.7,4.1,22.4,27.5,0.005,0.006,60.0,6.1,24.9,0
Mizoram,26.61,1604.7,2,0.1,0.675,34.9,42.3,105.5,56.0,93.8,0.027,0.014,61.1,33.3,43.0,0
Sikkim,46.46,1996.7,1,3.28,0.66,99.2,53.3,100.0,56.1,69.5,0.085,0.041,57.7,35.3,43.2,0
Mizoram,28.26,1450.5,3,3.35,0.792,53.8,108.4,206.3,88.6,109.5,0.355,0.0,54.1,62.2,59.3,1
Sikkim,37.89,1650.8,1,0.57,0.725,84.2,55.5,120.3,49.8,74.3,0.002,0.01,55.8,37.0,43.6,0
Sikkim,35.21,4139.9,2,1.21,0.715,34.9,29.8,41.9,32.1,45.3,0.028,0.041,72.6,21.4,39.3,0
Manipur,19.7,177.9,3,6.89,0.385,8.5,86.4,236.3,99.0,127.2,0.512,0.029,42.5,69.6,60.1,0
Sikkim,50.51,3099.6,1,0.17,0.736,8.4,19.6,34.0,22.5,28.7,0.016,0.015,55.0,12.8,27.5,0
Meghalaya,27.02,1595.5,2,3.03,0.362,57.4,87.1,142.9,62.6,111.6,0.005,0.002,72.2,50.6,58.1,0
Manipur,23.57,832.8,3,3.4,0.835,93.0,83.6,191.6,62.3,98.8,0.038,0.007,53.7,47.8,49.9,0
Mizoram,36.82,2031.1,3,5.25,0.569,7.1,41.6,107.8,55.6,73.7,0.034,0.012,52.2,36.7,42.1,0
Arunachal Pradesh,43.18,4031.7,3,0.17,0.643,68.9,19.0,43.7,27.1,37.7,0.046,0.005,71.9,14.1,34.4,0
Arunachal Pradesh,50.06,3634.8,2,3.96,0.773,56.3,40.3,91.8,55.8,89.1,0.046,0.0,79.2,35.9,51.1,0
Arunachal Pradesh,21.43,3382.3,2,0.1,0.827,65.2,226.0,470.9,99.0,124.0,1.798,0.095,65.5,98.8,87.2,1
Mizoram,22.63,1167.2,3,1.39,0.625,21.6,45.5,120.6,73.9,104.6,0.052,0.013,50.2,39.4,43.1,0
Meghalaya,25.8,1111.5,2,3.12,0.561,7.1,82.5,227.1,93.8,114.1,0.413,0.01,59.9,63.4,62.2,0
Arunachal Pradesh,33.91,3502.3,3,10.9,0.484,7.5,19.0,42.5,40.3,63.0,0.077,0.02,43.2,18.3,27.0,0
Assam,21.46,724.1,1,0.61,0.709,24.7,143.2,216.2,86.0,147.2,0.461,0.019,34.9,73.7,60.1,1
Meghalaya,26.14,1680.4,1,0.83,0.778,21.4,13.3,20.5,31.7,55.2,0.041,0.001,36.9,15.2,22.8,0
Sikkim,30.82,3557.9,2,4.98,0.576,12.6,103.8,206.2,91.8,145.7,0.685,0.006,65.5,65.7,65.6,0
Meghalaya,32.58,2072.1,3,2.11,0.702,26.5,115.3,240.9,86.0,144.9,1.21,0.007,56.1,73.7,67.6,1
Mizoram,35.31,1931.9,2,4.39,0.544,53.4,86.7,199.0,71.0,117.6,0.226,0.016,69.6,49.5,56.6,0
Arunachal Pradesh,37.75,3655.1,3,26.88,0.587,95.0,5.4,15.0,7.9,9.6,0.009,0.063,53.0,8.6,24.1,0
Sikkim,42.46,1843.5,3,19.5,0.746,92.2,36.3,86.9,56.3,73.4,0.098,0.021,62.0,32.0,42.5,0
Nagaland,21.43,1208.3,3,1.96,0.556,27.2,23.2,61.0,31.9,39.5,0.037,0.052,44.8,19.8,28.5,0
Meghalaya,27.19,972.6,3,3.15,0.71,6.6,124.8,339.5,99.0,135.4,0.452,0.08,44.5,83.5,69.8,0
Meghalaya,25.51,1624.7,3,10.58,0.682,99.6,69.9,117.0,58.2,72.8,0.013,0.001,50.3,40.5,44.0,0
Meghalaya,28.27,1156.0,3,0.44,0.746,47.6,25.6,47.7,29.1,43.8,0.209,0.015,57.0,19.1,32.3,0
Arunachal Pradesh,37.3,3262.3,2,2.71,0.804,97.8,150.6,356.0,99.0,130.2,0.55,0.008,77.6,89.0,85.0,1
Arunachal Pradesh,23.51,1827.5,1,2.13,0.621,53.8,127.5,295.2,99.0,128.9,2.186,0.007,37.7,84.2,67.9,0
Meghalaya,28.2,2163.2,1,1.57,0.798,88.6,3.3,6.6,18.6,33.4,0.134,0.006,42.6,4.2,17.7,0
Arunachal Pradesh,32.08,2572.3,1,23.18,0.716,44.7,50.4,130.8,51.4,89.9,0.081,0.006,30.5,33.8,32.6,0
Arunachal Pradesh,25.79,2824.2,1,5.95,0.749,62.2,6.8,18.7,20.2,26.6,0.115,0.015,27.4,8.7,15.2,0
Manipur,23.3,166.7,1,2.22,0.581,53.6,9.4,18.4,8.5,11.3,0.106,0.088,38.4,9.4,19.5,0
Tripura,19.79,458.8,3,7.95,0.784,22.0,27.8,52.5,49.9,81.8,0.043,0.013,38.6,29.4,32.6,0
Nagaland,28.31,991.6,2,3.03,0.811,76.4,280.0,505.0,99.0,157.8,0.158,0.022,65.1,94.8,84.4,1
Manipur,29.75,966.7,2,9.28,0.781,5.5,136.8,299.0,99.0,136.8,0.928,0.015,50.2,87.7,74.5,1
Sikkim,26.43,3745.1,3,1.39,0.819,36.2,104.6,236.2,99.0,170.2,0.617,0.045,47.8,71.4,63.2,1
Assam,30.15,215.3,2,1.14,0.692,87.0,1.6,2.6,34.6,44.1,0.052,0.005,74.4,12.6,34.2,0
Arunachal Pradesh,35.79,2882.7,1,1.28,0.655,50.3,86.2,154.8,69.3,115.3,0.177,0.002,51.3,55.0,53.7,0
Assam,15.37,483.7,3,3.48,0.651,7.8,67.4,105.7,46.2,80.6,0.083,0.012,36.3,38.3,37.6,0
Tripura,16.98,217.9,2,1.55,0.494,20.8,155.3,414.1,99.0,127.8,1.022,0.017,58.9,89.0,78.5,0
Mizoram,29.15,1543.6,2,0.72,0.801,11.0,17.7,40.9,41.3,63.3,0.002,0.003,64.3,19.7,35.3,0
Tripura,31.1,231.7,2,23.52,0.602,27.8,184.2,401.3,99.0,122.2,0.963,0.02,54.3,93.5,79.8,0
Meghalaya,33.73,2179.0,2,10.38,0.676,16.5,5.1,13.7,35.3,59.6,0.027,0.006,52.2,11.5,25.7,0
Sikkim,28.9,1759.9,3,4.54,0.748,71.2,47.3,131.3,58.4,95.7,0.053,0.002,58.5,33.4,42.2,0
Meghalaya,36.81,901.2,1,10.0,0.639,65.9,169.7,243.5,99.0,146.7,1.294,0.05,40.2,86.6,70.4,1
Mizoram,29.21,2026.2,3,12.33,0.712,13.5,36.3,91.0,50.1,68.9,0.036,0.001,39.2,30.7,33.7,0
Arunachal Pradesh,16.81,2336.1,1,5.07,0.488,44.5,94.6,203.8,79.7,104.2,0.059,0.001,30.4,53.9,45.7,0
Mizoram,36.62,1216.0,2,3.29,0.403,29.6,18.0,25.3,42.7,69.8,0.145,0.084,71.7,21.3,39.0,0
Tripura,24.13,751.4,3,9.62,0.598,33.7,29.3,58.6,38.8,62.7,0.044,0.009,40.8,20.9,27.9,0
Arunachal Pradesh,35.05,3308.3,3,3.77,0.303,57.6,64.0,158.9,59.2,89.5,0.051,0.017,62.7,42.5,49.5,0
Nagaland,27.49,1665.3,1,0.61,0.629,89.9,56.8,138.5,54.3,69.8,0.009,0.004,42.9,36.6,38.8,0
Manipur,24.76,514.1,1,2.06,0.643,89.7,37.2,100.4,54.2,66.7,0.037,0.011,40.4,27.7,32.1,1
Assam,15.84,678.9,3,2.66,0.689,41.3,14.3,32.4,21.0,25.6,0.113,0.002,49.9,12.6,25.7,0
Assam,26.16,894.0,1,12.33,0.583,39.3,15.7,26.9,26.1,45.2,0.024,0.001,26.5,15.5,19.3,0
Meghalaya,27.31,1522.5,2,4.84,0.764,51.8,162.2,392.1,99.0,126.1,0.666,0.154,57.0,90.7,78.9,1
Tripura,19.09,411.4,3,9.37,0.425,47.4,0.3,0.7,16.6,24.8,0.0,0.005,39.4,1.1,14.5,0
Nagaland,34.45,1479.9,2,6.38,0.499,6.2,47.6,125.6,78.6,133.3,0.023,0.01,60.8,42.0,48.6,0
Arunachal Pradesh,39.13,2758.7,1,1.67,0.584,57.9,12.8,18.0,35.9,53.1,0.157,0.018,56.9,18.1,31.7,0
Meghalaya,26.76,1154.9,2,5.71,0.573,58.5,145.4,291.5,99.0,119.5,1.498,0.015,62.7,85.5,77.5,1
Mizoram,34.04,2086.6,3,0.98,0.825,45.0,9.3,15.7,28.9,48.7,0.17,0.009,64.2,10.8,29.5,0
Sikkim,43.4,3563.9,2,2.36,0.418,41.4,21.3,44.4,46.7,58.7,0.005,0.0,72.1,24.5,41.2,0
Mizoram,24.82,1975.8,3,7.38,0.437,93.9,63.1,122.9,51.7,77.9,0.012,0.014,54.5,44.7,48.1,0
Mizoram,34.64,1574.1,2,4.26,0.75,60.1,63.3,138.5,50.5,85.5,0.037,0.058,69.9,43.8,53.0,0
Arunachal Pradesh,36.45,3380.7,1,7.85,0.695,81.6,10.6,27.1,36.3,55.9,0.11,0.027,42.4,17.6,26.3,0
Meghalaya,25.22,2148.4,2,1.32,0.603,95.4,21.2,48.9,32.9,43.4,0.017,0.025,70.5,18.4,36.6,0
Nagaland,33.74,972.0,2,6.23,0.545,81.0,31.4,59.7,33.2,42.3,0.017,0.059,76.4,26.1,43.7,0
Meghalaya,37.27,1666.0,2,1.02,0.546,94.3,39.8,74.6,49.7,89.1,0.097,0.004,82.8,31.7,49.6,0
Arunachal Pradesh,33.0,3763.0,2,3.55,0.553,75.9,61.0,103.4,51.8,69.8,0.005,0.072,69.8,35.1,47.2,0
Arunachal Pradesh,18.09,3989.0,3,2.56,0.497,17.0,1.1,2.3,25.1,30.3,0.093,0.081,40.4,9.5,20.3,0
Sikkim,40.55,1597.9,3,3.66,0.553,22.7,5.5,14.0,43.4,61.8,0.046,0.014,62.7,13.5,30.7,0
Assam,17.56,863.9,1,0.66,0.643,19.4,7.7,10.8,38.6,63.4,0.002,0.03,31.9,13.9,20.2,0
Sikkim,42.57,1875.8,3,2.02,0.778,32.2,9.5,22.8,39.3,56.9,0.097,0.0,69.5,11.5,31.8,0
Mizoram,38.61,1463.0,2,4.95,0.608,35.5,1.4,2.9,35.9,46.4,0.036,0.07,67.0,17.7,35.0,1
Sikkim,39.66,3515.7,1,3.68,0.664,81.1,113.9,296.7,99.0,130.3,0.267,0.012,51.6,76.2,67.6,0
Sikkim,43.31,3998.4,1,3.58,0.736,36.1,80.4,170.1,83.0,135.3,1.157,0.092,54.5,64.3,60.9,1
Manipur,24.83,502.2,2,3.22,0.729,72.7,153.6,403.9,99.0,174.3,0.906,0.011,64.6,86.9,79.1,1
Nagaland,27.84,1581.1,2,12.96,0.719,90.4,121.0,294.6,99.0,134.7,0.959,0.021,59.4,76.9,70.8,1
Arunachal Pradesh,34.41,1999.4,1,12.27,0.752,11.5,127.5,265.2,99.0,174.0,1.55,0.003,31.7,84.4,66.0,0
Meghalaya,34.28,1301.3,1,2.01,0.685,0.0,150.1,272.8,93.4,119.3,2.5,0.003,41.3,84.3,69.2,1
Arunachal Pradesh,48.02,3914.4,1,1.95,0.676,88.9,50.8,140.3,60.4,75.9,0.011,0.012,59.6,40.7,47.3,0
Meghalaya,23.75,1750.7,3,3.64,0.53,23.8,8.8,15.0,22.2,28.9,0.067,0.01,51.4,11.8,25.7,0
Mizoram,35.03,1868.7,3,0.45,0.676,15.3,0.2,0.4,28.4,40.7,0.034,0.003,64.2,8.3,27.9,0
Arunachal Pradesh,47.22,1907.0,2,1.62,0.777,29.5,18.4,43.3,32.7,49.7,0.018,0.001,78.9,18.5,39.7,0
Sikkim,36.2,2252.9,3,1.18,0.673,18.6,6.0,11.9,33.3,44.6,0.043,0.029,60.7,11.7,28.8,0
Sikkim,37.52,2144.6,2,1.14,0.796,79.4,63.3,152.3,68.4,85.4,0.009,0.004,81.4,39.6,54.2,0
Manipur,19.53,925.9,3,4.58,0.609,63.5,156.5,247.5,79.9,131.2,0.009,0.041,47.6,80.1,68.7,1
Tripura,19.2,579.2,2,2.18,0.806,16.7,3.9,6.8,30.9,42.5,0.028,0.011,56.8,7.4,24.7,0
Arunachal Pradesh,31.4,3926.5,2,0.84,0.651,58.4,167.9,404.1,99.0,151.2,0.978,0.011,72.2,89.1,83.2,1
Nagaland,30.78,1705.2,1,9.83,0.715,20.8,104.7,165.4,60.2,99.9,0.009,0.007,32.4,55.5,47.4,0
Sikkim,31.65,2446.9,2,9.33,0.498,19.8,58.6,156.5,77.6,98.0,0.017,0.006,56.8,46.1,49.8,0
Sikkim,42.71,4020.5,1,8.93,0.603,59.5,91.7,205.2,65.8,99.2,0.022,0.009,44.4,56.3,52.2,0
Nagaland,20.63,849.0,1,2.23,0.657,66.5,115.4,173.0,75.4,128.3,0.086,0.033,33.5,61.5,51.7,0
Manipur,24.58,967.6,1,0.26,0.344,34.6,23.9,59.3,40.5,57.3,0.056,0.023,43.8,22.6,30.0,0
Assam,25.53,937.6,2,0.51,0.656,76.3,53.2,107.1,63.6,96.6,0.06,0.052,68.5,40.6,50.4,0
Meghalaya,32.87,1086.0,3,1.45,0.817,83.7,180.3,327.2,99.0,174.6,0.955,0.014,60.1,96.0,83.4,1
Sikkim,51.58,2972.1,2,1.12,0.526,91.6,112.3,240.9,99.0,163.0,0.253,0.033,90.8,74.0,79.9,1
Nagaland,34.56,1905.6,3,9.32,0.794,62.6,17.7,43.5,45.7,65.5,0.079,0.004,54.5,17.6,30.5,0
Sikkim,40.08,2027.2,2,19.33,0.629,22.0,228.4,611.0,99.0,127.4,3.105,0.001,59.3,95.5,82.8,1
Meghalaya,20.33,812.9,2,7.63,0.678,74.8,65.9,121.9,53.2,72.5,0.052,0.006,56.9,42.2,47.4,0
Sikkim,46.42,2040.6,1,5.89,0.767,10.8,26.5,62.9,47.6,73.0,0.007,0.036,42.6,29.4,34.0,0
Mizoram,25.85,2143.9,3,4.0,0.771,18.1,24.6,46.2,39.5,51.3,0.08,0.068,44.1,27.8,33.5,0
Sikkim,29.63,2523.5,1,6.61,0.341,83.3,0.5,0.7,14.6,20.6,0.152,0.025,43.7,5.2,18.7,0
Arunachal Pradesh,39.39,2011.2,2,13.22,0.65,91.1,200.0,549.4,99.0,157.6,0.062,0.011,69.7,88.6,82.0,1
Manipur,15.54,425.1,2,4.14,0.829,6.7,15.0,27.3,40.5,71.3,0.073,0.034,50.8,23.4,33.0,0
Arunachal Pradesh,36.09,3972.4,2,0.76,0.315,31.2,28.6,58.7,27.5,36.7,0.015,0.021,79.9,18.1,39.8,0
Meghalaya,39.53,1497.1,1,0.81,0.656,62.9,23.8,55.0,34.5,46.7,0.033,0.002,55.0,18.6,31.4,0
Sikkim,50.37,1697.6,2,3.95,0.631,93.9,51.0,120.0,76.6,123.3,0.051,0.054,83.8,44.3,58.1,0
Arunachal Pradesh,33.0,1741.6,3,1.83,0.535,57.1,22.3,56.8,32.7,41.6,0.005,0.003,57.5,21.6,34.2,0
Arunachal Pradesh,36.41,3634.1,3,10.85,0.667,82.1,69.0,133.5,60.0,77.9,0.029,0.012,52.9,42.6,46.2,0
Arunachal Pradesh,56.46,3973.9,3,4.26,0.79,92.3,91.3,218.3,99.0,129.2,0.376,0.087,82.1,65.2,71.1,1
Manipur,28.67,550.6,2,5.08,0.676,51.9,9.1,20.6,10.6,16.8,0.028,0.007,60.0,8.4,26.5,0
Sikkim,23.78,4150.3,2,0.1,0.735,74.0,1.3,3.6,16.6,24.5,0.141,0.003,65.7,7.3,27.8,0
Assam,24.96,338.9,1,3.11,0.704,66.2,9.8,23.9,34.1,43.4,0.098,0.024,35.3,20.8,25.9,0
Mizoram,26.79,1092.2,3,2.54,0.427,67.1,27.3,74.4,33.7,45.9,0.033,0.009,58.7,17.8,32.1,0
Meghalaya,28.0,1291.0,2,5.51,0.783,51.7,24.8,44.5,37.5,55.4,0.039,0.016,63.2,21.6,36.2,0
Mizoram,37.71,1103.5,2,2.17,0.767,62.3,71.6,146.0,61.7,85.5,0.011,0.042,81.6,39.9,54.5,1
Meghalaya,19.48,1720.4,3,16.89,0.569,55.4,9.8,20.9,11.4,16.5,0.011,0.004,34.0,9.6,18.2,0
Nagaland,39.05,821.9,2,4.99,0.519,63.8,67.2,174.0,58.9,103.1,0.053,0.014,69.2,44.3,53.0,1
Sikkim,48.8,3898.1,2,4.85,0.656,50.5,4.6,9.1,5.0,8.9,0.023,0.003,82.9,7.9,34.2,0
Sikkim,35.22,2161.0,1,11.33,0.724,22.2,28.9,63.0,43.3,77.7,0.103,0.015,31.4,25.0,27.2,0
Manipur,28.85,359.9,2,24.03,0.835,69.4,90.2,143.6,65.8,79.9,0.084,0.038,54.1,47.7,49.9,0
Assam,22.45,468.1,3,0.99,0.638,38.4,159.7,266.6,95.4,155.3,0.174,0.023,46.8,82.5,70.0,1
Manipur,13.31,123.4,2,7.49,0.338,12.8,148.7,289.5,99.0,174.3,0.32,0.004,49.2,82.2,70.6,1
Sikkim,38.62,1912.6,2,0.8,0.551,85.1,44.9,66.0,41.8,72.9,0.099,0.022,79.9,26.4,45.2,1
Nagaland,27.41,1065.6,1,2.75,0.721,18.1,63.6,95.8,57.9,70.3,0.021,0.012,37.7,35.2,36.1,0
Meghalaya,33.36,1273.0,2,0.48,0.77,54.1,32.1,76.6,49.6,83.5,0.054,0.009,70.3,28.8,43.3,1
Meghalaya,23.76,1741.7,2,4.39,0.716,72.1,103.3,154.8,74.7,110.3,0.02,0.004,59.7,57.8,58.5,0
Arunachal Pradesh,51.28,3089.5,1,2.84,0.737,64.8,94.2,132.1,75.4,129.0,0.086,0.007,58.6,52.1,54.4,0
Mizoram,35.78,1488.7,2,4.46,0.516,16.1,5.7,8.6,24.9,40.6,0.021,0.001,66.7,11.3,30.7,0
Arunachal Pradesh,34.35,3720.8,2,5.1,0.652,19.4,38.2,87.5,49.2,72.0,0.129,0.045,62.5,28.8,40.6,0
Sikkim,39.88,3580.3,3,4.35,0.757,14.9,42.8,93.6,51.4,70.7,0.088,0.007,57.7,28.9,39.0,0
Manipur,19.74,969.4,1,1.57,0.707,7.3,280.0,711.4,99.0,118.9,0.004,0.046,33.9,87.4,68.7,0
Arunachal Pradesh,12.95,3539.7,3,8.16,0.522,28.3,172.2,290.7,99.0,150.9,0.637,0.057,30.3,91.4,70.0,0
Arunachal Pradesh,51.64,3876.8,2,3.61,0.689,52.4,83.7,186.3,71.3,102.7,0.073,0.024,79.0,52.7,61.9,1
Arunachal Pradesh,37.47,3656.5,2,3.03,0.815,17.3,15.2,38.4,31.6,44.3,0.073,0.018,67.1,15.1,33.3,0
Assam,20.98,289.6,3,19.56,0.646,97.1,23.9,57.5,61.2,90.6,0.101,0.04,45.0,28.7,34.4,0
Meghalaya,22.85,1286.4,1,1.5,0.445,69.9,4.8,8.9,18.9,28.1,0.023,0.002,42.9,8.3,20.4,0
Sikkim,39.58,4014.7,2,3.38,0.595,58.3,39.2,88.8,26.1,40.4,0.034,0.019,74.0,21.5,39.8,0
Nagaland,34.6,1630.1,2,5.16,0.716,68.1,3.2,7.9,9.5,15.1,0.006,0.052,68.0,10.1,30.4,0
Nagaland,25.06,969.0,2,0.6,0.689,43.6,26.6,67.9,35.2,45.6,0.053,0.045,64.1,21.9,36.6,0
Sikkim,43.77,2005.4,2,1.97,0.538,47.0,37.6,104.6,40.6,54.1,0.073,0.029,84.4,26.6,46.8,0
Mizoram,18.88,1920.9,1,7.28,0.608,88.9,75.0,147.0,76.5,112.8,0.041,0.006,33.4,47.4,42.5,0
Nagaland,30.65,1846.9,2,1.22,0.614,72.2,67.2,97.0,61.7,83.9,0.033,0.022,68.5,38.5,49.0,1
Mizoram,22.62,1194.2,2,3.06,0.797,58.8,50.6,107.8,46.2,77.5,0.067,0.045,60.6,34.2,43.5,0
Arunachal Pradesh,38.28,4082.8,3,4.48,0.808,95.0,7.2,13.3,24.6,36.6,0.05,0.009,69.1,11.2,31.4,0
Manipur,17.7,452.1,1,5.0,0.599,66.3,185.2,337.6,99.0,150.6,0.122,0.021,29.5,93.6,71.1,1
Meghalaya,35.08,1772.5,2,5.86,0.533,39.9,35.1,82.8,54.3,83.4,0.017,0.011,68.3,27.0,41.5,0
Sikkim,37.36,3441.8,2,9.04,0.552,4.7,1.2,1.8,27.8,45.5,0.062,0.047,63.1,15.1,31.9,0
Meghalaya,34.89,1764.4,1,2.25,0.401,39.1,19.4,41.9,22.0,35.7,0.011,0.005,43.6,11.5,22.7,0
Arunachal Pradesh,38.46,3916.6,2,5.52,0.584,92.5,174.5,399.4,99.0,159.6,0.362,0.007,71.5,89.0,82.9,0
Arunachal Pradesh,47.02,2284.1,1,5.93,0.619,4.5,257.1,621.2,99.0,123.6,0.351,0.023,45.5,93.0,76.4,1
Nagaland,38.3,1224.9,2,1.61,0.689,18.5,7.4,20.3,22.1,36.5,0.056,0.0,72.2,10.7,32.3,0
Arunachal Pradesh,32.04,3019.5,3,15.51,0.617,80.9,86.9,122.7,51.2,85.7,0.018,0.007,49.7,46.6,47.7,1
Sikkim,46.3,2173.3,3,9.02,0.781,36.5,43.4,92.5,44.7,70.9,0.015,0.007,59.4,31.5,41.2,0
Meghalaya,34.54,1061.7,2,1.54,0.666,18.6,1.0,2.6,7.9,13.5,0.108,0.024,70.6,3.7,27.1,0
Arunachal Pradesh,47.88,2963.5,3,5.06,0.627,81.6,138.9,234.1,78.1,108.1,0.03,0.014,69.2,69.0,69.0,0
Tripura,14.24,416.4,3,5.69,0.682,55.8,24.0,66.3,46.2,57.6,0.051,0.001,38.6,23.7,28.9,0
Sikkim,27.95,1671.0,2,2.54,0.767,54.8,22.7,37.8,43.5,60.2,0.002,0.011,62.8,17.4,33.3,0
Sikkim,28.09,3244.2,3,8.97,0.755,29.4,21.7,49.8,29.7,48.4,0.041,0.095,45.8,21.5,30.0,0
Sikkim,50.5,2461.9,2,5.27,0.694,67.5,40.8,61.5,41.2,68.5,0.009,0.045,80.2,27.4,45.9,0
Sikkim,48.07,3364.5,2,4.83,0.773,86.2,56.4,119.9,45.7,71.8,0.038,0.034,73.1,35.3,48.6,0
Arunachal Pradesh,45.64,1807.7,2,1.12,0.63,75.0,191.5,335.2,99.0,128.8,1.641,0.019,83.2,96.6,91.9,1
Nagaland,23.06,840.3,3,2.36,0.722,61.2,12.5,22.9,29.8,48.8,0.272,0.003,51.6,16.0,28.4,0
Assam,25.47,473.3,2,2.56,0.755,35.1,151.2,290.1,99.0,119.5,0.315,0.046,58.3,80.2,72.5,1
Sikkim,27.6,3403.0,1,5.95,0.781,85.5,6.6,11.3,30.0,37.0,0.049,0.009,41.8,15.3,24.5,0
Mizoram,14.66,1232.4,1,4.34,0.627,56.6,232.9,608.8,99.0,124.3,0.416,0.004,25.7,90.0,67.5,1
Nagaland,29.18,1761.5,1,0.4,0.736,89.0,28.9,46.6,51.0,68.7,0.023,0.003,46.6,22.7,31.1,0
Manipur,18.98,611.0,2,1.65,0.516,25.4,4.3,8.6,36.2,53.1,0.009,0.038,59.1,12.8,29.0,0
Meghalaya,41.28,1552.3,3,2.88,0.583,65.4,38.7,107.3,72.5,110.5,0.058,0.02,66.3,39.6,48.9,0
Sikkim,29.74,2767.0,2,6.01,0.687,93.5,102.6,228.0,99.0,149.4,0.023,0.002,72.8,65.7,68.2,1
Sikkim,57.29,3282.0,1,6.12,0.469,37.4,1.8,4.1,5.4,8.8,0.062,0.038,55.9,4.2,22.3,0
Mizoram,33.32,1204.5,3,3.03,0.56,95.1,0.5,1.2,24.5,31.4,0.042,0.006,67.0,5.3,26.9,0
Nagaland,31.24,1695.1,2,0.56,0.652,39.2,249.6,652.5,99.0,154.6,0.336,0.018,71.0,89.9,83.3,1
Arunachal Pradesh,37.04,3856.8,2,1.56,0.559,43.8,22.2,56.7,35.3,52.4,0.127,0.065,76.4,22.7,41.5,0
Sikkim,27.92,3542.8,2,1.32,0.687,80.6,12.7,24.2,22.6,36.3,0.065,0.031,70.6,16.6,35.5,0
Manipur,18.05,849.2,3,6.83,0.66,26.1,35.7,91.9,45.9,81.9,0.231,0.022,36.5,34.5,35.2,0
Nagaland,33.83,2005.0,2,0.89,0.721,70.6,0.4,0.6,9.4,13.3,0.025,0.029,75.5,3.8,28.9,0
Tripura,25.6,113.9,1,2.81,0.562,29.8,0.6,1.1,19.0,25.6,0.06,0.015,32.0,8.2,16.5,0
Nagaland,29.47,1494.9,2,5.0,0.397,59.4,104.7,244.6,88.7,152.1,0.337,0.01,67.2,69.1,68.4,1
Sikkim,39.52,2776.3,3,15.06,0.711,77.6,73.0,127.2,47.6,65.4,0.102,0.0,51.2,34.5,40.4,1
Mizoram,37.35,1038.6,2,30.0,0.684,2.6,12.8,24.4,20.3,34.9,0.058,0.0,60.5,8.8,26.9,0
Mizoram,29.27,1293.4,1,13.75,0.617,8.8,105.2,222.7,85.7,105.7,0.836,0.052,26.6,68.6,53.9,0
Arunachal Pradesh,46.53,4017.1,1,5.7,0.621,93.4,11.4,19.8,25.9,32.0,0.039,0.002,57.6,12.6,28.4,1
Meghalaya,35.84,2026.8,2,6.17,0.615,81.6,35.4,87.3,54.1,85.2,0.012,0.018,74.2,31.5,46.4,0
Mizoram,37.78,908.2,2,6.41,0.492,87.7,32.0,77.4,23.1,31.7,0.153,0.017,68.8,19.5,36.7,0
Arunachal Pradesh,23.33,2196.2,2,8.93,0.649,43.9,23.0,62.0,49.6,71.2,0.042,0.018,53.5,30.2,38.3,0
Nagaland,30.04,2025.3,3,13.64,0.75,71.6,25.5,38.1,54.2,65.6,0.0,0.014,47.8,26.4,33.9,0
Mizoram,27.69,1286.0,3,2.66,0.485,99.8,47.7,126.8,83.2,125.8,1.152,0.059,63.9,46.0,52.3,1
Assam,8.52,513.0,1,2.42,0.483,43.3,144.7,205.7,73.6,89.0,0.027,0.009,27.6,64.8,51.8,0
Arunachal Pradesh,53.11,4117.8,2,2.78,0.731,84.7,17.3,44.2,31.5,54.0,0.027,0.007,86.5,13.9,39.3,0
Sikkim,45.71,2634.2,1,4.85,0.621,7.9,34.2,60.1,33.5,53.8,0.078,0.009,52.1,23.8,33.7,0
Mizoram,21.84,885.6,3,6.72,0.555,54.4,86.6,200.5,84.0,122.9,1.918,0.005,42.5,62.8,55.7,1
Sikkim,49.61,1766.6,2,9.2,0.674,33.3,8.3,19.3,49.4,78.3,0.059,0.026,70.4,21.2,38.4,0
Mizoram,31.67,897.4,1,2.74,0.773,52.3,175.1,339.7,99.0,146.8,0.366,0.009,41.7,90.0,73.1,1
Nagaland,35.15,1813.6,3,2.03,0.717,11.4,62.5,105.6,41.3,53.5,0.029,0.001,59.8,29.6,40.1,0
Arunachal Pradesh,32.99,3025.5,3,18.43,0.758,36.8,20.5,29.8,40.5,61.7,0.053,0.002,49.1,16.5,27.9,0
Meghalaya,38.97,1873.4,1,1.19,0.639,7.7,21.2,46.8,40.2,70.3,0.051,0.029,52.6,24.1,34.1,0
Meghalaya,31.43,1936.7,1,1.13,0.529,45.3,161.2,384.5,99.0,156.5,1.435,0.002,42.5,92.3,74.9,1
Sikkim,42.31,2736.6,2,5.66,0.83,44.2,14.0,27.0,30.8,52.0,0.167,0.005,66.1,18.0,34.9,0
Assam,26.67,878.2,2,0.89,0.549,33.0,39.8,66.3,59.6,80.5,0.019,0.009,65.4,32.6,44.1,1
Nagaland,36.49,1344.3,3,2.29,0.555,94.8,0.2,0.3,20.5,29.8,0.048,0.032,62.9,6.0,25.9,0
Mizoram,29.32,966.7,2,1.56,0.651,8.3,1.1,1.9,19.5,26.6,0.018,0.002,59.7,5.7,24.6,0
Mizoram,31.47,1782.1,2,0.83,0.708,82.5,280.0,705.6,99.0,163.5,1.632,0.004,73.7,95.3,87.8,1
Meghalaya,20.37,2181.0,3,3.9,0.458,35.5,12.1,19.5,27.5,43.6,0.033,0.004,47.5,11.9,24.4,0
Assam,25.16,569.6,2,2.1,0.751,19.9,79.6,159.9,63.4,97.8,0.039,0.013,60.4,43.2,49.2,0
Mizoram,12.63,1555.2,2,2.79,0.72,27.3,116.8,270.1,99.0,119.2,0.169,0.01,51.7,76.0,67.5,1
Nagaland,30.17,802.4,2,0.98,0.625,90.2,26.6,68.7,44.2,75.8,0.063,0.033,74.2,26.9,43.5,0
Manipur,20.06,187.9,3,6.57,0.602,82.5,59.3,125.5,64.8,113.3,0.16,0.006,47.7,43.7,45.1,0
Sikkim,40.58,2053.3,1,1.7,0.717,1.6,137.2,322.8,99.0,160.5,0.121,0.003,46.2,80.6,68.6,1
Nagaland,27.88,2052.6,2,1.89,0.421,14.7,63.5,134.3,80.8,139.8,0.397,0.005,63.7,48.4,53.8,1
Arunachal Pradesh,37.2,2876.4,1,1.31,0.612,67.5,87.5,215.3,92.8,158.0,0.954,0.008,48.4,65.8,59.7,0
Sikkim,39.54,1973.7,3,2.56,0.416,31.7,14.8,37.0,26.4,44.6,0.008,0.018,60.7,10.4,28.0,0
Sikkim,39.39,3798.5,2,2.8,0.694,91.9,16.2,40.3,41.7,68.5,0.021,0.01,77.0,19.1,39.3,0
Tripura,20.77,490.0,2,3.39,0.594,78.7,4.9,11.9,34.9,43.2,0.012,0.005,61.4,10.1,28.1,0
Manipur,17.88,136.2,3,15.43,0.614,87.5,87.2,220.8,84.3,107.7,1.461,0.002,50.1,60.2,56.7,0
Mizoram,33.59,1854.5,3,10.58,0.767,19.3,188.7,475.7,99.0,168.9,0.325,0.018,48.9,96.2,79.6,1
Nagaland,41.08,1944.0,3,4.23,0.751,15.1,24.9,65.0,38.7,55.7,0.008,0.055,60.1,27.0,38.6,0
Meghalaya,31.44,2082.4,1,0.18,0.727,93.2,82.3,169.0,74.9,123.8,0.058,0.005,44.5,50.5,48.4,0
Assam,21.29,236.5,3,4.26,0.621,40.4,25.1,66.3,32.8,43.3,0.265,0.003,44.9,20.9,29.3,0
Meghalaya,31.33,914.8,2,0.42,0.726,41.6,24.5,36.9,5.9,9.3,0.073,0.048,72.1,3.0,27.2,0
Sikkim,48.52,2778.2,1,5.58,0.596,68.5,164.7,313.0,99.0,133.2,0.016,0.018,53.9,85.2,74.3,0
Arunachal Pradesh,35.81,3739.1,2,2.22,0.813,39.7,67.3,181.3,70.9,103.7,0.013,0.009,72.4,50.8,58.4,0
Nagaland,25.98,2128.4,2,8.18,0.801,87.5,0.6,1.2,22.4,30.7,0.084,0.001,58.0,5.6,23.9,0
Nagaland,36.76,885.1,1,12.85,0.552,95.9,64.7,168.8,77.5,113.8,0.034,0.028,42.5,50.6,47.8,0
Sikkim,35.41,2850.4,2,2.43,0.74,33.3,19.0,41.2,41.5,74.3,0.005,0.025,67.6,20.4,36.9,0
Arunachal Pradesh,43.27,2640.4,3,2.78,0.726,20.8,30.4,53.5,26.9,43.0,0.088,0.046,60.3,20.7,34.6,0
Nagaland,28.78,1070.1,2,4.01,0.403,7.5,16.5,25.4,22.7,38.9,0.096,0.017,59.6,13.8,29.8,0
Arunachal Pradesh,28.96,2050.5,2,0.99,0.815,21.4,21.6,51.4,39.9,59.3,0.041,0.008,61.3,15.5,31.6,0
Mizoram,31.66,1917.1,2,11.8,0.758,13.9,3.5,6.0,31.5,38.1,0.029,0.004,49.8,9.9,23.9,0
Tripura,11.8,612.1,3,2.55,0.686,2.9,123.5,272.6,99.0,161.3,1.546,0.005,38.4,85.2,68.8,1
Meghalaya,33.97,1765.1,1,0.82,0.423,4.7,28.0,54.6,27.5,48.9,0.064,0.014,44.3,15.1,25.3,0
Sikkim,44.88,3302.5,2,6.47,0.657,50.9,80.5,188.2,85.7,117.5,0.795,0.038,74.0,60.5,65.2,1
Mizoram,45.09,897.6,2,1.11,0.788,70.8,17.5,39.7,29.4,46.9,0.001,0.046,80.3,18.9,40.4,0
Nagaland,28.51,2003.8,3,0.7,0.742,98.3,4.2,9.4,30.8,45.0,0.032,0.013,62.4,5.4,25.4,0
Meghalaya,26.97,1875.2,1,3.72,0.416,15.6,64.1,136.0,66.8,101.8,0.008,0.001,35.3,45.3,41.8,0
Assam,24.7,111.4,2,5.01,0.64,69.8,21.2,50.1,29.1,36.2,0.031,0.003,65.5,17.5,34.3,0
Arunachal Pradesh,44.02,3696.8,2,3.79,0.421,55.4,111.1,266.6,99.0,163.6,0.009,0.06,81.3,73.2,76.1,1
Meghalaya,37.43,806.3,3,4.81,0.766,47.8,280.0,474.6,99.0,169.7,0.537,0.005,59.0,91.8,80.4,1
Mizoram,45.22,1017.6,1,0.55,0.833,72.2,92.5,206.6,90.8,112.9,0.021,0.034,57.7,61.5,60.2,0
Manipur,20.07,684.8,2,2.91,0.702,23.9,144.3,204.7,86.3,132.0,1.508,0.053,56.5,76.2,69.3,1
Arunachal Pradesh,56.15,1893.8,1,1.99,0.57,31.1,13.2,28.0,32.3,53.5,0.048,0.056,62.6,13.2,30.5,0
Nagaland,29.64,1059.3,3,16.32,0.775,38.5,71.1,178.6,75.3,134.7,0.013,0.002,44.6,57.3,52.9,0
Meghalaya,27.49,1117.2,2,0.23,0.657,18.2,26.6,39.5,52.3,73.0,0.188,0.004,71.7,24.0,40.7,0
Sikkim,31.8,2566.9,2,1.59,0.74,47.9,15.9,29.5,25.6,36.0,0.01,0.012,70.1,12.9,32.9,0
Arunachal Pradesh,31.32,3595.1,2,12.8,0.683,13.2,15.7,22.7,25.2,43.4,0.069,0.008,52.8,8.8,24.2,0
Manipur,31.69,747.3,2,18.47,0.81,31.8,198.0,433.9,99.0,160.5,0.033,0.009,57.1,92.9,80.4,1
Arunachal Pradesh,48.01,4164.6,1,7.84,0.635,11.3,101.4,273.5,99.0,175.6,0.039,0.015,48.8,72.3,64.1,0
Sikkim,53.59,3894.7,2,0.36,0.648,3.6,43.4,80.5,43.5,64.7,0.081,0.055,80.9,32.7,49.6,1
Sikkim,22.94,2301.5,3,3.71,0.75,35.5,43.6,83.3,58.3,91.7,0.05,0.013,43.2,31.7,35.7,0
Manipur,12.62,237.2,2,2.3,0.742,61.8,61.8,105.0,52.0,64.8,0.175,0.011,54.6,30.9,39.2,0
Mizoram,29.9,1229.3,3,7.39,0.743,15.2,64.3,156.3,75.5,134.5,0.025,0.021,40.3,48.2,45.5,0
Nagaland,28.87,2146.2,1,0.25,0.522,99.3,108.1,227.9,99.0,140.5,1.964,0.003,53.7,77.1,68.9,1
Sikkim,39.86,2505.7,3,0.99,0.695,27.4,8.0,14.2,16.7,25.7,0.034,0.013,63.3,6.7,26.5,0
Mizoram,32.25,1440.7,2,3.02,0.711,2.3,187.9,274.3,99.0,153.3,0.01,0.026,63.7,87.8,79.4,1
Meghalaya,25.05,1000.4,2,0.77,0.693,2.8,17.9,46.5,20.2,29.7,0.004,0.018,61.0,12.3,29.3,0
Nagaland,28.16,2123.1,2,5.31,0.769,66.7,14.9,35.2,27.3,45.7,0.066,0.028,60.7,13.6,30.1,0
Manipur,18.52,267.7,3,7.74,0.459,67.0,32.1,88.8,45.7,70.7,0.008,0.043,45.4,29.4,35.0,0
Arunachal Pradesh,28.4,2482.5,3,5.49,0.498,90.3,13.8,30.2,29.0,38.8,0.041,0.012,52.2,13.1,26.8,0
Mizoram,31.12,1180.4,2,2.61,0.769,9.1,11.9,32.7,25.0,35.1,0.118,0.026,61.7,12.1,29.4,0
Arunachal Pradesh,28.88,2450.1,2,9.48,0.774,37.6,153.2,364.0,99.0,175.5,0.532,0.01,53.5,84.3,73.5,1
Meghalaya,30.93,2176.6,1,0.67,0.783,88.9,4.9,9.9,19.6,33.3,0.049,0.041,42.9,6.4,19.2,0
Sikkim,30.64,2387.8,2,1.36,0.614,79.8,207.0,357.5,99.0,176.2,0.038,0.011,70.7,91.8,84.4,1
Sikkim,45.71,1704.2,2,3.03,0.706,23.3,43.8,65.0,37.3,50.4,0.073,0.023,75.3,27.1,44.0,0
Sikkim,41.45,2749.6,2,0.28,0.806,89.0,215.3,303.0,99.0,145.1,0.363,0.0,78.4,88.5,85.0,1
Mizoram,34.66,1864.7,2,0.45,0.63,68.1,102.5,262.6,99.0,123.1,0.752,0.01,81.0,67.9,72.4,1
Sikkim,43.87,2912.6,3,2.28,0.786,26.4,47.0,106.9,53.8,79.4,0.019,0.016,63.8,33.7,44.2,0
Nagaland,35.22,1226.4,3,12.96,0.597,4.5,40.1,66.6,45.3,60.8,0.082,0.02,44.6,29.4,34.7,0
Sikkim,45.77,1596.2,1,10.76,0.545,49.7,221.0,521.5,99.0,143.5,0.115,0.004,47.1,84.3,71.3,0
Arunachal Pradesh,39.14,2305.0,3,2.82,0.736,71.3,32.6,87.4,48.1,66.5,0.07,0.02,69.8,24.4,40.3,0
Nagaland,36.73,1008.8,1,0.69,0.773,26.9,8.9,13.1,17.0,20.8,0.075,0.028,52.9,7.9,23.7,0
Sikkim,40.97,3699.2,3,0.88,0.613,16.9,222.9,563.1,99.0,134.7,2.584,0.007,65.3,96.1,85.3,1
Meghalaya,34.39,1703.1,1,2.13,0.476,7.5,17.6,45.2,31.1,47.1,0.003,0.009,42.5,17.9,26.5,0
Mizoram,22.03,812.0,3,1.06,0.764,84.2,4.1,9.5,44.8,56.1,0.004,0.048,57.4,14.7,29.7,0
Sikkim,29.72,3750.7,2,0.39,0.825,5.5,56.8,153.9,55.8,88.0,0.037,0.005,69.5,42.0,51.7,0
Arunachal Pradesh,39.95,2861.0,2,5.04,0.198,60.9,26.6,73.2,39.6,64.0,0.023,0.009,77.1,24.7,43.0,0
Sikkim,31.84,2922.1,2,3.92,0.794,76.3,22.1,54.8,31.5,45.0,0.041,0.026,70.8,19.1,37.2,0
Assam,19.53,156.8,1,1.55,0.672,78.0,171.8,281.0,97.4,170.1,0.545,0.004,42.1,84.5,69.6,1
Mizoram,28.39,1904.8,1,6.79,0.644,65.4,2.4,3.7,17.0,21.2,0.231,0.014,38.1,7.2,18.0,0
Mizoram,28.64,856.7,2,6.73,0.776,65.3,53.9,107.4,55.6,87.6,0.063,0.027,64.8,37.7,47.2,1
Mizoram,32.21,1657.7,3,3.04,0.774,47.4,31.5,61.8,54.1,88.8,0.012,0.001,56.5,29.0,38.6,0
Arunachal Pradesh,35.68,2997.4,2,0.46,0.638,41.7,30.3,48.5,29.2,48.8,0.064,0.006,71.3,20.2,38.1,0
Sikkim,49.43,3659.5,2,11.28,0.739,13.7,103.6,150.9,86.5,127.3,1.058,0.017,65.5,65.9,65.8,0
Nagaland,22.61,1658.3,2,4.97,0.581,53.5,80.1,139.9,49.9,67.9,0.047,0.006,56.6,42.3,47.3,0
Arunachal Pradesh,42.58,3196.4,2,1.28,0.758,7.1,34.1,61.6,43.5,77.3,0.006,0.034,72.0,28.7,43.9,0
Sikkim,44.24,4117.0,2,4.24,0.473,46.8,38.9,104.6,44.3,77.8,0.015,0.022,72.3,29.9,44.7,0
Sikkim,50.09,2032.7,3,2.34,0.814,73.1,74.0,205.2,89.2,159.7,1.868,0.015,67.3,61.4,63.5,1
Meghalaya,32.37,1740.7,2,4.54,0.626,44.3,23.8,66.3,63.9,104.4,0.001,0.003,60.5,28.6,39.8,1
Tripura,23.77,189.5,1,2.89,0.62,50.8,185.5,470.6,99.0,165.2,0.436,0.023,31.9,91.2,70.4,1
Arunachal Pradesh,49.3,3408.7,1,2.99,0.411,84.2,98.5,244.2,99.0,174.0,0.45,0.004,58.9,66.0,63.5,0
Meghalaya,27.87,856.2,2,5.99,0.542,64.7,31.2,84.5,50.7,74.3,0.061,0.056,61.2,29.1,40.3,0
Arunachal Pradesh,30.68,4188.8,2,4.28,0.68,12.8,188.2,353.1,99.0,128.5,0.475,0.002,63.5,87.7,79.2,1
Tripura,20.58,907.6,1,0.37,0.798,54.3,146.4,315.3,99.0,152.0,3.044,0.01,38.6,93.3,74.2,1
Arunachal Pradesh,36.07,3442.7,3,0.3,0.466,36.5,24.1,53.6,38.4,57.0,0.038,0.007,65.4,20.9,36.5,1
Sikkim,43.52,2693.7,2,1.64,0.807,20.7,119.8,264.1,99.0,165.1,0.745,0.022,77.7,77.7,77.7,1
Nagaland,22.97,1251.6,2,2.53,0.703,64.8,118.5,237.5,88.8,145.9,0.137,0.022,66.4,73.6,71.1,1
Mizoram,40.78,1394.2,1,1.45,0.686,38.7,62.0,171.4,65.3,89.2,0.148,0.028,49.5,47.7,48.4,0
Meghalaya,33.67,1288.2,3,4.74,0.828,76.7,40.3,74.5,55.7,70.3,0.117,0.03,56.7,27.0,37.4,0
Sikkim,35.84,2580.4,3,0.98,0.734,58.7,52.8,90.3,66.6,102.9,0.026,0.005,65.6,36.3,46.5,0
Sikkim,37.93,2969.5,1,5.48,0.657,10.4,13.1,31.9,47.5,76.3,0.051,0.02,40.0,20.6,27.4,0
Sikkim,46.29,4082.5,3,6.68,0.687,35.0,132.1,354.9,99.0,148.9,0.448,0.005,57.4,83.5,74.3,1
Arunachal Pradesh,42.07,2505.4,2,0.6,0.323,27.0,34.6,95.2,43.9,70.3,0.035,0.017,78.5,30.7,47.4,0
Meghalaya,31.81,1320.2,2,4.73,0.421,15.0,3.0,7.5,12.1,20.0,0.021,0.013,62.1,5.0,25.0,0
Sikkim,36.27,3498.8,3,14.65,0.763,80.0,212.1,410.8,99.0,145.2,1.488,0.031,56.0,96.3,82.2,1
Sikkim,36.63,3579.1,3,0.96,0.802,37.9,27.5,69.7,48.5,72.8,0.019,0.008,58.2,25.2,36.8,0
Mizoram,36.24,1619.1,3,10.8,0.654,61.3,103.1,254.5,99.0,156.5,0.319,0.001,47.8,73.1,64.2,1
Assam,18.32,293.4,3,4.19,0.712,88.2,22.2,43.7,23.7,37.2,0.036,0.009,52.3,13.1,26.8,0
Mizoram,35.68,2080.7,3,4.02,0.612,54.3,23.7,36.6,26.2,39.1,0.051,0.037,62.3,13.7,30.7,0
Arunachal Pradesh,17.7,4128.1,1,0.24,0.68,25.8,12.6,32.7,37.1,50.2,0.156,0.012,30.5,19.5,23.4,0
Arunachal Pradesh,30.91,1717.4,2,6.21,0.592,79.1,46.5,85.0,50.4,81.0,0.012,0.034,65.0,29.5,41.9,0
Assam,15.85,605.6,2,2.93,0.763,43.6,35.8,55.8,50.7,72.6,0.033,0.006,49.3,25.6,33.9,0
Sikkim,37.68,1698.1,3,5.75,0.565,56.4,109.9,305.6,99.0,146.0,0.01,0.006,57.2,74.4,68.4,1
Arunachal Pradesh,36.21,2594.1,2,7.45,0.567,90.2,175.5,473.2,99.0,150.0,0.031,0.006,67.2,88.6,81.2,1
Mizoram,27.53,2018.1,1,3.34,0.415,48.9,47.0,115.6,52.4,77.5,0.068,0.027,44.9,35.1,38.6,1
Mizoram,24.44,1844.8,3,1.38,0.735,33.5,55.3,82.7,55.8,89.1,0.046,0.016,55.0,34.1,41.4,0
Mizoram,26.61,1872.5,3,0.69,0.406,72.7,17.3,41.8,23.3,35.2,0.032,0.025,59.7,11.4,28.3,0
Sikkim,50.93,2702.3,2,0.79,0.521,13.4,194.5,452.3,99.0,136.6,0.465,0.009,85.9,92.9,90.5,1
Arunachal Pradesh,32.54,3521.1,1,9.08,0.743,91.4,134.4,234.5,94.7,168.0,1.284,0.012,38.0,79.8,65.2,1
Assam,7.84,912.0,1,0.59,0.533,91.6,106.2,216.9,89.7,160.7,0.954,0.013,29.5,69.1,55.2,1
Sikkim,38.29,1588.7,1,2.19,0.711,57.9,43.1,118.4,62.0,77.1,0.003,0.014,44.1,36.0,38.8,0
Mizoram,27.5,1455.8,2,1.83,0.604,15.4,92.2,131.3,51.4,82.6,0.096,0.007,61.9,47.2,52.3,0
Mizoram,29.88,2105.4,3,9.03,0.324,45.2,9.1,18.7,9.0,15.5,0.007,0.023,50.8,8.0,23.0,0
Mizoram,37.89,1682.9,1,2.92,0.591,42.3,40.4,89.6,43.5,77.0,0.003,0.016,48.7,29.3,36.1,0
Sikkim,36.03,2564.3,2,25.38,0.56,29.8,101.9,266.6,99.0,167.1,0.256,0.02,58.6,77.2,70.7,1
Sikkim,35.09,1959.3,2,6.01,0.813,17.5,21.4,51.2,37.2,64.6,0.111,0.002,59.5,19.4,33.4,0
Mizoram,8.75,2138.8,2,8.56,0.665,26.4,30.6,47.1,28.9,40.9,0.004,0.003,43.2,15.0,24.9,0
Manipur,16.46,490.4,2,0.47,0.604,55.6,50.9,98.1,44.0,74.7,0.001,0.01,56.4,32.3,40.7,0
Assam,18.39,546.4,3,1.31,0.813,68.6,58.9,92.7,51.0,79.8,0.006,0.019,42.9,32.7,36.2,0
Arunachal Pradesh,40.96,2438.9,3,0.65,0.777,98.0,119.1,322.0,99.0,144.1,0.171,0.007,74.2,79.0,77.3,1
Arunachal Pradesh,23.72,3731.2,2,2.8,0.662,21.6,112.8,267.0,99.0,166.8,0.08,0.003,63.7,74.1,70.5,1
Assam,12.75,506.9,3,5.7,0.39,20.4,70.6,123.6,39.8,53.1,0.04,0.026,33.4,37.7,36.2,0
Nagaland,34.6,884.0,2,0.83,0.804,11.7,49.8,79.6,36.8,65.1,0.025,0.031,65.8,29.8,42.4,0
Manipur,20.11,539.2,1,0.63,0.596,93.9,72.6,114.2,44.7,66.1,0.048,0.021,40.8,38.1,39.1,0
Arunachal Pradesh,33.38,3151.1,1,4.29,0.816,38.2,97.3,205.9,89.1,152.3,1.566,0.008,40.2,70.3,59.8,1
Mizoram,34.99,1135.3,2,1.18,0.599,92.4,107.9,190.7,96.9,130.5,1.057,0.018,75.4,70.2,72.0,1
Mizoram,29.28,1260.7,1,2.94,0.642,88.9,150.3,413.9,99.0,171.9,1.08,0.007,43.6,92.1,75.1,1
Mizoram,37.78,1637.5,2,0.24,0.66,4.4,15.4,30.0,28.6,43.7,0.035,0.033,70.4,17.7,36.1,0
Sikkim,33.06,2624.9,2,5.14,0.676,28.0,34.6,96.5,33.6,45.8,0.202,0.069,60.9,30.0,40.8,0
Arunachal Pradesh,30.73,2454.8,2,3.51,0.79,30.3,266.9,695.3,99.0,154.5,0.804,0.003,65.4,90.3,81.6,1
Mizoram,49.09,1593.3,1,4.69,0.777,27.7,10.2,27.1,32.3,40.2,0.057,0.028,49.8,17.6,28.9,0
Sikkim,43.18,3266.3,2,1.45,0.561,42.5,82.0,159.5,57.3,81.2,0.035,0.0,73.5,48.3,57.1,0
Meghalaya,26.81,1865.1,2,1.47,0.48,49.9,64.2,100.8,75.1,114.0,0.074,0.011,69.7,44.5,53.3,0
Assam,17.71,865.7,2,7.27,0.79,75.8,12.2,31.4,24.8,37.5,0.041,0.028,49.9,18.1,29.2,0
Sikkim,33.09,2846.1,2,5.71,0.821,26.8,19.1,26.9,19.5,30.5,0.072,0.025,57.5,14.0,29.2,0
Nagaland,21.43,1546.7,3,3.9,0.63,29.9,47.1,95.4,58.1,71.2,0.074,0.055,45.6,33.9,38.0,0
Arunachal Pradesh,35.23,3448.0,1,4.45,0.299,59.9,5.4,8.7,20.7,34.4,0.013,0.047,45.6,9.6,22.2,0
Mizoram,32.79,886.8,2,0.44,0.66,17.9,6.2,16.5,30.6,38.5,0.01,0.014,70.7,9.7,31.1,1
Tripura,27.72,506.1,1,8.73,0.767,47.3,7.1,18.6,46.4,82.0,0.034,0.035,33.0,23.7,26.9,0
Arunachal Pradesh,36.94,1902.5,1,6.61,0.602,25.1,48.9,77.9,66.5,101.6,0.061,0.106,38.2,39.5,39.1,0
Arunachal Pradesh,34.05,1996.4,3,4.02,0.413,19.8,5.5,11.9,25.2,45.1,0.066,0.017,55.3,14.3,28.7,0
Meghalaya,41.97,2118.0,2,11.29,0.633,79.6,22.9,39.5,28.7,37.6,0.038,0.021,64.3,17.8,34.1,0
Arunachal Pradesh,47.95,2423.7,2,0.83,0.577,70.7,99.9,211.8,73.0,121.7,0.05,0.002,86.9,61.6,70.5,1
Nagaland,32.75,1269.4,3,5.22,0.61,25.0,21.7,59.9,19.3,29.9,0.079,0.083,54.8,16.5,29.9,0
Manipur,20.09,226.6,1,14.83,0.75,41.5,56.3,97.0,60.7,103.3,0.099,0.049,17.6,42.1,33.6,0
Meghalaya,34.35,1107.5,1,1.67,0.651,15.4,14.6,21.8,26.0,32.0,0.035,0.013,45.1,11.1,23.0,0
Sikkim,32.96,2748.8,3,0.1,0.704,5.3,43.3,76.0,38.1,54.1,0.009,0.013,59.7,23.8,36.4,0
Meghalaya,31.84,1386.5,3,5.97,0.422,58.5,12.9,35.7,35.0,55.9,0.058,0.017,51.1,16.2,28.4,0
Nagaland,27.61,2175.6,2,0.1,0.624,36.4,60.2,91.2,44.6,61.2,0.01,0.026,69.3,39.3,49.8,0
Arunachal Pradesh,48.26,1988.1,2,9.27,0.533,20.7,67.5,98.1,56.7,98.9,0.012,0.026,69.8,33.4,46.2,1
Mizoram,26.3,1827.4,3,0.26,0.68,11.5,16.7,27.0,28.7,47.7,0.077,0.021,54.8,14.9,28.9,0
Mizoram,33.26,2192.7,2,4.76,0.603,68.0,1.1,2.7,7.2,10.3,0.032,0.007,72.6,2.9,27.3,0
Mizoram,33.59,1478.6,1,2.13,0.309,27.1,6.2,12.8,16.3,21.1,0.025,0.016,52.0,9.3,24.2,0
Sikkim,49.03,3754.6,2,1.02,0.686,90.7,30.4,56.9,44.8,71.8,0.023,0.016,86.4,27.2,47.9,0
Mizoram,28.67,924.6,2,10.28,0.726,19.3,133.4,309.5,99.0,161.5,0.122,0.013,52.9,84.2,73.3,1
Arunachal Pradesh,32.36,2233.7,1,6.17,0.556,24.4,19.1,29.3,21.7,29.6,0.026,0.001,35.9,11.1,19.8,0
Arunachal Pradesh,42.71,3603.0,2,1.87,0.738,85.2,39.0,92.5,65.6,82.2,0.03,0.043,76.8,37.2,51.1,0
Manipur,22.52,668.0,3,1.5,0.471,57.2,7.9,14.5,25.5,32.6,0.016,0.008,55.6,11.8,27.1,0
Nagaland,45.04,1347.2,2,5.99,0.445,10.8,27.5,71.4,51.1,88.2,0.043,0.02,68.9,30.4,43.9,0
Arunachal Pradesh,39.06,3771.5,1,8.15,0.643,54.9,10.2,24.7,39.8,56.8,0.067,0.02,39.8,14.2,23.1,0
Sikkim,48.07,2947.0,2,5.66,0.508,30.8,178.5,469.2,99.0,166.3,0.82,0.003,71.4,92.2,84.9,1
Arunachal Pradesh,47.02,3890.1,3,4.6,0.562,73.7,2.2,3.7,13.3,19.1,0.101,0.045,69.5,1.1,25.1,0
Sikkim,32.32,3599.6,1,1.16,0.797,7.8,0.7,1.2,25.0,41.4,0.001,0.009,40.4,15.4,24.2,0
Sikkim,26.15,2830.4,1,8.62,0.827,91.8,37.4,89.5,73.0,124.5,0.001,0.001,33.9,39.0,37.2,0
Arunachal Pradesh,35.37,2497.2,2,6.23,0.661,47.8,2.9,7.8,17.4,24.2,0.016,0.048,67.2,5.6,27.2,0
Meghalaya,37.5,2044.2,1,3.28,0.825,73.4,75.0,189.4,91.2,163.9,1.24,0.005,47.2,62.7,57.3,1
Nagaland,41.21,1265.9,3,3.22,0.689,70.5,77.1,209.4,97.4,127.1,0.358,0.027,58.5,57.6,57.9,0
Mizoram,11.64,1187.3,2,3.79,0.653,17.8,25.5,36.1,24.3,37.4,0.004,0.063,50.2,17.7,29.1,0
Mizoram,26.26,2031.0,2,7.93,0.68,88.0,82.0,135.3,46.8,74.9,0.05,0.005,63.3,43.2,50.2,0
Arunachal Pradesh,40.86,3603.8,3,6.1,0.762,23.3,60.7,137.6,62.8,81.1,0.019,0.024,56.6,43.4,48.0,1
Assam,23.58,642.4,2,8.73,0.687,19.1,108.8,216.7,76.1,92.9,0.007,0.007,52.3,61.9,58.6,1
Nagaland,25.35,1058.3,1,3.19,0.705,52.1,214.1,529.1,99.0,125.9,0.673,0.034,41.3,85.9,70.3,1
Nagaland,27.59,1778.9,1,4.41,0.488,98.5,93.3,139.4,57.6,74.1,0.005,0.038,45.1,50.4,48.5,0
Nagaland,21.01,1694.2,2,8.68,0.746,31.3,17.5,40.0,33.8,53.5,0.03,0.015,46.6,17.4,27.6,0
Assam,29.34,782.1,1,1.19,0.666,96.4,67.1,181.3,94.8,169.0,0.935,0.015,46.4,60.0,55.2,0
Meghalaya,33.31,1665.0,2,2.64,0.672,43.5,102.4,176.4,65.3,97.8,0.039,0.016,68.5,53.0,58.4,1
Arunachal Pradesh,32.55,3879.4,1,4.36,0.739,83.5,61.6,145.0,64.7,108.5,0.032,0.035,43.7,48.6,46.9,0
Mizoram,39.77,1660.9,1,11.1,0.738,53.0,4.4,8.4,29.3,37.1,0.002,0.003,36.2,10.5,19.5,0
Nagaland,33.3,1105.8,2,0.1,0.685,20.5,4.5,8.6,6.5,9.2,0.051,0.01,74.8,0.0,26.2,0
Nagaland,41.07,1559.4,3,1.08,0.801,88.0,181.8,385.5,99.0,128.1,0.128,0.005,62.3,84.0,76.4,1
Meghalaya,42.16,1466.1,3,1.2,0.583,7.2,35.1,64.0,37.6,60.6,0.062,0.03,60.5,23.1,36.2,0
Arunachal Pradesh,29.95,3757.5,2,1.78,0.578,68.3,46.5,128.1,43.5,77.2,0.16,0.019,63.6,35.8,45.5,1
Sikkim,48.0,2086.3,3,1.49,0.759,83.1,184.1,269.0,99.0,138.3,0.15,0.013,74.7,86.0,82.1,1
Assam,26.81,985.8,1,4.01,0.695,83.2,0.3,0.8,6.5,9.1,0.068,0.012,42.9,2.0,16.3,0
Mizoram,35.01,1262.3,1,9.76,0.548,65.5,166.7,252.3,99.0,144.8,0.675,0.036,39.9,86.1,69.9,0
Meghalaya,35.56,1549.9,2,4.56,0.584,25.1,37.6,97.6,49.7,62.7,0.066,0.004,66.4,29.9,42.7,0
Sikkim,39.01,1893.9,2,1.24,0.34,53.2,0.1,0.2,19.8,32.9,0.079,0.01,80.3,4.7,31.2,0
Sikkim,28.51,2993.2,2,8.97,0.671,63.0,44.1,75.5,42.5,74.4,0.009,0.018,58.2,26.9,37.8,0
Manipur,12.89,548.7,1,4.5,0.733,89.0,85.7,178.8,72.6,91.0,0.051,0.004,28.5,50.4,42.7,0
Mizoram,43.23,2025.9,1,1.11,0.653,16.0,2.5,7.0,23.4,33.2,0.042,0.011,50.1,13.9,26.6,0
Nagaland,33.29,1039.1,2,2.02,0.693,46.5,73.4,119.5,60.8,104.7,0.013,0.023,70.0,46.0,54.4,0
Meghalaya,30.26,851.4,3,7.02,0.77,33.3,170.8,383.8,99.0,128.0,0.013,0.012,44.5,85.2,71.0,1
Mizoram,35.99,1367.2,2,6.04,0.625,42.8,113.8,234.9,99.0,159.6,0.238,0.002,66.6,70.8,69.3,1
Sikkim,32.25,3855.8,1,3.87,0.763,18.3,34.7,82.4,31.5,41.5,0.039,0.018,34.7,20.7,25.6,0
Mizoram,29.06,1803.4,3,0.7,0.77,21.7,88.6,145.6,70.5,115.4,0.004,0.003,52.6,48.7,50.1,0
Meghalaya,32.15,954.3,2,7.32,0.773,77.0,66.3,148.0,81.0,129.0,1.166,0.007,62.4,53.2,56.4,1
Meghalaya,28.24,1283.6,1,1.65,0.562,47.8,231.6,600.2,99.0,175.4,0.341,0.001,42.8,92.0,74.8,1
Mizoram,35.28,1865.8,2,6.64,0.696,51.4,22.8,32.8,15.7,24.1,0.016,0.014,64.3,13.2,31.1,0
Assam,19.22,846.5,3,4.69,0.642,89.7,123.4,311.5,99.0,145.9,0.259,0.011,56.2,80.0,71.7,1
Arunachal Pradesh,41.92,2015.1,3,1.38,0.615,24.0,12.3,25.4,27.1,40.9,0.096,0.029,64.1,15.4,32.4,0
Nagaland,35.89,1069.8,2,1.07,0.575,32.9,2.4,4.0,5.0,7.8,0.109,0.033,70.0,0.0,24.5,0
Sikkim,47.21,2316.8,2,0.63,0.494,30.9,186.4,419.7,99.0,176.1,3.87,0.044,82.1,99.2,93.2,1
Meghalaya,29.85,1085.1,2,1.25,0.761,65.9,143.7,261.5,99.0,122.3,0.081,0.003,68.2,77.5,74.2,1
Arunachal Pradesh,29.77,3238.8,1,0.77,0.446,56.2,31.4,87.4,58.9,91.4,0.0,0.007,47.5,33.0,38.1,0
Sikkim,57.83,3968.4,3,4.32,0.751,47.2,148.0,263.3,91.5,137.7,1.502,0.02,76.9,83.9,81.5,1
Meghalaya,41.07,1508.4,2,4.11,0.597,66.8,2.9,7.0,27.3,48.6,0.097,0.058,69.1,7.2,28.9,0
Arunachal Pradesh,24.09,2226.0,1,3.97,0.714,48.4,93.0,195.6,99.0,165.4,0.054,0.013,33.2,61.7,51.7,0
Meghalaya,49.66,878.4,2,4.62,0.596,81.6,4.1,8.0,16.3,28.0,0.017,0.014,85.4,5.0,33.2,0
Assam,16.46,595.4,2,7.59,0.729,41.0,47.7,101.9,61.2,76.2,0.043,0.011,46.4,34.7,38.8,0
Arunachal Pradesh,36.98,2329.7,3,11.02,0.486,89.1,18.9,34.6,23.2,39.8,0.029,0.007,58.6,12.4,28.6,0
Nagaland,24.26,2105.7,3,1.18,0.734,12.0,4.7,9.7,31.4,51.9,0.018,0.007,47.1,14.4,25.8,0
Sikkim,38.86,3915.2,1,3.99,0.628,9.4,63.6,122.5,49.3,73.9,0.016,0.007,42.0,39.9,40.6,0
Mizoram,28.19,1658.9,3,0.37,0.819,65.6,142.6,328.7,99.0,137.7,0.541,0.01,59.0,85.1,75.9,1
Sikkim,28.84,1758.4,2,0.58,0.586,39.0,46.0,110.9,63.8,90.1,0.061,0.013,71.8,40.1,51.2,0
Arunachal Pradesh,27.11,3971.9,1,4.78,0.563,45.6,277.5,687.1,99.0,157.5,0.625,0.001,38.5,94.5,74.9,1
Arunachal Pradesh,31.64,3801.8,2,3.0,0.429,69.6,1.1,2.7,20.6,26.0,0.102,0.028,67.9,8.1,29.0,0
Arunachal Pradesh,43.64,4013.0,2,6.39,0.683,21.5,25.7,48.6,38.3,51.6,0.145,0.002,67.8,21.8,37.9,0
Arunachal Pradesh,60.12,4017.6,1,2.5,0.693,4.4,37.2,84.2,51.7,82.6,0.043,0.018,58.1,28.3,38.7,0
Mizoram,35.34,1558.0,2,0.61,0.499,43.9,19.9,42.0,25.6,35.3,0.045,0.02,75.0,9.7,32.5,0
Manipur,14.5,116.6,2,9.25,0.692,89.5,49.8,114.4,38.0,63.6,0.005,0.001,52.7,30.3,38.1,0
Nagaland,29.55,2047.5,1,0.39,0.483,45.1,103.3,195.7,69.9,114.8,0.053,0.009,51.6,60.8,57.6,0
Mizoram,38.32,1631.1,2,0.94,0.708,57.2,53.7,89.6,47.6,71.5,0.049,0.028,79.7,27.2,45.6,0
Arunachal Pradesh,35.33,1806.2,2,1.46,0.509,20.8,37.9,91.6,65.2,109.2,0.001,0.007,70.0,33.5,46.3,0
Sikkim,49.27,2671.1,1,24.1,0.739,46.4,60.2,116.2,40.7,52.7,0.047,0.045,45.5,34.4,38.3,0
Sikkim,56.51,1785.1,3,2.43,0.38,48.1,5.2,12.7,11.3,19.1,0.013,0.061,80.9,0.2,28.4,0
Sikkim,22.49,4176.8,1,3.13,0.719,23.5,44.7,106.9,71.2,94.2,0.074,0.047,33.2,47.4,42.4,0
Meghalaya,26.83,1537.5,1,6.61,0.769,16.4,169.6,473.1,99.0,159.7,0.396,0.018,33.4,86.4,67.8,1
Meghalaya,27.61,1552.1,1,4.55,0.585,35.0,17.3,33.0,21.8,35.2,0.06,0.003,33.5,13.5,20.5,0
Sikkim,50.7,2895.0,2,8.29,0.446,3.9,148.3,349.3,99.0,155.0,2.481,0.014,71.8,89.2,83.1,1
Sikkim,35.19,3146.2,2,3.0,0.65,16.6,73.5,174.2,69.7,106.5,0.114,0.095,65.7,52.1,56.9,1
Nagaland,38.84,824.3,2,16.12,0.632,73.1,23.9,65.0,36.8,63.7,0.068,0.001,60.5,25.1,37.5,1
Nagaland,33.26,1367.3,2,7.17,0.427,64.9,54.5,114.5,59.2,94.8,0.03,0.009,68.8,36.0,47.5,0
Sikkim,36.22,2738.6,3,2.31,0.415,31.3,107.7,250.9,98.2,138.6,0.048,0.006,60.7,71.4,67.7,1
Manipur,23.65,983.4,1,2.16,0.675,55.1,111.5,274.0,99.0,165.5,0.32,0.054,39.0,72.7,60.9,1
Assam,29.06,852.2,2,11.93,0.8,82.9,26.5,73.8,35.8,47.5,0.004,0.012,54.1,22.6,33.6,0
Sikkim,12.78,3494.1,1,5.19,0.379,83.9,77.1,157.6,76.4,107.5,0.026,0.0,34.7,51.6,45.7,1
Sikkim,47.75,3918.8,1,4.37,0.514,65.4,83.0,146.1,63.8,106.4,0.064,0.016,58.3,49.2,52.4,0
Meghalaya,31.55,2138.7,2,6.38,0.697,12.4,28.1,63.1,55.3,98.6,0.007,0.008,56.4,26.5,37.0,0
Assam,21.25,500.1,1,3.7,0.533,16.3,30.2,60.6,50.0,87.3,0.038,0.026,38.7,23.7,29.0,0
Manipur,25.92,797.4,2,0.78,0.782,29.2,161.3,248.0,99.0,137.0,0.265,0.003,61.4,81.1,74.2,1
Arunachal Pradesh,40.27,1735.8,3,1.73,0.689,67.1,30.8,62.3,40.4,69.1,0.002,0.027,65.0,23.5,38.1,0
Sikkim,52.27,4000.4,1,3.67,0.805,25.8,12.9,30.6,24.9,38.0,0.019,0.009,52.9,13.7,27.4,0
Meghalaya,17.13,1681.4,3,0.1,0.626,46.4,209.4,427.8,99.0,144.9,0.079,0.099,48.8,97.4,80.3,1
Meghalaya,27.17,1743.4,2,2.59,0.569,82.6,12.9,28.5,22.0,33.2,0.41,0.013,70.5,17.0,35.7,0
Arunachal Pradesh,42.44,2282.8,2,6.34,0.669,89.2,13.4,32.1,36.9,59.9,0.048,0.008,79.4,14.6,37.3,0
Manipur,17.31,268.0,2,0.81,0.598,83.9,101.7,214.7,85.8,127.2,0.202,0.008,61.6,65.5,64.1,1
Mizoram,42.84,2151.6,2,0.3,0.542,11.6,117.6,180.5,87.1,107.9,0.122,0.001,80.3,63.4,69.4,0
Nagaland,27.6,1933.0,1,8.14,0.482,91.1,5.0,11.8,25.1,30.8,0.058,0.101,41.2,12.8,22.7,0
Manipur,20.61,361.3,3,4.32,0.428,68.4,19.1,31.9,25.0,37.2,0.061,0.025,53.8,16.4,29.5,0
Nagaland,26.72,1959.3,2,0.87,0.645,61.9,55.0,132.1,61.1,89.6,0.008,0.036,66.7,37.5,47.7,0
Meghalaya,31.32,1501.7,3,7.39,0.662,24.8,23.4,42.9,33.4,56.2,0.005,0.016,54.4,20.6,32.4,0
Mizoram,20.22,1134.8,3,4.83,0.653,92.8,24.8,53.3,35.6,47.4,0.005,0.055,52.2,22.3,32.7,0
Arunachal Pradesh,26.74,2706.1,1,1.83,0.815,1.7,31.1,46.3,23.1,35.8,0.005,0.013,32.9,17.9,23.1,0
Mizoram,46.74,1307.8,1,2.12,0.639,8.2,11.3,20.4,24.0,37.8,0.052,0.007,53.7,11.1,26.0,0
Arunachal Pradesh,38.14,2405.2,1,0.76,0.455,15.4,180.9,487.3,99.0,129.4,0.956,0.029,51.9,89.9,76.6,1
Mizoram,29.44,801.8,3,8.12,0.411,69.4,87.7,187.1,73.6,96.3,0.145,0.025,52.2,56.3,54.9,0
Sikkim,28.61,2562.3,3,3.2,0.595,62.3,19.4,51.9,36.9,60.4,0.043,0.034,58.7,19.7,33.3,0
Arunachal Pradesh,29.86,1856.0,2,3.66,0.64,94.5,34.2,92.9,52.6,70.3,0.074,0.048,72.9,30.7,45.5,1
Arunachal Pradesh,54.59,3201.5,1,9.67,0.746,34.9,53.2,95.2,56.1,75.6,0.011,0.004,42.1,35.7,37.9,0
Arunachal Pradesh,38.66,3670.1,1,0.1,0.642,34.8,45.2,120.7,58.8,79.3,0.099,0.008,47.9,35.1,39.6,0
Mizoram,39.8,1934.6,3,0.31,0.731,67.0,38.6,89.5,40.1,64.5,0.008,0.01,72.0,31.7,45.8,0
Nagaland,12.4,1398.8,3,0.79,0.515,17.4,40.7,88.1,39.1,62.5,0.005,0.006,44.0,25.2,31.8,0
Meghalaya,28.0,1384.8,1,0.14,0.525,46.4,32.2,63.3,50.3,89.2,0.019,0.047,42.8,34.0,37.1,0
Arunachal Pradesh,52.98,3552.6,1,4.83,0.822,1.5,42.9,75.2,49.7,73.7,0.047,0.013,54.0,30.9,39.0,1
Arunachal Pradesh,33.72,2105.3,2,4.52,0.819,59.2,21.2,41.5,23.2,30.9,0.0,0.044,65.2,11.8,30.5,0
Arunachal Pradesh,29.38,2469.6,1,1.07,0.734,78.4,166.3,385.1,99.0,144.1,2.666,0.014,46.1,92.8,76.5,1
Arunachal Pradesh,41.64,3655.1,3,0.73,0.734,20.4,40.2,76.7,58.2,88.1,0.009,0.013,62.9,32.7,43.3,0
Manipur,11.26,808.0,2,0.71,0.739,30.7,124.1,235.0,86.8,114.4,1.004,0.008,54.5,72.5,66.2,1
Sikkim,23.88,3756.0,2,13.78,0.752,13.2,119.5,258.3,99.0,164.4,0.339,0.013,47.9,73.0,64.3,1
Sikkim,51.17,3470.7,2,5.32,0.735,61.6,22.6,33.0,35.7,44.9,0.029,0.007,76.8,16.3,37.5,0
Arunachal Pradesh,31.55,2764.5,2,3.96,0.816,56.4,150.9,340.5,99.0,120.3,0.116,0.017,69.8,84.8,79.6,1
Sikkim,43.29,3826.9,1,1.75,0.685,82.6,58.8,106.3,63.4,82.4,0.02,0.003,52.4,37.3,42.6,0
Meghalaya,46.01,1623.1,3,2.55,0.815,97.0,32.9,68.7,36.2,44.1,0.078,0.034,73.0,21.7,39.7,0
Mizoram,32.31,1979.3,2,0.42,0.816,98.4,57.0,146.1,77.4,98.2,0.039,0.004,72.6,47.6,56.3,1
Sikkim,42.98,1832.7,2,28.32,0.582,10.7,109.3,274.4,99.0,123.5,1.063,0.014,63.2,77.3,72.4,1
Arunachal Pradesh,23.79,3363.6,2,6.33,0.762,55.3,134.5,243.1,99.0,159.9,0.96,0.006,53.5,79.0,70.1,1
Sikkim,30.81,1835.1,1,4.37,0.483,79.0,10.6,15.6,29.9,48.9,0.02,0.042,42.6,15.2,24.8,0
Sikkim,52.82,2633.8,1,3.99,0.561,65.9,265.2,511.8,99.0,138.2,0.522,0.006,61.7,92.2,81.5,1
Arunachal Pradesh,34.95,2537.7,2,3.16,0.704,89.7,27.8,43.5,45.2,59.7,0.062,0.04,73.6,21.8,39.9,0
Assam,12.2,764.6,2,1.34,0.656,44.2,4.4,8.8,16.4,27.2,0.061,0.001,52.3,10.9,25.4,0
Mizoram,35.71,831.8,2,1.16,0.682,42.7,185.6,474.9,99.0,128.2,3.947,0.002,71.9,100.0,90.2,1
Meghalaya,41.49,2103.4,3,3.59,0.676,2.6,101.1,187.5,89.7,128.6,0.014,0.001,61.8,58.2,59.4,0
Sikkim,33.75,3063.9,2,0.33,0.75,1.6,58.9,149.5,68.6,105.8,0.023,0.003,68.3,43.7,52.3,0
Meghalaya,35.72,1453.3,2,0.35,0.831,69.3,44.7,123.2,61.8,94.7,0.126,0.015,72.2,34.3,47.6,0
Meghalaya,38.55,1412.3,1,3.7,0.768,47.1,118.7,278.8,99.0,144.3,0.805,0.018,45.9,76.8,66.0,0
Mizoram,30.65,905.5,3,11.36,0.618,66.0,188.6,488.5,99.0,151.7,0.793,0.003,47.5,93.0,77.1,1
Mizoram,29.62,930.0,2,11.05,0.762,23.8,154.6,398.9,99.0,158.4,1.608,0.004,52.2,86.9,74.7,1
Arunachal Pradesh,54.6,3635.0,1,0.1,0.509,86.3,28.7,40.9,34.7,46.8,0.07,0.019,70.3,24.2,40.3,0
Meghalaya,23.42,810.8,2,0.51,0.795,90.3,58.5,136.0,51.5,73.8,0.088,0.004,66.1,41.0,49.8,0
Sikkim,39.15,2642.4,2,3.94,0.808,66.2,280.0,694.2,99.0,159.6,0.128,0.028,73.2,90.0,84.1,1
Manipur,19.35,169.2,3,8.49,0.533,27.8,105.9,214.0,99.0,126.3,0.547,0.05,43.0,71.0,61.2,0
Mizoram,31.19,1087.1,3,13.9,0.72,21.6,57.3,148.1,64.3,90.5,0.007,0.015,42.4,46.4,45.0,0
Meghalaya,38.11,1433.5,2,8.87,0.682,62.5,7.3,16.9,24.3,29.6,0.066,0.038,64.7,12.0,30.5,0
Arunachal Pradesh,43.18,2867.7,3,5.09,0.686,94.1,45.4,107.0,66.7,88.5,0.194,0.002,69.5,35.5,47.4,1
Mizoram,34.1,1835.4,1,1.01,0.616,57.8,17.5,34.6,34.7,50.1,0.046,0.047,50.8,19.6,30.5,0
Arunachal Pradesh,23.93,3133.5,2,0.34,0.75,83.9,90.6,239.1,96.7,131.6,0.958,0.001,69.6,65.1,66.6,1
Sikkim,30.13,3608.1,3,0.22,0.737,56.5,20.1,38.7,17.2,28.7,0.026,0.0,65.2,14.1,32.0,0
Arunachal Pradesh,35.77,2482.2,2,4.26,0.622,67.5,26.5,42.6,38.3,55.4,0.002,0.047,71.2,19.6,37.7,0
Mizoram,32.67,1834.1,2,0.17,0.398,56.8,176.7,325.2,99.0,137.8,0.983,0.004,76.3,91.5,86.1,1
Arunachal Pradesh,52.69,3949.7,3,6.05,0.682,57.5,10.9,21.4,32.6,57.5,0.002,0.032,68.6,14.6,33.5,0
Sikkim,38.58,2881.1,1,5.61,0.587,73.9,160.6,394.0,99.0,156.5,0.498,0.012,46.5,90.3,75.0,1
Manipur,24.91,339.1,1,0.37,0.69,39.6,178.2,271.2,95.3,154.9,0.64,0.01,39.7,85.1,69.2,1
Arunachal Pradesh,37.4,1844.5,2,10.67,0.819,90.4,116.4,270.3,99.0,170.3,0.079,0.066,69.0,75.3,73.1,1
Meghalaya,37.08,1405.8,3,3.32,0.72,86.3,0.7,1.5,33.1,45.8,0.012,0.027,67.1,12.3,31.5,1
Sikkim,38.06,3015.4,3,10.57,0.595,72.5,102.0,188.0,58.7,89.9,0.079,0.033,56.7,51.6,53.4,1
Arunachal Pradesh,28.8,2411.9,2,10.43,0.827,74.3,185.3,361.8,99.0,143.3,1.634,0.006,58.4,93.1,80.9,1
Nagaland,36.05,1313.6,3,0.99,0.741,41.3,11.8,28.0,32.6,44.7,0.013,0.002,61.3,13.9,30.5,0
Arunachal Pradesh,41.97,3554.2,3,2.16,0.711,83.3,14.6,32.6,41.5,50.0,0.002,0.007,70.9,19.6,37.5,0
Meghalaya,21.98,974.2,1,0.65,0.651,93.3,72.3,108.5,61.6,79.1,0.007,0.04,47.4,41.5,43.5,0
Meghalaya,31.51,1283.1,3,6.71,0.56,79.5,46.2,71.2,36.7,61.9,0.025,0.035,52.6,24.4,34.2,0
Mizoram,31.44,1432.9,1,3.16,0.574,13.3,59.4,141.5,54.4,69.7,0.029,0.034,42.5,38.7,40.0,1
Mizoram,27.72,1220.9,1,11.89,0.591,78.7,171.7,451.8,99.0,172.6,0.01,0.013,30.8,90.3,69.5,1
Sikkim,28.34,3616.6,2,1.05,0.757,46.5,70.2,114.2,36.5,49.7,0.013,0.007,68.1,30.8,43.9,0
Arunachal Pradesh,39.97,2397.6,2,5.25,0.616,60.9,77.4,172.9,64.3,95.0,0.081,0.003,73.3,51.5,59.2,0
Nagaland,43.23,2044.7,2,20.39,0.565,99.1,22.0,37.2,50.4,86.7,0.057,0.002,68.5,17.3,35.2,1
Meghalaya,36.76,1970.1,1,4.93,0.592,35.9,104.1,289.1,99.0,139.4,0.261,0.01,41.7,74.6,63.1,1
Nagaland,21.14,1504.5,2,0.32,0.638,34.9,31.7,72.2,34.2,45.8,0.027,0.023,58.1,25.8,37.1,0
Nagaland,42.54,1876.2,1,3.99,0.659,26.3,7.9,20.0,24.2,29.5,0.026,0.05,52.6,14.5,27.8,0
Manipur,27.94,488.5,2,0.89,0.723,12.7,127.7,230.5,99.0,175.3,0.424,0.009,65.4,74.3,71.2,1
Meghalaya,28.14,1265.1,3,0.14,0.575,16.8,59.6,111.6,49.8,71.9,0.068,0.04,57.1,36.9,44.0,0
Sikkim,52.7,4199.5,3,1.84,0.623,51.4,21.3,34.2,53.0,92.0,0.148,0.037,79.2,27.1,45.3,0
Nagaland,21.56,1490.2,3,1.39,0.632,91.0,13.7,32.2,43.7,63.8,0.044,0.026,61.8,20.5,35.0,0
Meghalaya,28.41,859.3,2,7.0,0.527,81.0,41.8,115.9,58.8,101.7,0.06,0.019,64.3,32.3,43.5,0
Arunachal Pradesh,34.23,3008.8,3,2.11,0.644,18.2,68.6,143.1,68.5,86.5,0.048,0.001,58.4,43.4,48.7,0
Manipur,11.47,725.8,2,5.94,0.735,56.2,5.2,8.0,35.4,51.8,0.01,0.013,45.0,13.6,24.6,1
Manipur,21.29,767.0,1,0.1,0.542,84.7,26.8,38.1,32.3,47.3,0.003,0.033,44.3,18.5,27.5,0
Meghalaya,26.33,2186.7,2,0.1,0.544,53.9,66.4,158.9,55.2,98.6,0.007,0.043,59.7,46.6,51.2,0
Arunachal Pradesh,27.36,2510.5,2,0.13,0.772,91.1,105.3,173.8,73.4,109.7,0.049,0.011,72.9,59.2,64.0,0
Sikkim,35.58,3642.0,3,1.11,0.649,90.8,0.6,1.7,34.5,43.6,0.006,0.017,66.6,7.7,28.3,0
Nagaland,42.97,1876.6,2,2.11,0.521,34.8,163.5,397.0,99.0,172.7,0.428,0.04,75.6,87.8,83.5,1
Manipur,25.34,945.3,1,4.21,0.661,87.4,40.9,68.0,47.9,84.8,0.012,0.013,37.4,30.1,32.7,0
Arunachal Pradesh,41.58,3066.0,3,19.18,0.695,58.5,135.6,361.2,99.0,143.0,1.428,0.018,56.8,89.2,77.9,1
Arunachal Pradesh,33.36,3547.4,2,1.97,0.753,48.0,7.9,13.4,36.3,60.9,0.046,0.038,68.0,18.4,35.8,0
Manipur,11.51,685.8,3,0.26,0.593,77.4,180.0,492.9,99.0,122.9,0.138,0.031,51.2,88.7,75.5,1
Sikkim,28.5,2849.1,3,0.98,0.759,79.0,22.5,40.5,44.7,64.6,0.008,0.002,59.2,19.5,33.4,0
Meghalaya,37.75,1845.4,2,10.27,0.752,67.5,76.6,120.7,58.1,87.6,0.108,0.002,62.6,43.4,50.1,0
Assam,15.09,267.0,1,5.41,0.761,81.1,189.1,415.8,99.0,170.6,0.572,0.011,30.9,93.5,71.6,0
Arunachal Pradesh,39.05,2092.2,1,7.03,0.382,95.1,16.5,36.9,26.1,32.9,0.024,0.038,47.7,18.2,28.5,0
Mizoram,35.03,1505.6,1,0.6,0.755,87.3,10.0,22.7,33.6,48.5,0.014,0.051,50.7,14.1,26.9,0
Arunachal Pradesh,24.37,2048.5,1,0.65,0.535,7.4,16.8,30.0,37.8,57.0,0.062,0.059,38.1,20.7,26.8,0
Sikkim,37.81,3841.8,2,0.54,0.505,85.0,157.0,301.5,99.0,158.4,0.567,0.09,79.3,88.5,85.3,1
Nagaland,34.4,1988.3,3,8.76,0.745,78.2,67.6,188.4,78.2,98.7,0.06,0.014,51.4,51.3,51.3,0
Meghalaya,45.13,1069.9,3,1.06,0.614,92.7,9.0,17.7,24.5,33.6,0.09,0.05,77.7,10.1,33.8,0
Tripura,20.63,719.6,3,4.64,0.43,74.0,56.8,87.6,33.8,41.5,0.005,0.026,52.2,26.9,35.8,0
Meghalaya,37.38,917.2,1,3.27,0.721,87.8,8.0,15.9,36.5,47.0,0.088,0.012,49.6,13.0,25.8,0
Sikkim,33.53,3587.5,2,3.54,0.799,1.0,79.5,132.5,48.2,72.1,0.004,0.053,61.6,40.3,47.8,0
Sikkim,46.78,2816.3,2,0.98,0.626,97.8,18.9,30.3,5.0,6.7,0.226,0.01,82.2,9.6,35.0,0
Sikkim,26.87,2489.0,1,4.54,0.71,19.1,134.9,261.0,99.0,147.3,2.846,0.007,37.2,88.1,70.3,1
Sikkim,41.98,1611.4,3,0.2,0.46,86.4,110.3,207.5,80.7,135.0,0.576,0.023,78.0,66.1,70.3,1
Arunachal Pradesh,39.29,3980.9,3,22.64,0.69,93.0,4.0,6.3,31.9,45.5,0.012,0.003,52.2,12.8,26.6,0
Sikkim,48.47,2536.5,2,0.12,0.504,0.2,18.4,26.2,38.0,62.0,0.027,0.057,80.3,24.2,43.9,0
Meghalaya,35.06,1460.6,3,0.23,0.686,91.4,120.2,274.8,87.7,145.6,0.348,0.029,66.7,75.1,72.2,1
Nagaland,30.34,1548.5,1,1.77,0.723,82.9,10.7,18.6,35.2,53.6,0.007,0.017,50.1,14.9,27.2,0
Mizoram,39.2,828.3,2,8.02,0.734,92.2,154.2,400.8,99.0,135.1,0.116,0.002,68.6,83.9,78.5,1
Mizoram,34.95,1803.8,1,1.34,0.722,17.7,62.0,113.7,59.6,100.1,0.047,0.005,45.9,44.7,45.1,0
Arunachal Pradesh,29.37,3073.0,1,2.87,0.517,77.7,4.7,10.2,42.8,61.1,0.198,0.014,49.6,15.7,27.6,0
Arunachal Pradesh,36.53,2458.8,3,0.1,0.578,48.7,143.9,246.1,96.4,149.8,0.137,0.014,64.6,79.7,74.4,1
Mizoram,24.1,1493.9,3,0.37,0.527,25.8,13.6,22.6,34.1,51.1,0.078,0.013,58.3,11.2,27.7,0
Meghalaya,34.36,917.6,2,4.21,0.53,75.6,46.3,126.0,62.9,99.2,0.124,0.008,68.3,36.6,47.7,0
Arunachal Pradesh,41.84,3903.8,2,0.97,0.703,47.3,51.5,121.1,55.2,94.4,0.074,0.025,75.7,37.2,50.6,0
Nagaland,43.73,996.1,2,5.33,0.748,90.0,181.8,496.3,99.0,139.9,0.837,0.056,80.0,92.8,88.3,1
Nagaland,30.64,1739.0,3,6.93,0.728,71.1,89.0,149.6,58.4,102.2,0.001,0.016,53.4,44.0,47.3,0
Meghalaya,29.51,823.6,3,8.55,0.356,13.9,103.4,253.3,97.8,123.7,0.033,0.035,45.3,68.6,60.5,1
Arunachal Pradesh,25.04,1909.3,3,0.65,0.548,25.1,64.1,109.7,67.1,91.1,0.018,0.019,57.5,38.1,44.9,0
Nagaland,30.64,940.0,3,2.74,0.806,26.5,29.5,72.3,48.6,85.2,0.113,0.001,55.5,27.7,37.4,0
Mizoram,29.86,1768.7,2,13.23,0.676,34.4,2.0,5.2,26.2,32.4,0.021,0.003,51.5,11.1,25.2,0
Nagaland,32.58,997.0,2,6.65,0.694,66.6,280.0,475.7,99.0,146.3,1.228,0.042,61.7,93.4,82.3,1
Nagaland,29.67,2123.2,1,0.56,0.582,89.4,41.4,79.2,59.1,80.1,0.085,0.013,53.0,35.0,41.3,0
Nagaland,29.68,2104.5,1,3.14,0.698,59.4,123.5,277.5,99.0,165.6,0.927,0.03,40.7,81.6,67.3,1
Meghalaya,32.56,1532.2,3,11.5,0.771,75.2,168.3,450.2,99.0,124.0,2.391,0.036,54.3,89.5,77.2,1
Arunachal Pradesh,36.97,1707.5,3,2.61,0.812,31.7,51.9,74.6,38.2,48.8,0.008,0.016,55.8,30.4,39.3,0
Mizoram,29.55,1350.1,2,8.17,0.794,52.2,236.1,515.0,99.0,128.2,0.228,0.0,59.9,90.0,79.5,1
Mizoram,29.48,1337.2,2,3.08,0.715,50.4,18.0,28.7,26.8,37.2,0.01,0.024,59.7,15.0,30.7,0
Nagaland,46.22,966.8,1,0.51,0.771,70.1,72.3,144.3,82.3,141.1,1.21,0.066,58.1,58.3,58.2,0
Arunachal Pradesh,34.71,3680.2,2,0.72,0.703,51.8,15.5,33.3,18.2,31.5,0.006,0.015,72.2,13.2,33.8,0
Arunachal Pradesh,35.9,1865.1,2,0.22,0.474,33.4,30.1,75.4,49.5,65.4,0.044,0.036,75.7,29.2,45.5,0
Manipur,9.74,303.4,2,0.98,0.704,24.4,10.8,30.2,21.8,32.9,0.046,0.008,47.7,9.8,23.1,0
Nagaland,39.26,1695.3,3,10.08,0.299,25.5,32.4,70.7,40.1,64.2,0.042,0.003,51.2,26.2,35.0,0
Manipur,6.39,633.6,1,4.73,0.458,98.1,27.7,55.4,46.1,66.7,0.133,0.007,30.7,23.3,25.8,0
Nagaland,25.16,1487.8,2,6.04,0.593,35.7,160.8,339.4,99.0,175.2,0.338,0.011,53.0,85.0,73.8,1
Mizoram,35.8,1737.3,2,4.37,0.778,80.7,21.6,48.5,42.2,64.5,0.032,0.035,71.8,21.8,39.3,0
Mizoram,19.35,837.4,3,2.2,0.649,7.1,2.9,4.4,20.9,30.6,0.0,0.02,48.7,7.4,21.9,0
Manipur,15.86,267.8,3,1.1,0.596,9.0,27.0,40.4,30.3,47.8,0.002,0.004,48.0,18.3,28.7,0
Meghalaya,31.63,1584.7,2,11.69,0.675,68.6,176.4,331.9,99.0,167.6,0.044,0.006,56.4,90.4,78.5,1
Mizoram,31.06,1616.2,3,3.25,0.78,45.7,15.6,23.1,29.7,40.3,0.104,0.031,51.9,13.2,26.7,0
Arunachal Pradesh,31.9,1897.1,2,2.95,0.522,88.0,32.6,68.3,50.7,88.8,0.085,0.022,70.2,31.2,44.8,0
Meghalaya,37.42,2064.7,1,24.97,0.699,86.2,132.5,233.3,92.5,128.6,0.241,0.004,37.0,68.4,57.4,0
Mizoram,37.89,811.9,2,2.18,0.702,75.6,7.5,11.1,28.1,44.5,0.024,0.02,76.2,13.1,35.2,0
Sikkim,42.88,3310.6,1,8.66,0.651,81.5,19.8,29.1,43.7,71.2,0.024,0.051,47.6,25.0,32.9,0
Arunachal Pradesh,33.77,3914.9,2,8.92,0.506,87.1,30.3,59.8,37.7,65.7,0.025,0.017,63.9,20.4,35.7,0
Sikkim,39.14,3036.4,3,1.19,0.679,78.4,54.4,101.4,38.8,61.2,0.022,0.002,69.7,31.1,44.6,0
Sikkim,32.8,1596.3,3,0.45,0.418,52.7,27.5,69.7,49.9,88.0,0.013,0.027,67.7,24.1,39.3,0
Arunachal Pradesh,58.74,2016.5,2,16.71,0.684,26.5,1.1,1.8,39.2,63.7,0.107,0.055,77.3,13.5,35.8,1
Meghalaya,34.11,1182.7,2,2.5,0.729,78.7,14.2,20.5,29.8,49.9,0.071,0.016,69.4,14.1,33.4,0
Manipur,17.05,872.2,1,0.1,0.607,31.8,1.1,1.7,17.1,28.4,0.016,0.017,36.4,6.8,17.1,0
Meghalaya,47.24,1279.3,2,3.11,0.725,24.5,112.5,209.8,83.2,129.8,0.071,0.048,74.4,66.2,69.1,1
Arunachal Pradesh,34.8,1574.2,1,4.35,0.724,17.2,91.0,204.6,79.6,138.2,0.009,0.007,43.6,63.9,56.8,1
Arunachal Pradesh,40.22,2239.0,2,6.73,0.61,62.7,2.3,4.8,16.7,23.4,0.056,0.008,69.4,1.5,25.3,0
Mizoram,37.54,1794.9,3,12.89,0.697,24.2,15.9,35.0,25.2,33.4,0.011,0.009,50.7,18.2,29.5,0
Sikkim,33.14,4150.3,3,11.1,0.653,37.5,45.0,102.5,63.0,82.0,0.081,0.007,45.4,34.3,38.2,0
Nagaland,27.51,1778.5,1,12.67,0.519,70.9,19.9,36.6,36.0,54.6,0.073,0.003,27.3,15.0,19.3,0
Mizoram,43.61,2199.2,2,0.15,0.553,79.4,138.5,370.2,99.0,173.7,0.241,0.019,83.3,80.1,81.2,1
Nagaland,38.89,2113.7,2,5.6,0.529,31.5,221.7,313.2,99.0,153.0,1.74,0.012,67.2,95.3,85.5,1
Sikkim,44.72,1806.9,1,1.15,0.477,84.3,160.4,264.8,92.1,158.9,2.196,0.009,66.5,86.2,79.3,1
Mizoram,37.51,2136.1,2,0.93,0.751,5.8,22.7,52.3,38.7,49.7,0.025,0.032,65.8,21.0,36.7,0
Sikkim,41.91,2069.6,2,7.25,0.296,98.6,50.8,140.4,68.7,112.3,0.006,0.045,82.4,44.3,57.6,0
Assam,32.11,322.7,2,2.43,0.565,41.7,14.4,23.3,36.1,64.6,0.027,0.007,69.0,14.4,33.5,0
Mizoram,32.31,1640.7,3,11.18,0.485,32.5,33.8,80.7,53.4,81.6,0.111,0.005,46.8,28.4,34.9,0
Sikkim,30.99,2692.1,2,0.2,0.836,92.4,204.1,356.0,99.0,166.1,0.501,0.009,69.0,90.0,82.7,1
Sikkim,27.79,2928.8,3,7.29,0.777,13.2,136.2,229.0,99.0,150.1,1.411,0.02,40.0,79.4,65.7,1
Arunachal Pradesh,34.58,2306.2,1,0.66,0.66,35.8,188.4,344.1,99.0,170.3,1.35,0.003,45.3,99.8,80.7,1
Mizoram,11.04,1022.6,3,0.87,0.444,35.9,69.9,114.5,57.1,88.8,0.014,0.005,43.5,38.7,40.4,0
Arunachal Pradesh,49.77,1957.0,1,2.92,0.661,42.4,134.0,286.0,99.0,130.5,0.99,0.002,52.5,78.4,69.3,1
Mizoram,34.78,952.0,1,2.27,0.719,84.8,32.4,88.5,43.4,58.2,0.178,0.04,46.0,28.2,34.5,0
Sikkim,30.92,4069.0,1,3.0,0.643,84.9,14.5,38.9,26.9,38.0,0.163,0.031,47.6,16.4,27.3,0
Mizoram,39.46,1800.0,2,12.66,0.591,59.2,19.6,42.1,32.1,57.1,0.002,0.008,62.6,18.1,33.7,0
Nagaland,23.58,1533.2,2,4.82,0.362,99.2,46.0,111.9,67.9,107.0,0.032,0.037,66.2,40.2,49.3,0
Nagaland,25.07,910.8,3,1.54,0.647,84.4,6.8,11.5,29.5,43.9,0.013,0.001,54.3,11.4,26.4,0
Nagaland,32.55,814.8,3,0.85,0.58,68.1,19.5,42.5,26.2,37.1,0.001,0.014,69.4,10.9,31.4,0
Arunachal Pradesh,51.12,3318.5,2,2.45,0.624,19.9,58.3,145.1,69.6,120.3,0.028,0.013,82.5,44.1,57.6,0
Arunachal Pradesh,41.27,2078.1,2,2.7,0.747,55.0,38.4,71.0,49.8,68.8,0.057,0.006,71.5,24.3,40.8,0
Mizoram,13.05,1572.5,2,4.14,0.576,21.4,91.4,154.7,67.3,99.8,0.001,0.013,52.2,50.6,51.2,0
Sikkim,29.79,2171.1,3,1.39,0.676,30.2,30.9,55.9,42.2,54.0,0.042,0.008,53.3,25.0,34.9,1
Meghalaya,26.31,1330.2,3,6.57,0.5,68.6,33.4,59.7,29.8,42.6,0.004,0.013,52.8,18.2,30.3,1
Arunachal Pradesh,39.73,3219.6,2,0.47,0.756,18.4,54.3,96.6,49.3,85.2,0.05,0.003,73.3,36.4,49.3,1
Sikkim,26.01,2908.9,2,3.7,0.618,9.1,0.5,0.7,18.6,23.1,0.034,0.012,62.7,6.9,26.4,0
Arunachal Pradesh,26.7,2818.2,3,4.4,0.783,53.2,25.2,52.8,29.8,36.4,0.056,0.025,47.9,16.9,27.7,0
Manipur,18.29,461.1,1,1.04,0.391,0.1,98.0,159.1,82.1,119.8,1.797,0.049,27.7,63.4,50.9,1
Sikkim,43.46,1861.8,1,7.87,0.631,60.9,1.1,3.0,29.0,46.4,0.057,0.023,43.1,8.2,20.4,0
Meghalaya,37.04,923.9,2,4.3,0.513,90.1,191.9,484.0,99.0,121.0,0.387,0.039,74.6,91.3,85.5,1
Arunachal Pradesh,38.66,3816.1,3,4.67,0.361,19.0,11.4,30.4,19.2,28.4,0.0,0.002,60.0,11.3,28.4,0
Mizoram,38.22,881.4,2,3.1,0.747,38.3,22.1,57.8,52.3,64.0,0.107,0.019,72.2,26.0,42.2,0
Sikkim,59.64,3823.9,3,10.82,0.586,91.6,97.0,184.2,80.1,128.1,0.217,0.002,69.6,55.5,60.5,1
Manipur,30.27,187.8,1,5.33,0.73,70.4,20.3,50.3,36.1,58.6,0.126,0.009,36.9,19.5,25.6,0
Manipur,16.86,879.3,2,2.16,0.587,13.5,35.5,74.4,61.5,107.0,0.037,0.043,56.4,34.2,41.9,0
Sikkim,25.67,4035.0,2,1.23,0.835,38.2,4.2,7.4,27.5,48.6,0.008,0.016,66.5,13.1,31.8,0
Manipur,17.56,846.9,3,0.33,0.562,75.6,17.7,33.7,27.3,45.7,0.067,0.016,56.4,14.4,29.1,0
Tripura,14.32,903.4,2,0.81,0.763,66.5,6.9,15.1,19.6,29.7,0.167,0.006,53.9,11.1,26.1,0
Nagaland,35.16,2084.3,2,22.13,0.794,15.6,37.1,95.9,43.5,57.7,0.06,0.008,56.5,21.6,33.8,0
Manipur,12.91,517.4,1,2.35,0.698,6.2,27.7,39.3,35.8,57.8,0.108,0.045,25.3,22.0,23.2,0
Sikkim,37.14,2514.6,2,10.3,0.378,68.2,13.8,27.9,49.1,87.7,0.008,0.007,71.5,23.1,40.0,0
Meghalaya,25.38,1608.7,3,0.84,0.784,60.9,280.0,394.2,99.0,170.4,2.765,0.004,55.2,100.0,84.3,1
Arunachal Pradesh,35.21,4183.8,2,2.49,0.71,5.9,7.5,13.5,14.7,22.8,0.002,0.006,65.2,10.7,29.8,0
Arunachal Pradesh,37.65,2967.6,3,14.54,0.62,97.5,78.6,155.1,62.4,109.2,0.031,0.008,58.3,47.4,51.2,1
Tripura,23.66,240.3,3,0.43,0.822,25.2,1.6,3.4,15.7,22.4,0.014,0.025,48.7,8.1,22.3,0
Sikkim,37.7,2010.9,1,4.06,0.587,38.6,84.4,205.7,93.4,144.2,1.528,0.047,42.7,66.8,58.4,1
Nagaland,27.72,1918.9,3,11.32,0.688,17.8,29.2,70.7,47.6,71.3,0.007,0.008,35.8,30.8,32.6,0
Nagaland,37.51,1180.1,2,13.45,0.712,82.9,79.3,145.6,67.3,101.6,0.209,0.001,62.7,49.2,54.0,0
Manipur,20.11,277.0,1,8.42,0.689,96.3,61.9,118.4,67.3,120.2,0.053,0.013,31.3,41.6,38.0,1
Tripura,16.87,782.1,2,8.72,0.832,21.3,135.8,239.5,99.0,133.1,0.701,0.072,46.4,77.7,66.7,1
Sikkim,43.42,3614.1,3,4.75,0.616,28.3,20.9,40.7,30.2,37.0,0.159,0.001,62.5,16.4,32.5,0
Arunachal Pradesh,39.81,1988.1,2,1.12,0.614,70.7,49.3,92.4,46.2,55.6,0.069,0.014,77.8,32.2,48.2,0
Sikkim,42.65,3306.2,1,5.9,0.711,52.8,80.4,187.4,89.8,118.8,0.032,0.038,49.4,55.6,53.4,0
Arunachal Pradesh,47.84,3747.1,3,17.25,0.597,10.5,31.5,49.8,46.2,71.1,0.113,0.044,55.6,24.2,35.2,0
Arunachal Pradesh,28.42,3218.9,3,3.36,0.565,92.9,166.3,239.5,94.4,157.6,1.737,0.02,52.6,84.4,73.3,1
Sikkim,58.81,2304.5,2,1.36,0.732,61.1,6.9,9.9,5.0,6.7,0.012,0.0,96.8,5.6,37.6,0
Nagaland,35.02,1127.4,2,3.83,0.757,30.1,102.0,280.5,99.0,129.6,0.597,0.007,69.3,72.4,71.3,1
Meghalaya,23.78,911.9,1,5.28,0.441,49.0,14.0,24.4,25.7,37.0,0.081,0.006,36.2,11.5,20.1,0
Sikkim,49.1,2513.0,2,1.05,0.602,50.0,5.9,14.4,13.0,21.1,0.031,0.021,81.1,10.8,35.4,0
Mizoram,27.01,1480.4,2,5.72,0.8,52.5,97.1,233.7,99.0,131.7,0.322,0.067,57.8,66.6,63.6,1
Sikkim,52.75,2461.6,2,3.98,0.701,49.7,126.0,323.8,99.0,156.7,1.495,0.019,81.6,84.6,83.6,1
Arunachal Pradesh,28.9,4102.2,1,4.26,0.576,56.2,50.6,98.3,58.4,87.0,0.082,0.004,41.6,38.3,39.5,0
Nagaland,31.31,1551.0,3,1.64,0.689,39.3,5.8,13.3,32.0,40.7,0.053,0.013,52.6,13.3,27.1,0
Mizoram,37.67,1838.9,2,0.76,0.678,14.6,34.0,64.9,51.1,74.4,0.088,0.002,70.1,28.8,43.3,0
Nagaland,36.59,1802.9,2,4.4,0.552,66.5,7.5,12.9,19.9,27.3,0.053,0.004,74.3,11.4,33.4,0
Arunachal Pradesh,40.8,4194.3,2,3.97,0.527,79.2,21.8,60.5,50.6,77.6,0.419,0.01,77.6,24.9,43.4,0
Nagaland,39.12,1776.7,2,1.86,0.648,84.1,68.7,183.1,75.4,121.6,0.026,0.015,77.6,51.6,60.7,1
Mizoram,28.76,1767.9,1,1.58,0.789,2.2,11.6,23.9,17.3,30.6,0.009,0.002,36.0,9.9,19.1,0
Meghalaya,39.58,2060.5,2,1.92,0.73,40.5,93.0,209.3,91.7,146.3,0.987,0.004,70.2,66.2,67.6,1
Mizoram,27.38,1106.0,2,3.03,0.781,97.8,120.3,331.8,99.0,124.8,0.738,0.015,67.6,80.9,76.2,1
Manipur,11.77,990.6,1,16.57,0.671,6.3,23.0,43.3,33.1,51.6,0.037,0.036,9.1,17.2,14.4,0
Mizoram,43.16,1470.4,1,6.49,0.525,78.6,12.4,32.1,19.3,31.9,0.06,0.031,51.2,12.2,25.9,0
Mizoram,27.96,1715.4,2,8.59,0.588,12.6,57.6,112.7,49.9,73.5,0.005,0.01,53.7,36.9,42.8,0
Tripura,12.04,168.5,1,3.17,0.8,82.5,70.1,183.7,84.4,131.6,1.621,0.002,29.5,56.3,46.9,0
Nagaland,36.71,1990.5,2,3.36,0.767,67.2,108.4,225.5,99.0,143.2,0.709,0.032,66.8,70.0,68.9,0
Meghalaya,33.13,894.7,2,1.03,0.683,72.5,143.4,307.7,99.0,127.4,1.116,0.013,72.0,83.1,79.2,1
Mizoram,34.43,830.3,2,5.75,0.486,97.7,37.0,90.9,42.0,56.4,0.044,0.007,70.9,25.7,41.5,1
Sikkim,35.14,2129.5,3,2.46,0.498,93.9,62.8,165.5,80.8,121.8,0.945,0.015,66.6,52.0,57.1,0
Sikkim,42.22,3613.4,2,6.1,0.726,30.4,144.1,255.3,99.0,161.7,1.632,0.017,68.1,83.9,78.4,1
Mizoram,42.38,1844.6,3,2.37,0.441,37.5,78.1,191.6,71.8,109.4,0.007,0.007,67.7,49.9,56.1,1
Assam,21.76,679.9,3,0.52,0.632,40.7,230.3,628.4,99.0,151.9,0.118,0.019,52.3,86.9,74.8,1
Assam,10.98,251.8,3,0.86,0.285,18.1,9.0,12.9,20.8,30.2,0.072,0.0,46.7,9.9,22.8,0
Sikkim,37.91,1655.6,1,7.51,0.803,38.1,120.5,195.1,72.1,95.7,0.021,0.007,42.9,59.1,53.4,0
Meghalaya,35.08,2112.2,3,1.35,0.673,97.9,70.8,134.2,55.4,78.2,0.015,0.06,70.0,44.2,53.3,0
Arunachal Pradesh,52.25,2918.0,3,1.38,0.76,49.0,111.4,278.6,99.0,129.3,0.268,0.034,76.4,71.7,73.3,0
Tripura,24.36,851.3,2,11.93,0.5,95.3,3.6,8.0,25.8,41.4,0.044,0.0,50.1,9.6,23.8,0
Tripura,15.16,735.3,2,4.82,0.638,7.1,3.3,8.9,40.0,63.8,0.013,0.017,43.4,17.0,26.2,0
Mizoram,31.59,1351.1,3,0.55,0.52,3.9,0.6,1.3,12.1,19.7,0.024,0.032,59.5,2.2,22.3,0
Nagaland,37.53,1353.1,2,0.7,0.397,57.5,16.5,34.6,18.7,23.7,0.03,0.007,76.1,15.1,36.4,0
Mizoram,35.64,1589.9,2,1.43,0.379,73.6,59.8,130.7,43.1,61.2,0.018,0.017,79.9,31.9,48.7,0
Mizoram,36.12,817.0,3,4.06,0.723,21.7,49.3,131.5,66.3,108.3,0.166,0.029,52.3,45.3,47.8,1
Arunachal Pradesh,26.86,2819.3,2,6.29,0.72,50.3,280.0,415.3,99.0,167.4,0.859,0.006,57.8,96.1,82.7,1
Meghalaya,36.63,1333.9,1,1.44,0.777,87.3,40.6,85.8,43.2,77.4,0.008,0.03,55.6,31.9,40.2,0
Mizoram,33.6,1871.3,2,9.2,0.244,76.2,82.0,158.0,70.5,124.7,0.006,0.026,62.5,53.3,56.6,1
Mizoram,36.96,1357.7,2,0.52,0.612,23.2,172.8,316.0,99.0,126.3,0.38,0.004,74.7,88.5,83.7,1
Sikkim,39.38,2361.6,3,1.05,0.705,33.4,205.6,494.0,99.0,165.5,1.863,0.01,65.3,98.5,86.9,1
Assam,19.1,103.6,2,15.85,0.78,30.6,21.1,39.5,36.0,57.5,0.01,0.03,47.4,23.4,31.8,0
Arunachal Pradesh,47.45,2584.4,3,0.65,0.721,72.0,12.8,18.3,49.4,60.0,0.046,0.02,82.5,17.5,40.2,0
Meghalaya,35.25,1751.1,2,9.86,0.581,96.8,11.3,19.2,14.8,25.7,0.038,0.014,71.4,7.1,29.6,0
Mizoram,23.83,1482.5,2,5.48,0.743,28.0,140.8,254.6,89.6,134.1,0.178,0.01,60.3,74.8,69.7,1
Mizoram,32.78,1978.9,1,0.34,0.616,58.8,98.2,162.4,60.5,100.6,0.014,0.008,52.6,49.9,50.8,0
Mizoram,29.71,1808.5,2,2.97,0.582,98.9,135.5,334.5,99.0,151.5,0.36,0.012,76.6,83.5,81.1,1
Sikkim,34.12,3900.0,3,3.29,0.536,15.8,81.6,183.4,93.5,130.6,1.361,0.011,59.7,61.5,60.9,0
Arunachal Pradesh,42.27,2369.9,1,12.11,0.332,65.9,149.4,353.7,99.0,147.8,3.72,0.005,42.3,97.2,78.0,1
Mizoram,33.19,1124.0,3,2.46,0.632,33.2,0.2,0.4,23.0,39.1,0.07,0.032,60.5,5.9,25.0,0
Mizoram,35.37,1152.4,2,2.66,0.541,99.2,208.3,490.7,99.0,131.2,0.086,0.075,78.8,92.0,87.4,1
Arunachal Pradesh,46.04,1903.9,1,0.54,0.682,10.9,3.5,8.5,9.8,15.0,0.008,0.014,54.8,7.2,23.9,0
Mizoram,31.44,1956.4,1,4.59,0.667,45.1,81.6,201.0,81.5,128.4,0.345,0.075,39.1,58.9,52.0,0
Meghalaya,38.29,2088.4,3,1.07,0.424,25.5,280.0,696.9,99.0,153.6,0.115,0.009,62.5,89.6,80.1,1
Mizoram,27.75,1398.5,2,0.36,0.688,3.2,37.1,66.1,24.9,35.8,0.039,0.008,62.2,19.3,34.3,0
Nagaland,40.21,1541.3,2,26.02,0.811,96.4,36.1,62.7,52.1,67.6,0.045,0.047,67.2,28.4,42.0,0
Arunachal Pradesh,33.55,3348.0,2,1.41,0.732,56.8,116.1,280.0,99.0,134.3,0.222,0.066,70.3,80.1,76.7,1
Arunachal Pradesh,29.14,3780.9,2,0.68,0.502,70.1,121.6,337.5,99.0,146.0,0.229,0.006,74.6,81.4,79.0,1
Nagaland,34.58,1074.1,2,5.41,0.755,62.0,157.8,381.0,99.0,131.1,0.757,0.052,69.5,90.1,82.9,1
Mizoram,31.7,1827.4,2,7.76,0.616,14.8,120.3,253.6,99.0,162.1,0.143,0.003,55.1,77.7,69.8,1
Mizoram,32.52,1198.5,3,0.3,0.619,17.1,95.8,175.1,71.9,98.2,0.065,0.022,57.7,49.5,52.3,0
Nagaland,23.91,1847.0,2,0.5,0.594,62.6,35.7,56.5,37.8,49.9,0.025,0.043,60.4,21.5,35.1,0
Nagaland,24.24,1579.5,1,0.43,0.537,78.0,180.2,399.3,99.0,139.9,0.409,0.011,46.6,92.6,76.5,1
Assam,17.88,722.8,2,0.22,0.615,61.1,18.2,27.5,30.2,40.3,0.033,0.003,64.5,13.5,31.4,0
Meghalaya,36.91,1854.1,2,4.85,0.513,57.0,184.3,497.3,99.0,160.7,0.81,0.045,78.2,92.4,87.4,1
Meghalaya,29.82,1475.9,2,3.99,0.795,74.6,90.5,134.9,62.3,104.6,0.071,0.03,66.0,54.3,58.4,1
Sikkim,28.73,2460.4,3,4.89,0.576,24.4,1.4,2.2,14.4,20.9,0.068,0.001,50.4,1.4,18.6,0
Arunachal Pradesh,48.01,2082.8,3,3.17,0.763,73.2,18.5,45.5,28.5,45.5,0.09,0.011,72.3,16.4,35.9,0
Meghalaya,24.13,1793.1,2,7.65,0.713,41.1,85.5,226.0,99.0,130.5,0.103,0.026,59.3,63.7,62.1,0
Sikkim,38.9,3150.9,2,3.56,0.698,67.4,93.9,155.4,73.7,103.3,0.079,0.013,76.3,52.0,60.5,1
Assam,24.25,162.0,3,11.3,0.545,27.5,231.0,340.4,99.0,127.9,1.085,0.05,41.1,94.8,76.0,1
Mizoram,29.09,1661.1,3,2.99,0.641,13.7,31.1,49.5,19.3,25.6,0.112,0.001,52.0,14.1,27.4,0
Mizoram,36.94,2170.8,2,7.04,0.808,2.9,141.2,338.8,99.0,146.9,1.078,0.025,65.0,85.4,78.2,1
Sikkim,51.25,2702.4,2,2.35,0.656,80.3,115.2,304.7,99.0,157.2,0.485,0.055,89.6,77.9,82.0,1
Arunachal Pradesh,43.63,1663.0,3,2.57,0.603,19.7,7.5,18.1,31.1,40.0,0.024,0.006,60.4,11.0,28.3,0
Arunachal Pradesh,37.35,2888.5,2,8.51,0.625,36.3,31.4,60.0,35.5,53.9,0.004,0.027,64.4,21.6,36.6,0
Meghalaya,32.56,1636.0,2,0.51,0.775,76.9,91.3,205.1,91.9,135.7,0.171,0.009,77.1,61.4,66.9,0
Arunachal Pradesh,20.69,2763.1,3,3.74,0.579,45.0,69.3,146.5,79.4,95.9,0.074,0.008,48.4,48.5,48.4,0
Mizoram,28.2,1236.0,3,5.83,0.777,21.8,25.6,54.5,22.7,39.1,0.048,0.015,48.6,15.5,27.1,0
Manipur,8.08,609.6,1,6.25,0.49,19.5,108.9,278.3,98.1,151.7,1.033,0.02,17.1,77.0,56.0,1
Manipur,14.77,314.1,2,4.03,0.663,40.8,39.2,107.2,48.7,66.1,0.016,0.023,56.8,27.7,37.9,0
Mizoram,32.0,1071.8,2,2.67,0.698,56.5,120.5,318.3,99.0,154.3,2.433,0.013,70.3,91.8,84.3,1
Arunachal Pradesh,40.58,2788.1,3,1.36,0.631,39.2,8.8,21.6,17.9,31.4,0.063,0.052,64.6,9.5,28.8,0
Manipur,23.08,252.6,3,10.81,0.625,90.5,79.0,161.2,72.6,88.0,0.029,0.005,44.9,52.9,50.1,0
Manipur,31.53,835.7,3,2.08,0.714,0.4,163.2,282.9,88.0,155.8,1.332,0.037,51.3,91.0,77.1,1
Arunachal Pradesh,25.86,3735.9,2,7.22,0.41,40.2,113.4,218.5,90.0,143.4,0.463,0.036,55.5,69.9,64.8,0
Nagaland,25.64,1693.9,1,0.14,0.664,74.3,53.2,138.8,73.3,111.6,0.025,0.003,40.8,41.5,41.2,1
Sikkim,40.22,3500.2,2,1.19,0.363,89.1,5.2,7.3,24.1,34.7,0.013,0.009,88.4,14.3,40.2,0
Nagaland,37.6,1971.0,2,1.91,0.659,35.8,10.2,18.8,39.4,50.4,0.037,0.016,74.8,16.3,36.8,0
Tripura,16.05,557.7,2,5.01,0.669,67.4,117.7,245.4,97.1,117.6,0.138,0.027,58.5,71.8,67.1,0
Arunachal Pradesh,39.48,1722.6,2,1.73,0.644,58.0,31.9,46.4,41.2,60.2,0.148,0.046,75.9,23.6,41.9,0
Manipur,21.99,958.2,2,0.19,0.715,20.2,27.2,42.0,33.3,51.0,0.016,0.07,57.8,22.1,34.6,0
Mizoram,43.75,1056.4,3,0.86,0.714,68.1,2.7,6.5,40.4,72.4,0.022,0.007,73.9,13.0,34.3,0
Tripura,12.14,652.7,1,1.35,0.385,25.0,4.0,10.7,21.0,31.8,0.006,0.024,23.2,5.6,11.8,0
Meghalaya,35.37,1811.7,3,0.87,0.383,78.4,52.9,124.1,36.9,59.9,0.095,0.029,67.8,33.1,45.2,0
Manipur,25.0,868.2,2,1.03,0.68,86.6,67.5,116.8,47.4,74.8,0.052,0.011,71.4,38.8,50.2,0
Arunachal Pradesh,43.0,1708.6,3,6.59,0.7,47.8,90.8,164.9,81.2,140.3,0.392,0.006,53.4,59.0,57.1,0
Sikkim,49.04,2846.2,2,2.39,0.391,5.4,31.4,70.7,51.2,76.4,0.004,0.027,81.7,26.2,45.7,0
Arunachal Pradesh,28.76,2014.8,1,2.34,0.588,73.7,17.9,49.8,31.5,41.2,0.029,0.01,43.7,17.7,26.8,0
Tripura,7.03,451.0,2,15.3,0.409,46.7,44.2,102.3,39.0,52.3,0.085,0.004,42.2,31.2,35.0,0
Nagaland,40.61,1933.7,1,2.66,0.712,9.5,114.6,173.8,79.8,113.0,0.007,0.0,44.5,61.7,55.7,1
Manipur,17.78,152.3,1,11.82,0.706,33.1,1.6,2.6,15.2,19.9,0.041,0.01,13.7,7.4,9.6,0
Assam,19.57,870.6,3,1.6,0.669,29.1,125.7,301.5,99.0,165.8,0.296,0.004,51.9,77.9,68.8,1
Arunachal Pradesh,38.44,2483.8,1,2.3,0.379,72.6,46.3,113.0,54.7,77.8,0.0,0.021,51.7,31.3,38.4,0
Sikkim,39.08,4034.2,2,2.27,0.751,42.4,0.3,0.4,19.2,27.4,0.019,0.029,72.9,3.0,27.4,0
Arunachal Pradesh,46.02,3567.8,1,3.55,0.645,58.7,144.4,319.2,99.0,148.5,0.731,0.004,57.1,83.2,74.1,1
Arunachal Pradesh,41.79,2523.7,2,3.95,0.57,50.1,137.3,349.8,99.0,135.9,0.679,0.067,78.2,87.9,84.5,1
Sikkim,26.45,2288.4,3,1.28,0.434,72.4,131.3,218.9,92.6,118.1,2.882,0.004,56.8,76.2,69.4,1
Meghalaya,31.35,1889.4,2,7.1,0.825,71.8,98.9,236.1,95.8,157.2,0.77,0.007,67.6,71.9,70.4,0
Sikkim,40.63,2756.0,2,3.09,0.759,44.9,9.2,18.2,35.3,54.8,0.014,0.01,68.9,12.8,32.4,0
Arunachal Pradesh,42.62,1733.6,3,0.1,0.379,13.5,170.1,394.3,99.0,130.1,0.02,0.025,72.7,88.2,82.8,1
Arunachal Pradesh,36.67,2752.3,1,4.03,0.588,40.8,64.6,141.0,69.5,86.0,0.034,0.037,46.9,47.3,47.2,0
Arunachal Pradesh,33.31,3144.6,3,7.2,0.797,16.0,46.1,125.0,62.4,95.0,0.106,0.017,52.1,41.7,45.3,0
Tripura,26.03,581.5,2,1.3,0.671,95.9,128.7,208.5,80.7,129.2,2.501,0.002,75.0,72.0,73.1,1
Nagaland,29.25,982.6,1,0.17,0.747,95.0,21.6,36.6,28.3,37.9,0.03,0.047,43.4,16.9,26.2,0
Assam,23.89,574.7,2,7.41,0.775,45.7,120.6,198.7,92.4,132.5,0.092,0.006,53.0,64.9,60.7,0
Meghalaya,38.44,1520.4,1,16.84,0.655,2.8,122.2,290.9,99.0,171.1,1.596,0.021,32.9,83.1,65.5,0
Sikkim,40.13,3960.4,3,0.36,0.576,37.5,39.0,64.6,43.6,65.6,0.051,0.035,66.7,31.3,43.6,0
Nagaland,27.36,930.5,1,12.52,0.696,89.5,46.7,92.6,45.7,78.4,0.21,0.04,28.7,31.1,30.2,0
Sikkim,41.85,2267.7,1,2.0,0.679,28.8,63.1,166.7,73.5,112.3,0.135,0.004,52.8,46.5,48.7,0
Sikkim,35.74,3265.6,2,12.77,0.694,62.2,26.5,47.4,37.3,58.5,0.027,0.0,59.4,18.1,32.6,0
Sikkim,58.13,2622.6,2,4.71,0.752,18.4,240.8,387.6,99.0,153.4,0.783,0.058,80.8,91.4,87.7,1
Arunachal Pradesh,45.28,2310.0,3,9.94,0.535,82.5,4.2,9.0,37.6,48.2,0.011,0.009,58.2,11.7,28.0,0
Sikkim,44.94,3237.8,2,6.93,0.733,89.2,110.3,255.7,99.0,121.7,0.798,0.018,74.8,70.4,71.9,1
Sikkim,48.0,2158.0,3,0.13,0.62,61.5,48.2,101.0,51.4,83.9,0.171,0.033,73.0,37.8,50.1,0
Mizoram,18.37,942.7,3,0.3,0.599,62.4,108.3,234.5,90.1,140.9,1.238,0.007,54.7,69.8,64.5,0
Arunachal Pradesh,37.24,1669.3,2,3.36,0.744,37.9,20.7,34.6,45.2,63.7,0.024,0.091,72.9,25.6,42.2,0
Arunachal Pradesh,47.45,3980.6,3,0.62,0.324,70.7,225.1,408.0,99.0,153.7,1.019,0.001,78.4,92.5,87.6,1
Nagaland,28.14,2055.5,2,2.78,0.644,47.8,43.1,100.0,42.8,65.4,0.033,0.009,68.5,31.1,44.2,0
Arunachal Pradesh,25.19,3654.7,1,13.92,0.789,74.5,80.0,202.4,84.4,138.6,0.384,0.005,33.1,59.2,50.0,0
Sikkim,39.24,2077.0,2,1.57,0.612,96.9,17.7,33.7,32.3,50.0,0.022,0.003,82.7,17.5,40.3,0
Manipur,14.69,563.5,1,3.02,0.689,82.2,112.2,268.4,99.0,158.0,2.354,0.009,34.6,79.5,63.8,1
Arunachal Pradesh,31.43,2368.9,3,2.18,0.673,51.7,116.1,194.7,87.7,134.0,0.094,0.01,63.1,67.9,66.2,1
Arunachal Pradesh,36.63,3859.5,1,4.47,0.83,97.9,29.0,52.6,30.9,40.0,0.0,0.038,49.5,23.8,32.8,0
Meghalaya,23.68,1598.8,2,0.97,0.801,60.7,23.0,32.4,34.8,59.7,0.143,0.023,67.1,22.8,38.3,0
Sikkim,36.17,1950.8,2,1.35,0.771,6.5,38.5,65.8,34.5,49.8,0.002,0.028,64.9,19.1,35.1,0
Meghalaya,33.88,1605.8,2,8.81,0.618,73.0,10.1,24.8,23.2,30.7,0.036,0.021,63.4,16.5,32.9,0
Nagaland,46.4,1912.5,1,7.51,0.715,82.0,160.1,243.1,90.4,161.0,1.115,0.023,46.5,81.3,69.2,1
Arunachal Pradesh,34.0,3528.5,3,7.01,0.543,13.5,102.2,154.2,71.3,113.6,0.008,0.006,50.4,49.9,50.1,0
Mizoram,31.02,1088.9,1,6.63,0.71,67.9,20.4,46.9,46.9,82.2,0.016,0.026,41.5,18.9,26.8,0
Meghalaya,36.25,1571.3,3,2.77,0.532,92.1,59.9,125.9,51.3,69.1,0.028,0.018,69.4,34.5,46.7,0
Arunachal Pradesh,35.18,2061.3,3,5.87,0.606,25.1,43.9,109.1,50.5,80.3,0.005,0.03,49.5,30.1,36.9,0
Mizoram,27.71,1355.2,2,2.2,0.601,58.5,13.6,26.6,20.1,29.3,0.025,0.009,66.0,9.5,29.3,0
Sikkim,47.57,3412.6,1,0.48,0.506,27.5,186.3,407.5,99.0,121.3,1.012,0.008,55.9,92.2,79.5,1
Meghalaya,43.21,1724.5,1,2.25,0.511,77.4,86.2,234.1,99.0,147.0,0.068,0.003,54.5,63.1,60.1,1
Arunachal Pradesh,35.07,1849.7,3,0.78,0.525,58.1,36.4,95.3,37.1,52.2,0.025,0.017,61.7,22.9,36.5,0
Meghalaya,27.55,1980.2,1,2.23,0.526,42.8,53.7,120.4,64.1,80.3,0.107,0.008,45.2,37.4,40.1,0
Sikkim,31.38,2421.5,1,1.59,0.788,2.9,67.2,139.2,83.4,137.6,0.03,0.025,37.7,53.6,48.0,0
Nagaland,36.51,2153.3,2,4.11,0.645,94.5,2.3,3.3,9.1,13.9,0.2,0.035,75.3,6.1,30.3,0
Arunachal Pradesh,49.01,2214.4,2,2.02,0.72,49.8,2.4,5.1,29.8,36.3,0.044,0.031,76.3,11.3,34.1,0
Sikkim,41.44,2067.1,1,5.5,0.736,80.4,5.5,11.3,18.6,25.1,0.004,0.019,45.9,5.2,19.4,0
Meghalaya,36.77,1753.4,2,3.23,0.747,39.2,99.2,268.1,99.0,176.3,0.067,0.003,66.6,73.7,71.2,1
Nagaland,39.29,1573.7,2,11.34,0.737,84.9,75.1,147.7,66.8,109.1,0.023,0.012,64.9,49.1,54.6,0
Meghalaya,43.45,1178.0,1,0.43,0.652,16.0,25.7,58.4,46.3,81.2,0.063,0.035,51.8,24.0,33.8,0
Mizoram,35.09,1293.9,2,5.24,0.725,23.1,9.2,24.7,18.1,27.7,0.023,0.02,59.7,13.0,29.3,0
Nagaland,29.29,1564.8,2,5.02,0.455,33.3,34.1,57.1,47.9,81.3,0.02,0.02,60.7,29.6,40.5,0
Manipur,24.52,732.4,3,13.54,0.641,8.9,64.9,124.9,67.2,101.1,0.055,0.027,39.9,42.7,41.7,0
Sikkim,47.93,3674.9,1,2.09,0.629,44.4,6.8,13.0,28.1,41.9,0.005,0.003,54.2,8.0,24.1,0
Meghalaya,30.28,1823.5,2,1.64,0.497,48.6,116.6,209.4,95.2,125.6,0.485,0.022,71.8,65.8,67.9,0
Manipur,8.12,647.9,2,0.85,0.609,11.5,112.8,294.2,99.0,165.6,0.592,0.006,47.8,75.2,65.6,1
Tripura,17.52,888.6,2,1.39,0.498,42.7,46.8,110.1,70.7,106.6,0.001,0.018,64.7,39.8,48.5,0
Manipur,12.82,979.9,1,3.14,0.749,19.7,6.6,18.3,11.5,15.1,0.011,0.018,26.4,9.4,15.3,0
Sikkim,17.34,3330.6,1,8.18,0.581,87.5,68.4,174.1,68.4,100.2,0.041,0.004,29.6,48.3,41.7,0
Arunachal Pradesh,34.89,3026.5,3,1.51,0.519,50.9,10.5,27.6,24.3,36.0,0.065,0.022,63.2,12.8,30.5,0
Meghalaya,31.5,934.5,2,0.77,0.567,95.2,2.7,4.0,19.3,23.5,0.023,0.025,76.0,5.3,30.1,0
Nagaland,35.54,1444.7,2,1.43,0.829,34.1,108.8,155.0,57.5,94.4,0.029,0.011,69.4,48.2,55.6,1
Meghalaya,36.69,1400.9,3,0.48,0.591,34.1,18.2,42.4,32.0,38.7,0.021,0.017,65.2,21.4,36.7,0
Meghalaya,29.87,1148.6,2,11.76,0.747,33.9,31.4,70.9,46.2,70.8,0.004,0.009,54.7,27.9,37.3,0
Nagaland,36.01,2114.9,2,9.27,0.657,26.8,4.8,6.9,21.0,33.4,0.141,0.038,63.7,9.5,28.5,0
Sikkim,42.16,2027.0,2,1.66,0.757,78.4,29.4,44.0,25.3,31.0,0.034,0.021,81.3,15.5,38.5,0
Manipur,22.83,229.0,3,1.28,0.538,28.3,78.4,162.2,68.3,95.2,0.007,0.016,52.7,50.5,51.3,0
Sikkim,31.81,3468.6,2,10.61,0.647,28.8,82.6,208.1,82.1,136.5,1.145,0.057,53.3,64.0,60.3,0
Sikkim,44.53,2180.2,2,0.1,0.62,4.7,56.3,135.8,65.9,84.7,0.031,0.029,76.3,40.8,53.2,0
Meghalaya,33.45,1142.7,2,4.13,0.645,96.5,49.0,104.5,60.5,90.5,0.036,0.007,67.0,33.4,45.1,0
Nagaland,31.68,1326.9,3,11.15,0.83,88.6,162.5,329.3,99.0,125.6,0.709,0.003,53.1,86.1,74.5,1
Arunachal Pradesh,32.49,2822.7,3,3.2,0.633,29.3,15.6,39.1,33.7,59.8,0.032,0.001,55.9,13.2,28.1,0
Arunachal Pradesh,35.19,2522.5,2,0.1,0.478,52.1,27.2,50.0,25.1,33.7,0.035,0.016,73.2,19.2,38.1,0
Assam,25.55,589.8,2,1.11,0.513,48.3,4.1,9.9,24.2,35.4,0.004,0.005,68.4,10.4,30.7,0
Arunachal Pradesh,42.82,1586.9,2,11.51,0.744,8.8,3.2,8.5,45.3,65.9,0.033,0.039,60.0,13.0,29.4,0
Meghalaya,28.11,1662.9,1,0.1,0.772,53.1,170.1,284.7,99.0,154.4,1.798,0.0,44.6,89.3,73.6,0
Meghalaya,33.04,1759.0,3,2.26,0.713,11.3,77.9,154.0,63.3,88.5,0.024,0.003,49.6,45.6,47.0,1
Meghalaya,35.65,2075.5,1,7.02,0.72,43.4,41.0,80.7,48.5,72.2,0.044,0.009,35.8,32.4,33.6,0
Mizoram,28.55,1938.3,2,8.19,0.765,8.8,24.9,49.9,45.8,80.2,0.003,0.023,55.9,24.8,35.7,0
Sikkim,44.37,3970.0,2,2.92,0.692,58.9,249.2,370.3,99.0,122.2,0.465,0.016,76.7,90.1,85.4,1
Meghalaya,20.19,1248.9,2,1.19,0.629,4.9,26.3,63.2,54.7,66.1,0.025,0.008,59.9,27.4,38.8,0
Sikkim,44.29,4011.1,2,4.12,0.558,62.8,28.5,64.8,29.4,52.9,0.053,0.005,77.0,17.2,38.1,0
Mizoram,36.69,965.1,3,1.38,0.789,70.7,220.4,575.8,99.0,146.6,0.062,0.005,64.2,90.6,81.3,1
Arunachal Pradesh,40.51,1978.5,2,1.33,0.409,57.1,6.3,9.4,20.4,28.6,0.147,0.035,78.0,12.4,35.3,0
Meghalaya,30.63,1755.1,1,7.42,0.533,46.9,13.3,28.5,33.3,44.3,0.002,0.007,39.6,19.7,26.7,0
Arunachal Pradesh,30.82,2270.2,2,0.75,0.686,6.1,27.2,45.7,26.3,42.3,0.015,0.047,63.1,17.8,33.6,0
Sikkim,38.52,2905.0,1,0.1,0.74,1.1,38.1,89.6,59.0,92.9,0.1,0.001,39.1,32.5,34.8,1
Arunachal Pradesh,41.87,3179.1,1,1.85,0.627,34.2,75.7,189.0,80.8,109.6,0.217,0.001,49.3,54.7,52.8,0
Arunachal Pradesh,44.57,2839.3,1,3.04,0.601,77.1,17.9,37.1,31.9,43.0,0.03,0.116,54.3,25.5,35.6,0
Nagaland,27.22,1372.7,1,5.49,0.76,64.7,11.2,18.9,16.5,28.1,0.051,0.019,36.2,7.2,17.4,0
Sikkim,34.93,1577.0,2,6.84,0.664,12.5,85.3,192.4,91.6,150.5,0.522,0.064,58.5,63.9,62.0,1
Assam,18.03,476.7,2,4.9,0.457,68.8,191.7,306.0,99.0,164.2,0.932,0.004,61.8,87.5,78.5,1
Assam,11.56,139.9,1,4.43,0.573,57.5,12.3,23.7,14.5,21.4,0.047,0.042,29.2,9.7,16.5,0
Meghalaya,40.6,909.3,3,4.93,0.41,16.7,25.7,58.1,40.8,56.6,0.057,0.022,60.6,25.3,37.7,0
Arunachal Pradesh,56.72,4046.5,1,1.43,0.595,75.5,47.5,129.1,63.7,95.4,0.109,0.005,67.2,37.7,48.1,0
Sikkim,49.35,2584.7,3,2.17,0.597,83.0,101.5,236.4,99.0,154.1,0.283,0.03,76.5,71.1,73.0,1
Nagaland,26.57,899.3,2,4.31,0.649,23.3,254.4,582.0,99.0,161.7,0.022,0.01,67.6,90.7,82.6,1
Sikkim,53.17,2561.8,1,0.31,0.676,63.6,107.9,260.4,99.0,146.1,0.618,0.014,63.2,71.9,68.9,1
Arunachal Pradesh,36.59,2086.5,3,1.58,0.564,37.8,11.6,18.9,23.0,37.2,0.044,0.049,64.7,16.7,33.5,0
Meghalaya,37.3,2091.8,2,2.35,0.504,5.8,22.7,55.3,26.9,40.7,0.073,0.009,68.0,16.3,34.4,1
Manipur,24.14,438.5,2,3.43,0.66,86.1,202.2,351.9,99.0,128.4,0.78,0.015,65.6,92.6,83.2,1
Nagaland,16.09,1159.9,2,3.0,0.605,82.1,1.1,2.8,31.6,39.3,0.044,0.007,63.7,9.9,28.7,0
Arunachal Pradesh,38.88,3527.8,3,5.7,0.536,31.8,6.9,18.4,36.9,56.6,0.033,0.012,60.5,13.6,30.1,1
Mizoram,26.15,1365.1,2,2.89,0.438,53.2,9.6,20.4,15.6,23.1,0.058,0.005,72.8,9.4,31.6,0
Sikkim,22.14,3424.2,1,10.55,0.687,51.2,149.7,211.7,72.1,103.0,0.004,0.022,26.9,63.7,50.8,1
Arunachal Pradesh,40.05,2773.3,1,2.15,0.439,17.7,153.6,344.0,99.0,152.7,0.508,0.013,50.6,88.4,75.2,1
Manipur,23.62,801.3,3,3.35,0.682,14.6,76.5,143.9,52.3,84.8,0.011,0.028,47.2,46.9,47.0,0
Sikkim,33.41,1758.3,1,0.1,0.788,84.4,33.7,73.1,74.7,100.1,0.049,0.041,49.1,33.8,39.2,0
Sikkim,39.47,1602.4,1,1.67,0.595,86.7,41.8,83.1,52.1,79.5,0.001,0.019,58.3,26.9,37.9,1
Arunachal Pradesh,48.91,2345.3,2,9.06,0.752,72.5,7.6,17.7,34.7,46.2,0.095,0.003,72.3,10.5,32.1,0
Manipur,18.98,445.7,3,1.83,0.708,7.3,14.7,27.0,38.4,60.8,0.036,0.01,44.1,15.6,25.6,0
Nagaland,23.45,963.9,2,1.31,0.668,90.9,200.7,386.9,99.0,151.8,0.096,0.005,69.8,95.3,86.4,1
Mizoram,38.05,822.5,2,3.53,0.719,98.1,10.6,15.5,8.1,13.1,0.125,0.047,74.4,7.3,30.8,0
Nagaland,29.76,1572.5,3,0.37,0.644,77.6,106.8,170.6,84.9,144.5,3.248,0.013,64.2,70.8,68.5,1
Arunachal Pradesh,32.84,1672.8,1,3.41,0.631,35.3,49.0,94.7,45.5,63.5,0.013,0.009,49.2,28.1,35.4,0
Meghalaya,30.32,1684.8,2,1.63,0.462,40.6,113.9,159.8,82.8,143.6,1.395,0.042,70.3,65.6,67.3,1
Sikkim,35.68,3162.6,3,2.17,0.778,87.0,92.4,131.1,43.0,53.5,0.004,0.013,55.5,39.2,44.9,0
Arunachal Pradesh,24.31,2502.0,3,7.05,0.53,28.0,50.4,115.1,50.9,80.5,0.009,0.008,48.9,37.8,41.7,0
Meghalaya,34.29,935.4,1,4.88,0.74,14.2,97.9,198.2,81.5,112.7,0.008,0.086,36.4,59.5,51.4,0
Assam,21.86,981.7,2,2.66,0.777,82.3,7.8,11.0,26.8,44.1,0.078,0.005,61.4,15.5,31.6,0
Arunachal Pradesh,36.19,3248.7,1,3.88,0.7,19.3,0.3,0.5,15.7,18.9,0.008,0.01,39.0,7.4,18.4,0
Sikkim,39.96,1589.6,3,6.55,0.478,90.7,157.3,360.0,99.0,168.1,1.628,0.024,66.4,94.2,84.5,1
Arunachal Pradesh,43.72,4191.3,3,6.16,0.731,59.6,41.3,69.3,38.5,65.4,0.029,0.008,59.4,27.0,38.4,0
Sikkim,40.5,2182.7,1,0.92,0.583,55.5,31.5,78.7,64.9,96.8,0.163,0.014,53.8,34.9,41.5,0
Manipur,16.12,452.8,2,1.61,0.718,77.6,27.4,49.1,41.8,73.4,0.207,0.0,65.9,21.9,37.3,0
Meghalaya,26.02,1150.8,3,1.93,0.782,1.6,31.0,84.2,65.8,95.4,0.099,0.005,47.7,34.2,38.9,0
Meghalaya,45.73,1268.2,1,0.93,0.69,71.4,146.7,312.2,99.0,172.6,0.457,0.035,56.4,87.8,76.8,1
Nagaland,34.24,1918.1,1,0.1,0.522,59.8,3.9,6.4,28.5,34.2,0.044,0.002,50.4,8.6,23.3,0
Arunachal Pradesh,37.06,2738.1,1,0.86,0.768,52.4,67.3,104.9,43.5,62.9,0.009,0.017,44.4,32.5,36.6,0
Meghalaya,35.84,1020.1,2,7.43,0.811,21.7,28.4,45.5,40.5,50.0,0.102,0.005,60.7,23.1,36.2,0
Meghalaya,28.29,1094.6,3,3.55,0.712,82.9,78.4,187.0,78.0,102.6,0.037,0.011,60.5,50.9,54.3,1
Mizoram,38.12,984.5,3,1.88,0.505,25.1,274.4,444.2,99.0,144.9,0.026,0.026,61.3,86.5,77.7,1
Tripura,18.15,210.0,1,4.22,0.781,49.0,143.0,388.2,99.0,159.3,1.037,0.012,26.2,86.1,65.1,1
Nagaland,19.45,1596.2,1,6.06,0.514,15.8,71.0,130.6,76.7,106.4,0.011,0.014,27.1,46.8,39.9,0
Sikkim,37.59,2719.4,2,1.97,0.724,97.4,170.8,254.4,74.8,100.2,0.066,0.073,77.1,74.6,75.5,1
Nagaland,25.24,997.5,3,2.82,0.847,19.5,58.0,94.3,49.5,84.7,0.037,0.004,46.9,29.9,35.8,0
Arunachal Pradesh,36.62,3716.9,2,0.3,0.631,80.3,12.7,23.8,28.1,34.6,0.114,0.02,81.1,12.9,36.7,0
Arunachal Pradesh,35.53,1806.3,2,4.09,0.727,26.3,255.2,401.2,99.0,169.0,0.846,0.005,66.6,91.4,82.7,1
Arunachal Pradesh,41.59,1644.2,2,1.98,0.456,25.6,157.5,407.4,99.0,120.4,0.663,0.038,73.9,88.5,83.4,1
Sikkim,50.97,2506.6,1,2.56,0.766,42.2,26.8,73.6,60.1,72.4,0.036,0.024,58.3,28.8,39.1,0
Meghalaya,37.37,1751.5,2,2.47,0.842,84.6,38.2,94.1,57.5,101.3,0.064,0.031,71.6,32.3,46.1,1
Mizoram,34.22,890.8,3,4.5,0.67,68.8,57.6,130.3,62.3,87.6,0.001,0.028,59.8,38.1,45.7,0
Manipur,20.93,273.1,1,3.82,0.64,87.2,6.0,15.1,32.0,41.6,0.018,0.006,43.6,13.1,23.8,0
Meghalaya,34.46,917.1,2,2.47,0.603,4.7,117.8,190.3,74.1,97.1,0.036,0.025,65.5,60.2,62.1,1
Meghalaya,41.63,1182.6,2,0.1,0.525,95.6,197.0,379.8,99.0,157.2,1.164,0.012,90.2,93.8,92.5,1
Arunachal Pradesh,42.54,2196.7,2,4.37,0.806,7.7,18.1,30.7,28.4,48.2,0.031,0.01,70.6,16.1,35.2,0
Arunachal Pradesh,22.89,1697.0,2,9.53,0.738,72.1,56.5,115.8,62.2,91.5,0.058,0.009,46.5,42.6,44.0,0
Meghalaya,25.56,1433.3,2,6.6,0.451,20.7,24.6,40.5,8.7,11.6,0.094,0.024,56.8,13.0,28.3,0
Meghalaya,39.4,978.7,3,17.98,0.598,84.1,1.3,3.2,24.9,34.5,0.004,0.016,53.1,4.5,21.5,0
Nagaland,34.05,2062.2,2,0.67,0.794,86.2,143.4,361.6,99.0,130.6,0.432,0.011,78.4,82.8,81.2,1
Arunachal Pradesh,49.5,2837.8,2,1.13,0.579,55.1,6.9,13.2,33.0,43.3,0.192,0.036,86.7,12.0,38.1,0
Arunachal Pradesh,43.96,2372.3,1,3.49,0.753,40.3,3.5,8.5,31.9,49.0,0.145,0.025,52.4,12.4,26.4,0
Meghalaya,32.86,1311.9,3,1.21,0.503,79.3,81.7,163.0,71.9,109.0,0.062,0.002,71.0,48.6,56.4,1
Sikkim,38.91,3449.2,2,0.16,0.687,87.4,1.6,2.8,5.0,8.0,0.042,0.008,80.2,1.8,29.2,0
Arunachal Pradesh,33.39,3588.5,3,2.32,0.694,73.8,52.4,93.6,47.5,62.1,0.114,0.03,61.0,32.1,42.2,0
Nagaland,30.71,1047.6,2,1.53,0.567,90.7,119.7,249.8,87.4,106.9,2.056,0.021,74.4,76.2,75.6,1
Arunachal Pradesh,28.16,3287.7,1,1.38,0.227,62.7,23.5,33.2,30.0,46.1,0.047,0.011,44.6,16.0,26.0,0
Mizoram,26.69,1991.3,1,13.78,0.822,67.0,3.2,7.6,24.0,41.5,0.084,0.012,29.2,5.8,14.0,0
Sikkim,29.67,2737.9,3,1.23,0.573,57.2,11.1,21.6,25.7,41.9,0.021,0.017,60.0,13.9,30.0,0
Arunachal Pradesh,37.96,1728.3,2,0.62,0.606,48.8,133.3,212.7,85.3,113.6,0.765,0.003,82.2,68.6,73.4,1
Sikkim,34.23,4160.4,1,0.6,0.41,65.5,28.2,64.5,40.5,58.9,0.014,0.004,53.0,20.3,31.8,0
Nagaland,21.32,1589.2,1,7.39,0.661,56.1,35.1,86.1,44.8,59.6,0.115,0.003,28.4,22.8,24.7,0
Sikkim,42.69,1707.5,2,5.65,0.776,73.1,94.4,147.7,80.9,105.2,1.725,0.002,76.6,62.7,67.6,0
Nagaland,29.52,1256.1,1,0.62,0.404,93.4,112.6,173.8,84.2,145.4,0.429,0.023,50.1,61.6,57.6,0
Arunachal Pradesh,45.12,1594.7,2,1.12,0.655,37.3,117.5,228.3,86.5,111.7,1.29,0.005,78.0,65.2,69.7,1
Nagaland,35.4,1443.1,1,6.19,0.725,41.1,33.9,78.2,29.6,47.9,0.192,0.003,42.1,21.7,28.9,0
Sikkim,55.91,3950.6,2,1.44,0.484,1.5,38.6,85.5,62.4,88.0,0.109,0.028,82.8,35.3,52.0,1
Mizoram,32.02,1239.7,1,17.97,0.798,52.7,65.6,181.5,82.3,111.5,0.977,0.015,33.5,51.9,45.5,0
Meghalaya,28.33,1052.7,2,3.5,0.669,13.1,10.2,20.6,17.8,31.4,0.03,0.012,57.2,10.3,26.8,0
Assam,15.37,718.8,2,0.96,0.789,71.6,128.4,242.5,80.8,139.9,0.808,0.009,62.1,70.6,67.6,0
Sikkim,43.55,2443.0,1,8.81,0.782,78.0,100.0,246.3,96.8,129.4,1.514,0.018,48.7,74.1,65.2,1
Arunachal Pradesh,44.39,1600.8,2,1.73,0.34,72.3,169.5,464.4,99.0,143.3,0.157,0.036,85.4,92.6,90.1,1
Arunachal Pradesh,38.17,2850.7,2,1.53,0.512,54.7,0.6,1.5,24.2,39.3,0.004,0.01,83.0,11.5,36.5,0
Nagaland,33.89,1187.6,1,1.78,0.707,53.4,62.5,123.6,70.0,118.1,0.194,0.0,42.2,46.4,45.0,0
Meghalaya,39.62,1356.8,2,6.58,0.461,64.7,163.5,373.5,99.0,144.8,1.279,0.044,67.8,92.8,84.0,1
Nagaland,36.92,857.5,2,0.86,0.833,55.5,125.6,201.0,77.7,135.9,0.03,0.015,66.6,64.9,65.5,1
Sikkim,40.76,1693.2,2,2.16,0.801,75.0,10.7,25.7,35.8,51.9,0.02,0.003,77.6,14.7,36.8,0
Sikkim,28.48,2215.3,1,0.14,0.616,89.5,198.8,375.8,99.0,125.2,2.106,0.001,49.0,94.2,78.4,1
Arunachal Pradesh,31.77,2097.4,2,7.89,0.453,53.6,213.5,365.4,99.0,177.2,0.283,0.016,59.2,91.3,80.1,1
Assam,18.06,940.6,1,1.87,0.545,11.0,171.1,272.0,99.0,174.0,1.833,0.014,36.9,89.9,71.3,1
Mizoram,30.13,1001.9,2,1.28,0.678,13.1,18.9,33.3,34.3,57.0,0.073,0.002,64.0,20.9,36.0,0
Assam,16.1,939.7,2,3.9,0.661,37.6,15.5,32.9,22.6,39.2,0.027,0.018,53.5,15.3,28.7,0
Sikkim,31.56,3540.4,2,5.49,0.388,49.6,96.3,255.4,99.0,157.2,0.288,0.022,63.6,73.4,70.0,1
Mizoram,30.4,1970.8,3,7.54,0.397,22.5,4.7,8.2,30.2,43.6,0.053,0.02,49.0,14.0,26.3,0
Mizoram,33.17,1371.5,1,1.92,0.681,45.3,39.5,58.4,45.7,65.1,0.053,0.01,38.7,23.8,29.0,0
Sikkim,42.32,3719.9,3,7.53,0.665,13.6,9.3,23.1,27.0,37.3,0.075,0.009,54.3,13.1,27.5,0
Manipur,10.45,800.8,1,2.81,0.745,24.1,63.9,159.3,72.5,116.8,0.066,0.02,25.1,43.4,37.0,0
Assam,17.39,113.2,3,0.48,0.625,73.4,44.9,67.1,40.2,55.4,0.028,0.009,54.1,31.2,39.2,0
Manipur,11.03,891.4,2,8.43,0.606,98.6,22.1,36.6,28.7,40.3,0.016,0.018,50.3,18.9,29.9,0
Nagaland,32.06,1261.1,3,3.57,0.798,18.6,120.7,196.0,67.0,100.5,0.039,0.048,52.1,58.7,56.4,0
Sikkim,37.93,2494.0,1,4.15,0.592,33.9,217.4,444.9,99.0,145.3,0.062,0.019,46.1,88.9,73.9,1
Sikkim,37.26,3898.6,2,12.48,0.671,35.1,3.6,6.3,18.8,23.1,0.017,0.025,57.5,8.5,25.6,0
Assam,18.6,123.0,2,3.69,0.474,22.3,14.4,35.2,22.9,33.3,0.029,0.033,52.9,9.7,24.8,0
Arunachal Pradesh,34.45,2501.5,3,0.1,0.537,20.4,13.2,29.8,15.2,22.7,0.034,0.113,62.2,14.6,31.3,0
Mizoram,31.42,1041.7,3,9.2,0.579,13.2,38.9,91.3,48.6,74.6,0.013,0.02,45.0,27.6,33.7,0
Mizoram,35.73,1410.5,1,1.51,0.752,90.8,153.8,296.8,99.0,170.4,0.519,0.011,51.4,85.8,73.8,1
Mizoram,29.55,1183.3,2,3.14,0.685,64.9,14.8,31.0,18.9,26.6,0.008,0.012,72.5,7.7,30.4,0
Tripura,13.58,333.5,2,1.03,0.764,29.0,25.3,59.5,55.4,89.8,0.082,0.028,53.4,26.5,35.9,0
Sikkim,40.27,2974.9,1,1.59,0.365,25.8,25.8,55.2,31.2,54.6,0.01,0.071,54.3,16.2,29.5,0
Sikkim,44.45,2827.0,1,5.22,0.663,59.0,38.4,57.7,45.1,79.2,0.04,0.003,50.2,25.2,34.0,0
Arunachal Pradesh,28.55,3584.4,3,2.53,0.788,69.7,102.8,196.1,70.6,124.4,0.008,0.023,57.5,59.5,58.8,0
Meghalaya,23.28,1011.7,2,4.44,0.527,25.3,6.9,19.0,39.5,67.2,0.067,0.011,52.7,16.8,29.4,0
Sikkim,28.29,3687.8,1,7.81,0.67,34.7,36.7,77.2,42.4,65.0,0.056,0.017,31.3,25.5,27.5,0
Sikkim,37.18,2952.0,1,1.88,0.331,29.1,119.9,236.7,99.0,160.8,1.139,0.011,54.9,77.0,69.2,0
Nagaland,43.29,883.4,2,3.78,0.734,8.8,53.9,142.6,66.1,82.1,0.08,0.003,70.2,37.5,48.9,0
Assam,28.52,616.4,2,6.76,0.666,38.7,46.0,107.2,47.1,61.7,0.022,0.012,55.0,27.9,37.4,0
Arunachal Pradesh,40.3,2216.3,2,5.65,0.511,53.4,53.3,106.4,38.1,68.3,0.017,0.06,71.7,32.8,46.4,0
Sikkim,28.11,2971.2,2,3.49,0.618,65.5,29.0,64.7,50.3,61.1,0.017,0.002,57.1,27.1,37.6,0
Assam,28.44,538.8,1,2.18,0.696,41.7,9.3,17.4,26.8,32.7,0.029,0.099,39.8,11.7,21.6,0
Arunachal Pradesh,50.47,3886.5,2,2.36,0.383,98.3,26.7,67.5,39.5,53.0,0.027,0.001,89.8,16.8,42.4,0
Arunachal Pradesh,31.23,1514.1,1,2.55,0.531,62.6,147.2,353.7,99.0,152.3,0.305,0.01,42.3,82.7,68.6,0
Arunachal Pradesh,38.17,3392.0,3,1.93,0.631,88.7,21.6,36.8,33.8,44.6,0.094,0.025,71.0,19.6,37.5,0
Mizoram,37.28,1997.9,1,5.4,0.423,91.6,82.1,150.2,70.0,88.4,0.104,0.02,48.1,49.6,49.0,0
Arunachal Pradesh,48.64,1979.6,3,0.6,0.673,82.1,18.6,26.1,15.0,19.3,0.067,0.005,72.6,7.9,30.5,0
Assam,19.26,243.3,2,15.41,0.679,27.0,40.3,101.1,63.5,93.8,0.021,0.007,48.6,38.7,42.2,0
Meghalaya,38.01,2049.4,2,6.79,0.657,43.1,13.6,20.8,15.6,23.6,0.046,0.016,68.6,12.1,31.9,0
Meghalaya,34.56,1701.2,2,1.59,0.552,0.0,6.5,14.3,20.4,27.6,0.01,0.093,73.8,10.2,32.5,0
Sikkim,20.57,4146.0,2,0.2,0.733,45.1,168.5,435.4,99.0,175.5,2.003,0.004,58.3,96.5,83.1,1
Meghalaya,34.17,1247.6,3,5.59,0.58,29.4,1.6,4.5,20.8,35.1,0.006,0.015,56.0,10.6,26.5,0
Mizoram,33.53,1651.9,2,5.97,0.42,11.2,105.7,195.2,75.5,111.8,0.011,0.016,63.8,58.2,60.2,0
Nagaland,43.68,1350.9,1,14.91,0.791,83.9,188.6,312.5,99.0,128.7,0.032,0.017,45.1,88.7,73.5,0
Nagaland,32.53,2112.9,2,1.32,0.641,67.3,277.9,773.0,99.0,171.7,0.181,0.028,74.5,94.1,87.2,1
Meghalaya,35.42,810.6,1,0.39,0.716,99.9,224.5,372.8,99.0,128.0,2.099,0.005,57.2,98.3,83.9,1
Manipur,30.06,770.6,2,11.1,0.705,49.8,151.5,243.9,99.0,159.4,0.25,0.004,55.6,75.7,68.6,1
Nagaland,35.93,2067.0,1,1.35,0.592,33.1,157.6,424.6,99.0,155.9,0.701,0.05,48.8,90.2,75.7,1
Nagaland,28.62,2164.3,2,5.75,0.606,26.4,33.8,91.6,45.0,77.9,0.005,0.015,62.1,26.4,38.9,0
Arunachal Pradesh,37.76,2099.6,2,0.28,0.791,43.5,11.1,23.0,13.3,18.5,0.123,0.005,75.0,6.7,30.6,0
Arunachal Pradesh,31.92,2909.5,1,6.43,0.54,31.0,74.4,170.8,75.1,101.3,0.037,0.004,37.2,51.3,46.4,0
Arunachal Pradesh,37.62,2525.9,2,0.61,0.552,99.1,14.1,28.1,22.3,32.4,0.0,0.002,81.7,11.0,35.7,0
Mizoram,31.15,1348.0,2,5.35,0.289,18.3,47.2,127.5,58.0,100.3,0.08,0.004,63.7,36.4,45.9,1
Sikkim,35.14,4172.8,1,3.42,0.637,1.9,209.0,537.0,99.0,126.9,0.168,0.059,38.7,90.6,72.4,1
Sikkim,39.87,4165.8,2,14.0,0.795,13.0,37.4,79.2,64.7,114.4,0.032,0.012,58.9,37.8,45.2,0
Manipur,11.4,812.8,2,0.17,0.714,89.2,48.9,99.0,44.0,70.3,0.124,0.015,64.5,30.9,42.7,0
Manipur,31.58,199.4,1,1.55,0.605,69.4,150.0,354.2,99.0,123.3,0.441,0.003,44.8,84.6,70.7,1
Manipur,19.38,497.0,3,0.32,0.625,78.4,64.3,149.9,57.2,89.5,0.029,0.016,51.6,42.0,45.3,0
Sikkim,38.2,3397.3,2,9.51,0.641,32.0,129.3,195.8,93.0,141.2,0.673,0.024,60.8,71.3,67.6,0
Mizoram,41.71,1844.1,1,4.06,0.572,62.3,29.8,53.3,34.5,54.4,0.038,0.009,48.6,19.9,29.9,0
Sikkim,42.64,2741.5,3,3.45,0.542,70.8,5.8,11.7,12.0,18.0,0.011,0.063,68.5,7.2,28.6,0
Arunachal Pradesh,34.95,2067.5,2,0.63,0.539,32.6,43.5,95.1,46.8,78.6,0.016,0.021,70.6,29.6,43.9,0
Arunachal Pradesh,36.0,3525.8,2,3.02,0.563,72.5,18.8,31.4,40.0,68.2,0.023,0.028,74.3,19.3,38.5,0
Sikkim,46.91,2979.7,2,2.29,0.512,63.0,24.4,45.2,20.5,31.5,0.008,0.025,85.4,18.2,41.8,0
Meghalaya,40.38,1618.3,3,1.71,0.78,29.6,7.4,15.6,34.8,43.7,0.008,0.032,62.5,16.8,32.8,0
Nagaland,28.8,1346.8,3,6.66,0.713,5.3,168.6,448.6,99.0,148.6,0.6,0.013,43.7,91.6,74.9,1
Arunachal Pradesh,49.55,3989.9,2,0.28,0.497,23.8,69.6,135.3,65.0,81.7,0.125,0.045,83.7,47.1,59.9,0
Nagaland,22.44,1012.4,1,4.68,0.29,62.0,65.4,118.6,70.8,85.9,0.119,0.038,43.0,45.3,44.5,0
Meghalaya,42.56,1860.6,2,7.79,0.689,59.9,229.3,594.9,99.0,144.4,1.526,0.017,69.9,94.8,86.1,1
Sikkim,41.25,2919.2,2,10.7,0.578,50.8,10.7,18.5,27.6,49.1,0.134,0.006,63.2,15.6,32.2,0
Meghalaya,41.41,1977.4,1,6.17,0.661,25.1,110.5,248.1,97.6,127.1,1.272,0.021,38.1,74.6,61.8,1
Sikkim,43.54,3556.9,2,1.49,0.662,44.5,207.0,409.6,99.0,166.5,0.378,0.001,78.6,93.8,88.5,1
Mizoram,29.2,1307.7,2,4.13,0.655,14.4,55.3,147.7,69.6,83.9,0.033,0.026,61.4,45.7,51.2,0
Meghalaya,31.61,978.9,3,0.69,0.642,66.2,51.8,122.3,62.4,78.3,0.0,0.015,62.9,39.2,47.5,0
Arunachal Pradesh,34.88,1644.1,2,0.56,0.63,86.9,34.8,91.9,47.0,80.0,0.088,0.023,76.7,25.3,43.3,1
Arunachal Pradesh,32.6,3359.0,1,4.58,0.548,46.4,21.4,49.8,17.8,25.5,0.059,0.016,42.2,11.5,22.3,0
Meghalaya,35.52,2150.6,3,8.57,0.651,21.3,242.3,529.8,99.0,176.3,0.456,0.036,48.3,90.9,76.0,1
Manipur,10.27,888.0,3,0.31,0.499,82.8,7.4,14.6,18.7,23.2,0.07,0.026,49.1,9.8,23.5,0
Sikkim,37.04,2215.2,2,0.5,0.623,31.3,94.8,214.1,73.8,103.4,0.017,0.046,74.4,58.1,63.8,1
Nagaland,32.92,907.0,1,3.75,0.725,59.4,0.8,1.9,19.3,29.8,0.037,0.007,43.6,5.5,18.8,0
Mizoram,20.9,1140.8,2,1.11,0.641,7.5,181.7,364.2,99.0,159.5,0.524,0.047,58.8,92.1,80.4,1
Assam,22.14,991.7,3,4.26,0.628,71.8,101.0,231.7,93.6,140.7,0.138,0.011,51.7,64.4,60.0,1
Nagaland,36.53,1600.8,1,1.09,0.818,46.1,9.3,18.7,22.8,39.0,0.041,0.055,50.8,15.8,28.0,0
Meghalaya,35.45,2019.4,2,0.56,0.571,42.3,1.6,2.4,14.5,23.2,0.006,0.009,76.8,8.4,32.3,0
Mizoram,35.35,1193.9,2,3.55,0.684,93.5,12.6,27.5,16.3,28.7,0.02,0.028,72.8,12.7,33.7,0
Manipur,20.94,635.8,2,8.92,0.559,49.1,96.8,144.3,80.8,134.8,0.163,0.036,53.3,60.8,58.2,0
Sikkim,30.4,3875.2,3,5.2,0.464,1.7,0.7,1.6,30.6,54.4,0.025,0.011,50.6,11.7,25.3,0
Sikkim,51.49,4145.5,2,7.68,0.426,96.0,4.8,12.4,15.2,25.0,0.039,0.016,80.6,5.4,31.7,0
Arunachal Pradesh,17.09,2774.2,2,1.39,0.766,1.2,1.1,1.8,21.6,29.1,0.002,0.019,57.4,8.0,25.3,1
Nagaland,31.02,1993.8,2,9.77,0.8,53.6,129.0,288.4,99.0,149.6,0.189,0.001,53.3,77.4,68.9,1
Nagaland,29.16,1559.0,1,2.13,0.563,63.4,102.1,151.4,73.1,102.9,0.009,0.012,49.3,55.5,53.3,1
Arunachal Pradesh,39.1,1546.7,2,8.61,0.758,89.4,103.8,184.7,82.5,122.0,0.635,0.004,65.4,57.4,60.2,1
Meghalaya,27.22,1460.8,3,2.87,0.631,67.9,28.9,45.5,36.6,54.6,0.011,0.02,49.7,21.0,31.0,0
Meghalaya,39.76,1918.1,3,1.4,0.561,81.1,180.6,259.1,99.0,175.3,0.153,0.055,71.2,86.1,80.9,0
Arunachal Pradesh,26.21,2412.3,2,1.36,0.773,77.0,25.0,64.6,22.1,36.4,0.001,0.008,69.0,17.3,35.4,0
Tripura,16.86,998.4,1,3.77,0.755,21.4,184.0,363.2,99.0,164.1,2.665,0.01,25.6,100.0,73.9,1
Arunachal Pradesh,36.44,2302.1,3,0.37,0.612,70.0,18.8,30.3,44.3,77.1,0.042,0.037,66.0,21.3,37.0,0
Arunachal Pradesh,42.3,2132.0,2,11.97,0.57,63.8,74.9,171.5,63.2,76.1,0.095,0.028,65.4,49.4,55.0,0
Mizoram,35.57,1130.6,3,1.43,0.362,24.4,31.9,85.0,48.2,79.2,0.056,0.041,58.7,31.6,41.1,0
Nagaland,38.57,1327.8,1,1.84,0.703,12.8,211.9,445.4,99.0,163.0,0.473,0.024,48.7,93.1,77.6,1
Arunachal Pradesh,65.92,3899.6,2,1.2,0.663,75.2,32.8,84.1,47.1,70.3,0.028,0.014,100.0,25.8,51.8,0
Mizoram,37.48,1332.8,1,0.1,0.809,97.1,76.8,198.1,68.0,94.0,0.129,0.008,56.3,54.9,55.4,0
Meghalaya,31.13,1844.9,3,5.31,0.789,73.8,61.5,150.7,62.1,76.4,0.112,0.059,54.6,41.3,46.0,0
Arunachal Pradesh,45.37,4011.7,3,4.02,0.789,74.9,23.1,41.2,27.3,48.5,0.108,0.021,63.2,13.5,30.9,0
Arunachal Pradesh,37.03,2665.2,2,7.46,0.584,16.7,69.9,143.7,73.7,110.2,0.055,0.011,68.2,46.5,54.1,1
Meghalaya,21.87,1697.2,1,0.19,0.474,24.7,7.6,12.2,18.0,22.9,0.016,0.018,44.8,7.1,20.3,0
Sikkim,26.44,3914.1,1,11.88,0.58,58.6,150.4,404.3,99.0,158.5,0.543,0.039,30.4,88.5,68.2,1
Assam,18.72,968.1,2,1.81,0.579,3.1,43.4,100.8,49.1,81.9,0.177,0.006,48.7,32.0,37.9,0
Nagaland,25.27,1899.4,2,10.99,0.775,66.8,55.9,78.8,61.1,107.1,0.008,0.03,49.6,36.7,41.2,0
Tripura,19.69,727.4,2,0.51,0.697,14.5,46.5,117.1,42.3,63.1,0.025,0.016,56.2,30.5,39.5,0
Sikkim,44.93,4134.7,2,6.13,0.271,41.3,32.0,45.5,14.8,25.0,0.008,0.022,73.6,17.0,36.8,0
Assam,18.17,602.1,2,3.9,0.541,32.0,83.0,187.3,74.4,127.5,0.169,0.027,62.6,58.7,60.1,0
Meghalaya,19.7,1618.3,1,2.0,0.793,10.6,154.7,311.8,99.0,131.5,0.756,0.005,29.5,86.4,66.5,1
Sikkim,42.85,2687.0,2,0.37,0.634,57.9,41.8,70.7,33.7,48.9,0.04,0.069,79.8,28.9,46.7,0
Arunachal Pradesh,34.56,2182.3,2,4.18,0.691,36.1,79.4,195.0,92.2,144.1,0.399,0.009,62.1,56.4,58.4,1
Arunachal Pradesh,36.43,2034.2,3,0.12,0.631,4.4,169.3,473.7,99.0,150.8,0.182,0.019,64.8,87.9,79.8,1
Mizoram,47.92,1652.0,2,3.13,0.438,44.4,12.0,28.6,34.9,62.7,0.024,0.021,79.3,20.0,40.8,0
Meghalaya,38.58,1343.5,2,4.17,0.677,59.0,4.6,11.7,40.8,58.0,0.011,0.014,69.4,11.8,31.9,0
Sikkim,48.14,2785.8,2,5.93,0.503,13.0,158.7,425.1,99.0,170.3,0.341,0.002,73.9,85.0,81.1,1
Mizoram,30.03,2182.9,3,21.37,0.666,58.5,14.3,28.9,44.3,58.3,0.012,0.024,47.5,19.1,29.0,0
Sikkim,54.77,1636.0,1,1.36,0.677,30.2,74.8,171.7,94.8,165.4,0.63,0.004,60.4,65.6,63.8,1
Meghalaya,26.43,1714.7,2,1.75,0.738,26.0,29.7,63.8,40.3,48.7,0.063,0.031,61.2,19.7,34.2,0
Sikkim,25.82,3022.3,3,1.88,0.616,79.5,3.0,5.5,21.0,34.3,0.145,0.026,55.1,10.5,26.1,0
Nagaland,47.34,1020.4,2,5.92,0.713,46.8,76.1,113.3,66.4,98.3,0.021,0.042,76.4,43.6,55.1,1
Nagaland,19.82,997.2,2,12.09,0.727,37.8,14.1,36.6,21.4,25.8,0.002,0.014,43.1,15.3,25.0,0
Meghalaya,29.21,1757.3,1,16.48,0.598,81.3,37.8,58.3,36.8,63.9,0.069,0.006,36.9,23.0,27.8,0
Sikkim,42.99,3311.7,3,13.12,0.809,91.0,35.1,76.8,55.7,89.1,0.087,0.011,55.4,31.8,40.0,0
Sikkim,35.71,3243.4,1,9.52,0.603,31.5,160.2,231.4,99.0,161.9,0.404,0.008,30.4,77.7,61.2,1
Nagaland,27.89,2104.7,1,21.19,0.606,5.0,13.2,28.5,41.0,64.2,0.033,0.02,24.6,23.3,23.7,0
Sikkim,38.65,3195.4,1,2.12,0.611,54.1,7.1,10.4,23.1,40.4,0.014,0.002,51.3,6.6,22.3,0
Arunachal Pradesh,38.12,3417.3,1,13.33,0.611,71.5,13.5,32.2,36.8,62.2,0.027,0.015,43.7,18.0,27.0,0
Arunachal Pradesh,39.62,1651.8,3,6.44,0.747,58.8,38.7,86.2,41.3,56.9,0.008,0.019,51.6,24.4,34.0,0
Meghalaya,41.09,1889.9,2,0.83,0.55,68.8,11.0,26.6,34.1,47.9,0.048,0.008,78.0,9.6,33.5,0
Meghalaya,36.52,1878.2,2,0.21,0.778,64.7,18.7,41.1,21.4,27.3,0.002,0.001,74.5,15.4,36.1,0
Manipur,19.08,720.4,3,1.09,0.775,95.6,48.3,118.0,80.6,99.0,0.468,0.009,57.4,42.4,47.6,0
Sikkim,40.71,2412.9,1,6.79,0.531,86.6,5.6,10.7,36.1,60.2,0.046,0.015,56.9,16.5,30.7,0
Sikkim,14.34,2380.3,1,4.49,0.64,13.2,130.8,243.1,99.0,138.4,0.049,0.001,23.3,75.1,56.9,0
Nagaland,31.39,1703.7,2,1.14,0.448,45.3,151.3,316.5,99.0,150.9,1.673,0.019,69.9,89.1,82.4,1
Nagaland,34.8,2172.8,2,6.1,0.687,45.5,29.7,62.6,52.3,85.0,0.01,0.027,61.8,31.1,41.8,0
Sikkim,32.21,3672.3,2,0.69,0.703,45.6,140.0,262.4,88.5,144.3,1.024,0.01,65.8,78.0,73.8,1
Meghalaya,29.42,1254.8,1,7.76,0.603,93.1,12.7,26.6,16.5,28.4,0.015,0.015,38.7,7.9,18.6,0
Sikkim,46.04,2896.0,2,7.11,0.564,32.7,29.7,50.4,25.4,42.8,0.017,0.016,72.1,18.2,37.0,0
Assam,14.14,743.0,2,16.18,0.716,61.4,30.0,69.3,62.8,101.4,0.003,0.026,48.6,33.5,38.8,0
Arunachal Pradesh,46.29,2998.7,2,0.73,0.572,89.6,2.6,7.2,9.3,12.3,0.0,0.048,82.8,5.5,32.6,0
Assam,30.1,550.9,1,10.67,0.654,5.1,84.6,190.1,69.2,117.7,0.0,0.043,22.3,49.3,39.9,0
Mizoram,29.6,1646.1,2,1.88,0.763,87.9,77.4,159.7,87.0,110.2,0.299,0.004,68.1,54.7,59.4,1
Meghalaya,25.26,1559.6,2,2.42,0.674,76.5,26.7,71.3,33.6,44.9,0.012,0.001,76.5,23.7,42.2,0
Arunachal Pradesh,32.61,2688.6,2,2.84,0.758,20.8,18.5,42.9,31.7,44.5,0.026,0.009,61.1,17.6,32.8,0
Meghalaya,43.16,1766.7,3,4.44,0.735,32.6,190.8,346.5,99.0,152.4,0.97,0.047,58.2,94.7,81.9,0
Sikkim,29.37,1624.0,3,23.63,0.625,31.1,87.1,197.5,73.0,129.0,0.155,0.035,40.6,54.7,49.8,0
Arunachal Pradesh,29.84,1761.6,2,4.12,0.639,22.1,0.0,0.1,27.8,42.9,0.011,0.023,56.7,9.9,26.3,0
Mizoram,19.71,1130.3,3,11.76,0.47,63.9,19.7,48.8,33.4,53.1,0.069,0.001,37.1,16.8,23.9,0
Tripura,17.67,118.2,3,1.32,0.757,98.3,0.8,1.2,5.0,7.8,0.005,0.004,52.3,3.1,20.3,0
Meghalaya,33.56,1807.0,2,2.29,0.482,16.7,83.9,207.3,84.2,105.3,0.257,0.053,70.4,58.0,62.4,0
Mizoram,42.01,2092.9,2,3.16,0.778,23.2,1.3,3.4,40.4,55.8,0.028,0.001,72.2,13.6,34.1,0
Arunachal Pradesh,35.42,3118.1,3,1.75,0.638,29.0,200.2,329.3,99.0,173.8,1.418,0.032,65.3,96.2,85.4,1
Sikkim,42.71,4080.7,2,16.95,0.53,93.8,7.0,18.1,47.1,63.2,0.117,0.012,70.7,18.5,36.8,0
Arunachal Pradesh,32.78,3066.6,1,5.82,0.68,62.6,13.2,31.7,31.0,44.9,0.063,0.028,34.6,13.0,20.6,0
Mizoram,24.1,1334.1,2,2.93,0.782,21.3,30.3,68.8,34.6,53.7,0.055,0.001,54.9,18.8,31.4,0
Assam,27.58,761.2,1,6.26,0.699,80.4,134.6,333.3,99.0,163.6,0.972,0.008,41.0,90.8,73.4,1
Mizoram,33.36,1905.8,2,2.84,0.738,92.3,93.3,163.7,91.8,141.3,0.319,0.019,70.2,62.7,65.3,1
Arunachal Pradesh,43.46,1963.4,1,0.1,0.697,40.3,226.0,365.3,99.0,145.2,0.143,0.005,52.0,95.1,80.0,1
Sikkim,39.39,1976.7,1,3.53,0.583,17.3,11.8,17.7,27.2,44.0,0.032,0.003,44.1,14.4,24.8,0
Meghalaya,21.72,1689.0,1,4.42,0.71,31.0,128.6,257.9,97.7,153.0,0.88,0.001,31.4,77.4,61.3,0
Sikkim,45.98,3681.9,3,17.88,0.63,21.7,134.6,283.9,99.0,149.0,0.431,0.064,55.4,82.0,72.7,1
Nagaland,27.3,1449.3,2,0.19,0.731,20.1,0.1,0.2,24.1,37.5,0.031,0.026,68.4,5.2,27.4,0
Nagaland,35.47,2189.9,1,3.23,0.585,17.1,280.0,548.4,99.0,143.0,0.272,0.006,44.4,83.3,69.7,1
Mizoram,24.44,1671.6,1,0.46,0.66,87.6,29.7,52.5,39.8,60.0,0.071,0.016,49.1,25.5,33.8,0
Sikkim,29.37,3695.2,2,0.73,0.584,8.6,94.9,250.5,97.1,142.6,2.117,0.021,70.2,72.9,71.9,1
Sikkim,32.91,3781.0,3,4.24,0.676,41.3,59.6,131.3,57.9,104.2,0.029,0.011,52.9,41.3,45.4,0
Arunachal Pradesh,30.83,2137.9,1,1.19,0.746,1.5,8.9,14.6,25.6,31.6,0.053,0.001,41.7,9.9,21.0,0
Sikkim,28.08,3952.6,1,6.22,0.708,29.3,84.0,174.6,76.1,121.4,0.002,0.01,38.3,49.4,45.5,0
Sikkim,56.34,2621.8,2,3.25,0.723,70.7,2.4,3.4,19.6,26.4,0.074,0.003,89.0,4.4,34.0,0
Mizoram,32.26,1683.4,2,1.11,0.655,20.3,31.9,64.7,47.3,67.4,0.009,0.003,64.3,24.4,38.4,0
Mizoram,20.99,1688.3,2,3.06,0.547,99.9,13.2,35.1,40.4,53.0,0.019,0.021,65.7,22.5,37.6,0
Arunachal Pradesh,28.48,3095.9,2,0.1,0.843,4.8,20.2,43.0,44.2,73.0,0.012,0.008,62.8,19.8,34.9,0
Sikkim,31.35,2495.2,2,8.94,0.508,13.6,63.7,108.4,45.2,62.0,0.019,0.008,54.3,32.9,40.4,0
Arunachal Pradesh,34.09,2621.0,2,0.1,0.538,78.7,51.8,138.9,64.0,102.0,0.115,0.042,77.9,45.5,56.8,1
Arunachal Pradesh,44.11,1597.7,3,0.1,0.496,97.6,26.1,70.9,24.7,38.0,0.207,0.012,83.8,21.8,43.5,0
Nagaland,33.56,1141.1,1,4.25,0.336,95.4,2.1,3.8,17.5,25.5,0.002,0.036,55.2,10.5,26.1,0
Arunachal Pradesh,38.09,2660.2,1,16.34,0.817,79.8,101.9,167.5,70.9,99.6,0.007,0.047,36.4,55.7,48.9,1
Sikkim,26.1,3468.4,3,8.72,0.704,97.3,54.5,83.2,47.8,77.3,0.026,0.056,47.5,33.1,38.2,0
Arunachal Pradesh,42.54,3886.4,3,1.31,0.765,84.1,133.8,331.8,99.0,150.7,0.845,0.031,67.6,84.0,78.2,1
Manipur,11.27,919.6,1,0.99,0.598,5.8,223.3,536.2,99.0,121.6,0.355,0.011,27.3,87.5,66.4,1
Meghalaya,30.67,1076.6,3,4.43,0.782,84.6,5.9,14.5,21.6,35.4,0.019,0.003,57.6,10.4,26.9,0
Sikkim,40.48,1517.5,2,7.78,0.71,48.4,5.8,9.5,15.8,26.1,0.036,0.015,65.6,5.3,26.4,0
Meghalaya,34.29,1061.7,2,2.02,0.498,45.7,42.4,117.3,43.9,63.6,0.008,0.01,73.7,28.5,44.3,0
Nagaland,33.08,1691.7,2,2.55,0.696,0.3,48.2,80.5,49.8,60.3,0.028,0.004,63.1,29.2,41.1,0
Assam,21.18,682.2,2,0.55,0.834,62.0,43.1,62.7,48.1,63.2,0.07,0.064,64.9,30.2,42.3,0
Sikkim,38.97,4119.8,1,0.75,0.477,67.2,97.5,190.1,66.8,103.2,0.024,0.042,58.1,55.6,56.5,1
Manipur,12.36,588.7,2,3.78,0.693,79.1,11.8,25.7,17.0,28.1,0.102,0.031,51.8,11.7,25.8,0
Assam,12.09,445.2,2,0.49,0.674,32.6,125.7,249.2,95.5,119.4,1.806,0.005,51.7,79.2,69.6,1
Manipur,24.97,410.5,3,1.02,0.712,12.8,110.5,229.8,90.6,145.3,1.495,0.051,57.2,74.6,68.5,1
Mizoram,37.9,1531.2,2,1.2,0.672,44.0,153.9,336.4,99.0,148.6,2.273,0.005,63.1,91.4,81.5,1
Mizoram,24.81,912.1,2,2.64,0.523,36.2,56.0,94.9,61.7,82.7,0.004,0.055,59.2,37.6,45.2,1
Sikkim,39.45,3539.8,2,0.21,0.82,75.3,18.4,47.4,24.7,36.9,0.041,0.032,77.7,14.3,36.5,0
Nagaland,34.58,881.2,2,3.12,0.665,22.9,44.5,78.9,58.4,72.3,0.071,0.028,59.9,35.8,44.2,0
Meghalaya,32.08,1616.9,3,11.88,0.779,13.8,58.4,163.3,56.4,90.0,0.129,0.134,39.5,46.5,44.0,0
Mizoram,38.87,1305.7,2,0.11,0.74,44.0,41.3,114.1,54.7,69.8,0.022,0.014,73.9,33.1,47.3,0
Meghalaya,28.98,1164.7,2,4.49,0.557,62.8,60.0,110.1,53.7,65.1,0.068,0.01,68.4,32.3,44.9,0
Nagaland,29.56,823.6,2,8.13,0.539,28.1,40.1,85.9,61.6,74.9,0.002,0.038,58.5,28.9,39.3,0
Nagaland,38.96,1346.4,3,1.69,0.429,11.4,180.9,488.0,99.0,161.0,0.876,0.026,61.3,91.9,81.2,1
Arunachal Pradesh,27.39,2666.4,1,0.63,0.587,43.9,30.5,66.4,38.6,52.0,0.03,0.021,41.9,20.4,27.9,0
Nagaland,37.5,879.4,2,0.2,0.7,96.2,0.6,1.4,36.3,55.1,0.079,0.008,77.8,12.1,35.1,0
Meghalaya,42.36,1378.6,2,4.65,0.402,96.7,8.0,16.5,31.6,38.8,0.02,0.024,78.2,14.2,36.6,0
Manipur,23.05,478.2,3,3.62,0.64,70.9,149.8,308.4,99.0,121.4,1.111,0.008,50.8,80.9,70.3,1
Meghalaya,31.55,1541.0,2,1.17,0.55,77.7,122.8,235.7,99.0,169.2,1.502,0.015,72.9,80.1,77.6,1
Sikkim,27.69,4062.1,3,8.02,0.714,20.4,5.8,12.0,18.1,29.4,0.034,0.009,46.3,4.6,19.2,0
Manipur,20.99,573.8,1,5.98,0.688,37.5,82.1,121.6,48.8,61.8,0.043,0.006,29.7,38.4,35.4,0
Sikkim,31.99,2893.8,2,1.46,0.716,60.5,108.9,300.1,99.0,151.3,0.406,0.003,72.6,76.0,74.8,1
Manipur,18.33,136.7,2,6.3,0.601,75.0,98.6,255.3,94.2,121.7,1.081,0.003,61.0,64.0,62.9,0
Meghalaya,34.47,1741.2,2,1.26,0.707,16.7,194.2,503.0,99.0,165.1,0.911,0.046,68.0,93.2,84.3,1
Meghalaya,26.18,1663.6,3,5.06,0.443,45.8,135.3,317.9,99.0,158.5,1.756,0.023,48.4,89.9,75.3,1
Sikkim,28.78,1966.0,3,0.57,0.595,16.3,13.0,21.6,36.7,64.9,0.031,0.003,52.7,13.5,27.2,0
Meghalaya,28.36,1442.9,2,5.3,0.677,63.3,49.6,84.2,35.8,55.1,0.031,0.046,61.4,27.9,39.6,0
Sikkim,16.08,4129.6,2,1.23,0.493,77.2,50.5,76.9,54.9,78.8,0.039,0.022,62.3,33.7,43.7,0
Arunachal Pradesh,49.45,2662.1,3,3.82,0.479,83.3,154.7,385.7,99.0,160.1,0.505,0.021,70.2,91.0,83.8,1
Sikkim,41.17,2725.4,2,0.85,0.739,73.2,58.9,156.3,55.2,86.0,0.047,0.028,77.2,38.6,52.1,1
Arunachal Pradesh,31.88,2839.8,3,5.83,0.675,15.9,5.2,11.9,22.6,32.7,0.086,0.023,50.8,10.1,24.4,0
Tripura,16.25,910.2,3,0.28,0.683,82.8,190.8,494.2,99.0,143.7,0.02,0.013,54.4,89.7,77.4,1
Assam,26.8,737.3,2,0.81,0.836,33.4,62.4,166.6,76.1,98.1,0.025,0.004,57.2,51.4,53.4,0
Sikkim,26.74,3602.4,3,0.92,0.367,83.6,107.9,173.2,82.6,122.8,0.692,0.006,58.0,63.1,61.3,0
Nagaland,17.87,2153.8,2,0.19,0.649,25.1,13.6,26.4,28.0,36.3,0.028,0.006,60.3,13.1,29.6,0
Sikkim,49.24,3150.6,1,6.15,0.625,47.6,144.8,230.9,86.5,112.7,1.051,0.027,46.8,78.0,67.1,1
Mizoram,25.95,1737.9,2,17.82,0.601,57.7,9.6,18.8,28.6,36.9,0.006,0.005,57.0,13.1,28.5,0
Nagaland,40.93,1160.9,1,6.78,0.485,3.5,11.6,23.9,20.5,30.6,0.046,0.007,42.1,15.0,24.5,0
Assam,24.92,569.3,2,8.87,0.706,90.4,20.0,47.9,40.4,60.3,0.026,0.02,57.2,23.4,35.2,0
Sikkim,29.72,3344.8,3,0.1,0.603,51.2,51.2,119.7,71.1,88.1,0.077,0.001,60.4,43.1,49.1,1
Nagaland,36.58,1421.5,1,0.56,0.633,19.2,25.3,70.4,47.8,76.0,0.065,0.023,44.0,21.7,29.5,0
Sikkim,25.02,3111.8,1,3.68,0.712,16.1,16.8,28.8,19.6,25.4,0.12,0.018,34.9,13.1,20.7,0
Tripura,26.15,825.3,2,17.15,0.729,68.7,14.0,22.7,39.6,58.5,0.039,0.011,61.9,18.8,33.9,0
Arunachal Pradesh,29.54,2201.8,2,4.86,0.739,8.2,6.0,14.5,5.0,7.8,0.008,0.001,59.1,8.7,26.3,0
Mizoram,39.19,1773.8,2,2.11,0.714,44.0,35.6,84.8,33.1,40.9,0.016,0.005,73.0,23.0,40.5,0
Mizoram,23.1,1785.7,2,0.71,0.606,54.0,14.4,22.8,25.8,39.6,0.13,0.007,69.2,16.2,34.8,0
Mizoram,25.43,1352.8,1,0.75,0.603,23.3,18.1,46.1,36.8,64.4,0.018,0.0,39.4,18.8,26.0,0
Arunachal Pradesh,51.59,2188.0,1,2.03,0.696,12.9,0.4,0.7,22.0,28.2,0.033,0.003,53.3,13.0,27.1,0
Assam,22.87,183.9,3,5.63,0.532,49.1,34.1,70.2,57.9,101.4,0.027,0.0,52.8,34.3,40.8,1
Arunachal Pradesh,30.74,4032.0,1,0.15,0.793,34.0,53.6,126.7,58.3,98.5,0.114,0.001,41.0,40.3,40.5,0
Mizoram,33.85,2069.3,2,8.6,0.649,14.0,118.1,265.8,99.0,150.7,0.325,0.003,58.4,79.6,72.2,0
Sikkim,40.05,2603.2,3,12.78,0.636,21.0,168.8,394.0,99.0,126.2,0.838,0.008,51.2,86.9,74.4,1
Sikkim,36.06,1558.4,3,9.88,0.374,47.1,176.5,275.5,99.0,161.8,0.739,0.008,54.6,91.3,78.4,1
Meghalaya,33.62,1898.8,1,10.99,0.624,13.3,20.2,36.4,17.7,28.0,0.034,0.034,29.0,15.3,20.1,0
Sikkim,47.75,2163.7,2,0.1,0.705,93.6,73.0,185.1,52.6,84.2,0.004,0.016,91.9,43.4,60.3,0
Arunachal Pradesh,44.72,3319.4,3,17.13,0.724,77.5,102.2,276.2,99.0,126.5,0.078,0.001,58.0,71.2,66.6,0
Arunachal Pradesh,42.46,2106.1,2,2.05,0.366,32.6,227.6,450.3,99.0,147.9,1.68,0.001,75.3,98.7,90.5,1
Sikkim,30.53,1684.8,3,9.16,0.654,25.8,17.7,48.7,50.4,80.2,0.094,0.008,48.2,19.7,29.7,0
Nagaland,23.03,1821.2,2,0.93,0.777,87.4,13.6,36.7,27.1,40.0,0.161,0.022,67.8,15.9,34.0,0
Manipur,19.57,313.8,1,2.66,0.809,42.7,150.6,390.3,99.0,153.9,0.755,0.016,29.9,89.1,68.4,0
Arunachal Pradesh,44.92,2269.4,2,0.2,0.531,86.3,36.4,89.2,46.4,71.4,0.038,0.004,82.4,29.4,48.0,1
Sikkim,21.83,2520.6,2,0.18,0.705,74.2,52.8,113.1,67.0,97.6,0.137,0.014,59.0,39.6,46.4,0
Arunachal Pradesh,34.07,1721.9,2,12.91,0.761,9.2,172.1,292.1,99.0,127.8,1.993,0.035,55.6,93.0,79.9,1
Arunachal Pradesh,41.87,2386.6,1,7.49,0.709,81.4,5.6,9.8,35.2,59.4,0.019,0.005,49.0,15.0,26.9,0
Mizoram,41.1,1321.4,1,3.4,0.76,54.0,42.6,69.2,55.4,87.8,0.006,0.019,50.0,32.5,38.6,0
Mizoram,15.87,1905.9,3,3.35,0.634,67.8,8.3,21.4,25.2,40.0,0.045,0.051,49.1,11.5,24.6,0
Arunachal Pradesh,37.34,2532.1,1,6.22,0.707,21.9,55.9,78.8,73.7,90.8,0.049,0.017,36.2,37.4,37.0,0
Sikkim,33.52,3248.5,2,1.88,0.487,0.0,168.9,299.6,99.0,163.6,0.598,0.045,69.5,88.7,82.0,1
Arunachal Pradesh,38.1,4164.6,3,6.46,0.752,33.4,194.6,437.4,99.0,131.7,1.344,0.005,57.2,91.2,79.3,1
Nagaland,35.69,1223.1,2,2.99,0.691,19.1,130.5,362.9,99.0,159.5,0.358,0.011,68.8,82.6,77.8,1
Tripura,10.33,187.3,1,4.57,0.679,43.5,3.6,6.6,24.7,39.7,0.066,0.017,24.1,12.4,16.4,0
Arunachal Pradesh,30.18,2668.2,2,15.06,0.699,9.1,9.2,15.6,21.7,27.3,0.007,0.002,49.3,12.1,25.1,0
Sikkim,31.07,2299.5,2,2.87,0.757,89.5,19.7,29.7,30.8,46.8,0.005,0.017,75.4,16.6,37.2,0
Manipur,17.9,897.8,2,2.44,0.537,11.9,122.0,219.2,87.2,141.7,0.396,0.014,55.6,66.9,62.9,0
Assam,26.47,650.8,3,10.63,0.603,76.4,18.1,46.2,30.5,50.9,0.085,0.016,44.7,16.6,26.4,0
Sikkim,29.52,2653.4,2,10.48,0.652,93.9,75.6,119.8,58.2,84.3,0.012,0.029,55.4,42.8,47.2,0
Arunachal Pradesh,32.41,3098.7,2,21.97,0.55,14.8,111.4,179.1,83.8,101.8,0.48,0.006,52.8,59.1,56.9,1
Arunachal Pradesh,26.86,2447.0,1,3.6,0.638,34.6,109.8,175.6,73.9,119.8,0.003,0.013,39.1,55.8,49.9,0
Meghalaya,29.61,2031.7,2,1.9,0.667,73.1,186.8,292.0,99.0,137.4,1.161,0.013,67.4,91.8,83.3,1
Sikkim,35.84,2688.8,3,1.24,0.742,71.4,135.3,275.2,95.8,128.6,0.747,0.027,62.6,77.4,72.2,1
Arunachal Pradesh,36.47,3855.9,1,0.16,0.471,3.7,65.5,167.6,81.8,137.2,1.042,0.019,44.0,56.2,51.9,1
Mizoram,48.41,1565.7,2,5.84,0.605,7.1,57.9,118.3,51.8,73.9,0.097,0.043,72.8,38.4,50.4,0
Arunachal Pradesh,44.84,3443.2,1,1.2,0.471,12.0,29.2,63.0,41.9,62.6,0.096,0.001,57.9,26.5,37.5,0
Nagaland,31.74,956.2,1,4.2,0.568,56.8,90.3,198.7,72.0,103.0,0.093,0.006,43.5,53.4,49.9,0
Sikkim,42.34,3756.8,2,11.18,0.708,5.5,18.8,36.5,15.8,27.6,0.014,0.007,61.4,5.3,24.9,0
Arunachal Pradesh,33.13,2972.0,2,13.5,0.658,58.8,24.9,46.7,34.0,49.4,0.039,0.036,59.6,20.2,34.0,0
Mizoram,46.49,1414.8,1,0.1,0.747,34.2,34.9,79.8,25.8,36.8,0.048,0.002,53.7,20.4,32.1,1
Sikkim,45.26,3336.5,3,1.72,0.808,66.9,6.3,11.9,23.8,31.6,0.032,0.036,68.6,7.5,28.9,0
Tripura,24.21,384.7,1,8.17,0.638,78.2,32.6,51.0,57.8,84.7,0.001,0.026,31.1,26.7,28.3,0
Meghalaya,41.37,1025.3,1,3.46,0.291,79.1,17.6,46.0,54.4,81.5,0.023,0.004,60.8,27.3,39.0,0
Sikkim,52.77,3211.0,1,7.41,0.481,3.8,13.3,29.6,23.1,36.8,0.008,0.022,48.3,13.8,25.9,0
Mizoram,25.17,1335.7,1,8.64,0.754,94.7,38.7,99.1,49.8,81.6,0.001,0.004,29.9,28.9,29.3,0
Sikkim,48.17,1571.0,1,2.63,0.652,58.7,18.0,37.2,43.7,58.6,0.006,0.007,55.1,20.5,32.6,1
Manipur,22.59,505.6,3,2.0,0.688,89.6,87.1,200.3,95.0,167.9,0.144,0.022,61.3,63.8,62.9,0
Sikkim,40.4,3259.0,2,2.73,0.633,61.5,23.7,63.8,39.6,62.6,0.057,0.007,72.0,21.0,38.8,0
Meghalaya,43.06,1523.3,2,4.76,0.708,48.4,124.8,305.7,99.0,124.9,0.229,0.001,67.2,75.5,72.6,1
Arunachal Pradesh,30.37,1931.4,3,2.06,0.602,73.0,180.6,341.6,99.0,164.2,1.775,0.009,62.0,93.8,82.7,1
Meghalaya,31.86,1336.3,2,6.71,0.709,21.9,18.8,35.0,30.6,49.6,0.026,0.02,61.2,15.4,31.4,0
Nagaland,30.93,1695.6,1,10.54,0.725,10.3,6.3,11.3,21.4,34.6,0.018,0.004,25.6,13.2,17.5,0
Nagaland,34.92,1547.3,2,1.49,0.702,9.0,94.1,194.5,86.1,143.8,0.075,0.032,73.2,63.0,66.6,1
Sikkim,41.95,1500.7,1,15.08,0.59,84.9,112.0,301.1,99.0,156.8,1.206,0.003,41.7,80.2,66.7,1
Sikkim,47.78,3560.6,2,4.39,0.51,91.2,11.6,16.5,15.8,19.1,0.052,0.024,85.7,9.1,35.9,0
Nagaland,32.46,2064.1,2,9.47,0.619,81.4,96.2,237.1,95.1,151.7,1.497,0.008,61.0,69.0,66.2,1
Assam,30.07,917.6,2,0.49,0.63,90.4,30.7,58.1,57.7,96.9,0.168,0.016,75.3,33.2,47.9,1
Arunachal Pradesh,58.39,4190.6,2,1.3,0.719,98.5,89.8,227.7,96.1,146.8,0.553,0.055,95.6,69.8,78.8,1
Meghalaya,35.72,1218.3,3,1.74,0.542,52.6,35.8,71.9,44.7,58.6,0.054,0.079,65.4,34.1,45.0,1
Sikkim,29.56,3918.8,3,1.62,0.826,15.4,85.0,204.9,95.4,153.0,2.148,0.015,52.1,69.2,63.2,1
Manipur,16.71,770.0,1,0.85,0.557,60.8,22.7,58.5,41.9,51.5,0.007,0.003,41.2,17.8,26.0,0
Arunachal Pradesh,43.94,1630.0,1,9.12,0.62,35.4,185.0,380.8,99.0,146.1,1.336,0.039,42.8,93.0,75.4,1
Arunachal Pradesh,41.91,2863.4,2,2.44,0.756,34.6,6.8,16.5,30.5,45.4,0.026,0.027,72.5,10.8,32.4,0
Nagaland,34.81,1733.3,1,14.85,0.526,72.8,83.1,124.3,66.7,119.3,0.015,0.015,37.0,45.2,42.3,0
Arunachal Pradesh,53.77,3708.3,1,3.94,0.746,9.1,107.0,194.4,81.9,107.1,0.214,0.007,52.3,60.0,57.3,0
Meghalaya,39.21,1028.1,2,0.67,0.457,3.8,4.5,8.3,33.2,50.6,0.064,0.013,76.5,6.3,30.9,0
Meghalaya,29.4,1179.2,2,3.55,0.386,69.5,122.0,252.1,99.0,160.0,0.868,0.008,76.2,74.8,75.3,1
Sikkim,36.94,2525.8,3,22.69,0.68,26.1,93.0,214.5,87.1,105.2,2.195,0.027,46.4,66.9,59.7,1
Sikkim,34.41,3674.2,2,3.75,0.704,38.6,38.5,79.2,42.6,74.2,0.021,0.027,64.3,24.2,38.2,0
Meghalaya,26.38,1713.0,3,0.1,0.73,30.8,5.0,13.0,27.7,44.9,0.044,0.0,60.9,11.3,28.7,0
Arunachal Pradesh,54.51,1642.5,3,12.17,0.647,61.5,35.5,62.6,55.5,87.4,0.004,0.003,66.7,27.9,41.5,1
Meghalaya,35.16,1697.9,1,1.2,0.77,15.5,114.0,181.1,73.8,117.0,0.153,0.015,45.7,60.6,55.4,1
Nagaland,24.04,1883.8,2,5.25,0.505,72.1,42.6,81.8,44.3,56.3,0.015,0.035,62.1,30.0,41.2,0
Nagaland,42.91,1757.6,2,3.26,0.578,92.5,144.2,250.8,99.0,175.7,1.1,0.063,79.3,86.1,83.7,1
Arunachal Pradesh,32.23,4101.2,2,1.77,0.681,83.6,106.3,237.2,99.0,145.0,2.045,0.02,72.4,75.6,74.5,0
Arunachal Pradesh,40.24,3124.8,2,1.49,0.707,90.7,90.3,198.4,82.8,127.7,0.12,0.008,78.1,55.1,63.2,1
Sikkim,25.64,4196.3,2,11.89,0.791,93.7,35.6,86.5,59.8,80.8,0.003,0.005,55.8,29.9,38.9,0
Sikkim,38.94,2434.7,2,10.93,0.571,37.2,86.0,215.2,95.2,120.6,0.274,0.037,64.9,62.9,63.6,1
Sikkim,25.88,2919.9,2,3.24,0.438,79.6,2.6,4.2,22.0,36.8,0.081,0.039,63.1,14.5,31.5,0
Mizoram,19.04,1054.7,3,1.35,0.699,49.5,27.8,52.4,27.3,42.4,0.096,0.014,52.8,17.8,30.0,0
Arunachal Pradesh,44.96,2374.6,2,0.49,0.728,27.0,8.8,13.3,21.5,30.9,0.047,0.014,77.0,15.8,37.2,0
Arunachal Pradesh,48.8,2642.4,1,0.77,0.642,74.7,197.5,464.4,99.0,128.2,0.279,0.005,63.7,87.9,79.4,1
Sikkim,40.78,3938.9,1,3.32,0.463,24.4,159.6,402.6,99.0,143.0,0.09,0.012,47.0,85.3,71.9,0
Mizoram,50.76,1488.5,3,1.66,0.692,11.0,120.1,329.9,99.0,119.0,1.138,0.02,72.4,79.0,76.7,1
Arunachal Pradesh,32.86,3479.9,2,0.19,0.803,70.5,31.5,86.3,53.0,94.5,0.008,0.01,74.2,30.2,45.6,0
Mizoram,20.42,1003.8,3,2.73,0.727,28.8,32.2,73.5,46.0,72.6,0.013,0.044,44.4,29.5,34.7,0
Sikkim,42.1,3136.5,3,6.17,0.716,30.6,182.8,445.2,99.0,135.9,0.365,0.042,62.9,94.5,83.4,0
Manipur,14.47,456.1,3,10.0,0.61,88.1,57.6,97.4,66.7,114.6,0.088,0.052,38.7,41.1,40.3,0
Manipur,19.85,563.3,2,3.96,0.76,13.6,3.5,7.7,16.5,20.8,0.017,0.001,55.9,9.4,25.7,0
Sikkim,46.95,3250.7,1,5.78,0.538,76.5,6.2,11.5,23.3,31.0,0.095,0.002,57.6,9.9,26.6,0
Sikkim,33.8,2282.9,1,2.04,0.699,38.6,280.0,434.7,99.0,137.9,0.677,0.002,49.5,90.6,76.2,1
Sikkim,37.8,2845.6,2,3.09,0.422,89.3,20.5,42.8,46.0,80.2,0.022,0.018,75.5,24.9,42.6,0
Sikkim,48.34,4136.8,2,5.89,0.751,44.0,9.3,18.6,29.3,39.7,0.19,0.004,71.8,11.6,32.7,0
Mizoram,30.93,996.8,2,5.85,0.66,40.9,59.9,89.6,30.5,44.3,0.008,0.014,55.3,31.6,39.9,0
Nagaland,35.38,1255.9,2,2.49,0.632,43.0,95.3,260.7,99.0,155.4,0.189,0.034,70.0,66.2,67.6,1
Mizoram,36.27,2019.9,2,3.53,0.75,83.8,161.8,443.2,99.0,164.7,0.019,0.024,72.0,88.4,82.6,1
Nagaland,30.99,1516.0,1,11.59,0.159,1.1,113.8,248.2,99.0,158.2,0.821,0.006,28.9,73.0,57.5,1
Sikkim,37.03,2081.9,1,4.5,0.475,70.5,103.6,282.0,99.0,159.3,4.396,0.016,47.1,83.6,70.8,1
Arunachal Pradesh,38.13,1566.9,3,4.63,0.513,20.5,0.6,1.1,21.5,35.5,0.03,0.019,63.8,7.6,27.3,0
Nagaland,27.8,2016.7,1,6.91,0.717,88.2,107.3,269.2,99.0,153.7,1.273,0.011,35.9,75.2,61.5,0
Sikkim,41.66,3237.0,2,0.55,0.707,37.6,148.7,405.9,99.0,149.0,0.037,0.003,80.4,83.2,82.2,1
Mizoram,27.95,1678.7,2,3.33,0.607,33.9,140.3,274.0,99.0,168.1,1.049,0.041,62.8,84.7,77.0,1
Sikkim,34.11,3932.3,3,14.42,0.644,71.3,155.2,283.0,94.2,153.4,0.612,0.044,45.5,86.8,72.4,1
Arunachal Pradesh,30.3,3085.9,3,2.02,0.507,72.2,12.9,30.5,39.1,58.2,0.054,0.034,65.4,15.4,32.9,0
Tripura,27.84,379.7,2,1.57,0.478,63.4,11.5,23.6,24.9,42.5,0.003,0.04,70.6,14.2,33.9,0
Arunachal Pradesh,27.25,3169.0,2,4.14,0.619,33.0,83.6,161.4,82.2,107.4,0.992,0.022,55.8,52.3,53.5,1
Tripura,31.31,407.5,1,1.12,0.617,61.0,35.2,87.5,47.5,82.1,0.067,0.011,46.2,27.1,33.8,0
Tripura,19.51,937.4,2,3.65,0.482,5.4,19.4,33.7,39.4,51.3,0.006,0.002,53.5,17.1,29.8,0
Nagaland,29.43,1676.8,3,0.76,0.712,95.5,189.2,447.2,99.0,133.5,0.933,0.033,68.0,94.1,85.0,1
Mizoram,25.67,1215.9,2,3.9,0.635,45.3,74.7,145.1,79.1,107.5,0.026,0.006,62.5,54.5,57.3,0
Meghalaya,26.29,1608.1,2,4.15,0.604,30.4,89.4,157.8,89.9,111.3,0.717,0.004,61.7,57.0,58.6,1
Manipur,16.49,745.8,1,2.44,0.763,86.1,5.7,15.5,27.7,38.2,0.004,0.01,30.7,8.5,16.3,0
Sikkim,63.85,2354.7,3,2.17,0.72,32.4,39.3,68.7,37.2,50.9,0.014,0.022,76.1,23.4,41.8,1
Meghalaya,27.9,1895.7,2,1.27,0.373,99.7,164.5,319.5,99.0,153.8,0.787,0.017,72.4,90.8,84.3,1
Mizoram,35.56,1729.3,3,1.81,0.496,69.1,5.6,12.6,21.6,33.7,0.048,0.016,63.6,10.1,28.8,0
Sikkim,36.3,3300.9,2,3.1,0.727,65.0,42.4,63.0,33.3,51.0,0.053,0.003,72.6,24.8,41.5,0
Meghalaya,45.92,911.7,2,1.28,0.688,15.2,1.5,2.3,11.6,18.3,0.045,0.003,75.5,1.9,27.7,0
Sikkim,40.08,3496.4,1,6.87,0.624,61.0,18.8,42.9,35.8,43.8,0.066,0.0,42.0,18.8,26.9,0
Meghalaya,24.15,906.8,1,5.56,0.375,15.5,8.5,18.9,30.0,48.6,0.076,0.006,28.6,13.8,19.0,0
Manipur,17.41,767.3,3,1.41,0.305,78.4,37.1,83.2,41.7,73.9,0.001,0.016,52.0,28.6,36.8,0
Arunachal Pradesh,58.75,2386.6,3,0.46,0.671,13.8,9.5,21.3,18.3,28.9,0.027,0.003,78.4,9.1,33.3,0
Assam,25.14,960.1,2,0.1,0.834,35.9,70.0,179.9,76.3,104.2,0.176,0.003,66.7,53.4,58.0,0
Mizoram,31.9,2097.9,2,4.09,0.643,47.7,5.8,10.8,19.4,26.9,0.053,0.028,64.2,6.6,26.8,0
Nagaland,25.94,1216.7,2,1.07,0.624,80.5,63.8,105.0,34.1,56.5,0.111,0.007,73.5,29.3,44.8,0
Meghalaya,26.62,1417.8,2,0.1,0.785,63.3,4.7,12.4,31.5,39.9,0.024,0.021,63.4,12.1,30.1,0
Nagaland,24.98,1668.9,2,2.0,0.654,74.8,26.3,57.4,27.2,38.7,0.006,0.065,62.2,19.5,34.4,0
Arunachal Pradesh,25.4,3558.8,2,14.72,0.715,24.4,54.0,135.1,69.1,90.8,0.009,0.036,48.7,43.8,45.5,0
Nagaland,37.5,845.1,3,5.27,0.708,23.7,7.9,13.2,30.8,40.6,0.021,0.05,48.7,11.3,24.4,0
Arunachal Pradesh,43.01,1628.9,3,8.78,0.635,38.1,62.8,128.7,46.5,55.9,0.15,0.044,56.0,40.5,46.0,0
Manipur,21.0,620.3,2,0.7,0.65,1.9,138.0,216.0,99.0,171.5,2.307,0.002,57.5,84.6,75.1,1
Tripura,28.76,147.3,3,0.34,0.698,83.1,21.0,32.4,10.1,14.1,0.099,0.021,67.9,10.7,30.7,0
Sikkim,44.35,3819.8,2,0.1,0.806,37.0,0.0,0.0,21.2,30.4,0.041,0.033,77.3,3.7,29.5,1
Arunachal Pradesh,26.77,3975.9,1,14.02,0.598,6.8,149.5,333.9,99.0,120.3,0.04,0.009,22.8,81.7,61.1,1
Nagaland,53.68,1966.3,1,1.61,0.516,87.2,174.0,469.5,99.0,124.4,0.543,0.002,64.2,93.4,83.2,1
Sikkim,38.24,2951.6,2,2.77,0.522,96.8,49.2,72.3,59.8,79.7,0.003,0.001,81.8,31.7,49.2,0
Manipur,25.49,810.9,3,2.26,0.763,64.7,54.7,105.1,59.7,77.8,0.027,0.008,48.1,37.6,41.3,0
Arunachal Pradesh,38.32,3954.5,3,5.9,0.775,35.7,70.8,172.3,75.0,127.8,0.049,0.032,57.4,55.0,55.8,0
Arunachal Pradesh,39.11,3774.7,2,1.67,0.492,41.4,107.5,196.2,79.0,139.8,0.005,0.024,80.0,61.1,67.7,0
Tripura,10.98,200.0,1,3.45,0.725,25.6,97.2,238.6,99.0,174.4,0.238,0.027,21.4,66.1,50.4,0
Mizoram,28.1,1931.4,1,24.4,0.573,71.1,40.1,109.6,61.6,81.8,0.013,0.002,27.7,33.3,31.3,0
Manipur,23.1,650.8,2,2.64,0.716,35.6,99.2,220.7,87.2,111.3,1.714,0.004,57.3,65.7,62.7,1
Sikkim,36.98,3341.1,3,3.61,0.654,3.2,67.3,117.8,50.5,80.7,0.091,0.025,65.0,38.4,47.7,1
Mizoram,22.29,1687.4,3,3.14,0.78,4.6,12.9,28.8,11.2,15.4,0.046,0.078,43.5,10.5,22.0,0
Mizoram,38.29,1527.0,1,7.31,0.332,61.5,93.4,170.5,87.9,108.5,3.072,0.004,43.6,67.0,58.8,1
Mizoram,30.85,1508.2,3,1.4,0.589,29.0,15.7,25.7,17.1,26.3,0.019,0.01,58.8,10.8,27.6,0
Mizoram,32.81,1925.0,2,0.84,0.639,16.9,23.8,59.8,35.5,48.3,0.026,0.011,71.5,19.7,37.8,1
Meghalaya,22.82,1101.6,1,6.31,0.553,55.2,157.8,367.3,99.0,137.7,0.596,0.041,31.8,86.6,67.4,1
Meghalaya,20.77,1863.6,2,2.42,0.82,27.8,97.4,252.3,91.6,142.5,0.186,0.003,59.6,67.5,64.8,1
Sikkim,39.44,3023.7,3,11.03,0.537,7.3,4.4,11.5,17.3,28.1,0.229,0.009,48.4,10.9,24.0,0
Nagaland,41.17,1568.9,2,4.65,0.757,19.4,231.0,438.8,99.0,125.3,0.034,0.011,68.6,89.6,82.3,1
Sikkim,45.35,2538.0,3,3.74,0.721,77.8,17.9,27.9,15.0,18.4,0.062,0.001,72.0,7.2,29.9,0
Mizoram,36.94,1383.4,1,0.33,0.627,85.2,55.8,115.0,59.7,101.2,0.179,0.024,54.0,41.0,45.6,0
Sikkim,40.18,2348.9,1,5.9,0.529,87.2,6.2,11.8,35.1,47.8,0.122,0.051,48.1,14.9,26.5,0
Mizoram,23.83,903.0,1,5.21,0.712,53.5,30.1,68.9,64.7,98.0,0.023,0.031,31.8,31.0,31.3,0
Nagaland,17.89,1497.8,3,4.6,0.754,95.1,1.8,4.8,9.8,16.4,0.032,0.003,48.3,0.0,16.9,0
Arunachal Pradesh,60.32,2479.6,2,1.4,0.485,15.2,94.8,213.9,81.3,100.2,1.923,0.006,93.7,66.7,76.2,1
Arunachal Pradesh,36.57,3155.4,3,13.2,0.634,67.8,26.6,37.7,13.0,21.6,0.048,0.014,53.5,15.3,28.7,0
Arunachal Pradesh,33.49,4116.9,2,1.75,0.442,70.4,61.1,137.2,56.5,86.8,0.025,0.002,74.2,36.0,49.4,1
Mizoram,32.68,1788.2,2,0.74,0.637,5.3,101.2,160.0,75.7,95.6,0.007,0.017,72.0,54.4,60.6,0
Manipur,14.55,229.1,3,19.61,0.651,28.2,3.2,5.9,20.2,32.4,0.092,0.004,31.7,2.1,12.5,0
Arunachal Pradesh,34.41,1952.9,2,6.17,0.431,94.9,32.2,56.0,55.3,68.8,0.042,0.045,73.8,30.6,45.7,0
Nagaland,44.99,1959.4,3,2.41,0.539,75.9,9.5,19.9,36.2,50.2,0.157,0.011,71.6,14.6,34.5,1
Sikkim,41.21,3637.2,1,12.36,0.669,5.5,122.4,306.4,99.0,150.6,1.43,0.003,34.3,82.1,65.4,1
Meghalaya,36.29,1812.6,2,0.43,0.653,54.1,188.9,274.5,95.2,152.8,0.21,0.006,80.3,86.8,84.5,1
Assam,19.5,163.6,3,0.41,0.791,64.9,5.5,8.1,25.1,34.1,0.005,0.001,52.5,4.4,21.2,0
Sikkim,47.83,3945.8,3,5.16,0.622,97.3,30.5,83.6,45.3,59.3,0.012,0.009,73.0,26.1,42.5,0
Meghalaya,39.88,1322.1,1,0.88,0.468,71.6,9.9,19.9,34.8,57.3,0.064,0.01,54.7,16.0,29.6,0
Arunachal Pradesh,36.35,2396.6,2,11.21,0.637,63.9,9.9,24.2,26.9,38.9,0.045,0.019,64.5,9.6,28.8,0
Arunachal Pradesh,38.29,1668.1,2,8.26,0.792,90.9,101.3,266.0,99.0,130.9,0.083,0.006,68.7,70.7,70.0,0
Sikkim,49.4,2057.4,2,1.65,0.656,66.1,36.5,70.6,42.6,66.3,0.022,0.043,88.1,32.1,51.7,0
Arunachal Pradesh,38.79,2924.1,1,9.89,0.689,93.2,0.2,0.3,27.5,39.5,0.037,0.002,37.3,8.7,18.7,0
Mizoram,29.84,1515.4,1,0.2,0.724,49.3,31.3,81.6,63.4,99.7,0.377,0.033,48.3,31.3,37.3,0
Meghalaya,30.31,910.8,3,3.58,0.705,71.9,154.3,345.4,99.0,165.3,1.694,0.009,51.4,84.7,73.0,0
Meghalaya,29.0,949.4,3,12.34,0.452,63.2,51.1,85.0,50.0,60.6,0.047,0.003,48.5,34.0,39.1,0
Arunachal Pradesh,38.68,2985.0,2,8.7,0.655,55.3,85.3,191.0,66.4,93.9,0.188,0.01,56.3,51.0,52.9,0
Sikkim,34.61,3048.1,3,1.98,0.581,32.4,101.5,279.5,99.0,139.7,0.589,0.026,58.2,76.4,70.0,1
Mizoram,32.54,1973.9,1,0.91,0.562,90.4,43.9,122.0,54.1,94.2,0.0,0.003,47.5,36.9,40.6,0
Assam,16.03,633.2,2,1.06,0.599,27.0,148.7,397.3,99.0,178.0,0.196,0.001,56.5,85.0,75.0,0
Arunachal Pradesh,41.39,3315.1,3,3.25,0.413,15.9,10.3,24.8,24.6,39.2,0.033,0.004,66.6,9.7,29.6,0
Manipur,23.29,670.1,3,4.09,0.742,71.2,6.1,16.1,34.2,49.4,0.007,0.024,55.6,17.1,30.5,0
Meghalaya,37.08,1750.1,2,0.15,0.678,54.7,42.3,83.5,47.1,69.0,0.041,0.008,75.3,30.4,46.1,0
Meghalaya,35.97,1258.8,3,2.4,0.839,26.3,131.8,247.6,80.9,129.3,0.303,0.071,52.9,73.1,66.0,0
Meghalaya,39.48,1326.3,2,7.98,0.417,87.0,14.7,41.0,26.3,41.0,0.008,0.001,67.9,18.1,35.5,0
Arunachal Pradesh,39.34,3406.8,3,2.64,0.843,28.6,4.7,12.4,23.3,40.0,0.025,0.036,55.3,14.2,28.6,0
Arunachal Pradesh,38.58,4183.6,2,0.83,0.678,6.4,24.8,38.7,26.8,43.7,0.031,0.056,68.5,17.3,35.2,0
Mizoram,28.19,1424.5,3,13.94,0.424,1.5,0.0,0.1,33.7,43.2,0.052,0.007,38.2,9.0,19.2,0
Sikkim,45.02,2342.6,1,1.39,0.666,92.3,114.8,162.6,90.1,153.4,0.733,0.012,61.0,67.0,64.9,0
Manipur,17.09,440.9,2,7.21,0.651,40.2,2.3,4.6,17.9,24.7,0.039,0.016,48.8,5.6,20.7,0
Sikkim,24.09,3210.0,2,0.97,0.741,21.3,120.3,182.6,79.9,132.4,0.002,0.01,66.9,65.2,65.8,1
Arunachal Pradesh,33.0,2077.0,2,2.48,0.653,56.7,91.8,175.8,61.2,75.4,0.035,0.005,65.5,53.5,57.7,0
Mizoram,38.36,1733.7,2,3.03,0.662,48.8,5.5,13.9,23.7,32.9,0.002,0.009,71.9,9.2,31.1,0
Sikkim,43.8,1543.1,3,3.12,0.788,100.0,7.1,11.5,35.3,57.7,0.094,0.023,68.3,15.9,34.3,0
Meghalaya,34.03,1994.3,3,3.27,0.685,88.9,138.0,261.2,97.3,173.7,0.382,0.01,64.7,76.8,72.6,0
Mizoram,48.33,927.9,1,1.15,0.709,27.1,75.6,132.8,59.4,85.7,0.03,0.009,57.1,45.2,49.4,0
Manipur,22.42,489.4,3,3.26,0.493,69.8,128.1,202.7,63.4,85.4,0.041,0.006,54.2,61.5,59.0,1
Nagaland,26.79,1505.7,1,2.96,0.497,38.7,18.3,50.5,30.8,53.1,0.026,0.076,43.4,18.4,27.2,0
Mizoram,26.22,1937.4,2,1.05,0.641,36.4,115.9,232.7,71.5,121.9,0.071,0.052,60.3,64.3,62.9,0
Mizoram,35.96,1555.2,3,19.98,0.535,36.7,43.0,61.5,24.1,36.8,0.156,0.03,51.8,24.4,34.0,0
Assam,29.09,484.6,1,9.03,0.75,63.9,153.1,359.6,99.0,134.6,0.463,0.052,28.1,85.9,65.7,1
Sikkim,38.47,2185.7,3,9.83,0.313,53.8,6.3,13.4,18.6,25.7,0.03,0.013,51.8,6.1,22.1,0
Arunachal Pradesh,41.7,2121.2,3,5.21,0.805,75.5,76.9,195.9,94.0,140.4,1.249,0.008,66.5,64.0,64.9,1
Sikkim,42.16,1520.8,2,0.78,0.566,15.3,92.2,176.0,71.8,128.4,0.017,0.028,76.7,52.6,61.1,0
Arunachal Pradesh,58.27,3741.2,2,3.78,0.787,42.5,5.5,14.8,18.6,23.5,0.042,0.022,84.7,10.7,36.6,0
Mizoram,39.02,896.3,2,7.75,0.568,86.0,27.6,39.8,39.6,56.2,0.002,0.048,73.7,19.4,38.4,1
Mizoram,40.86,1306.9,3,0.18,0.711,0.3,146.2,312.0,99.0,169.9,0.094,0.003,66.3,82.8,77.1,1
Mizoram,26.53,1428.7,1,3.08,0.564,62.3,105.9,220.6,80.2,142.5,0.424,0.029,42.6,64.4,56.7,0
Arunachal Pradesh,33.85,2460.7,2,2.27,0.671,78.6,28.9,41.0,24.0,29.5,0.011,0.011,74.6,16.3,36.7,0
Nagaland,28.08,2056.7,1,1.07,0.656,38.4,46.9,69.8,32.3,50.2,0.041,0.03,45.5,25.1,32.2,0
Sikkim,36.51,1602.5,1,2.14,0.727,88.4,65.1,117.4,68.0,106.2,0.034,0.013,50.9,46.0,47.7,0
Mizoram,32.92,2118.4,3,18.47,0.596,73.6,4.7,10.3,36.9,55.5,0.026,0.022,49.8,12.4,25.5,0
Meghalaya,34.54,1079.5,2,5.78,0.776,60.6,209.4,353.7,99.0,121.4,0.114,0.023,65.3,91.0,82.0,1
Sikkim,37.87,2716.7,3,1.6,0.752,19.8,137.5,227.9,94.0,130.7,0.788,0.025,59.1,76.5,70.4,1
Arunachal Pradesh,33.06,2395.0,2,4.18,0.689,67.0,48.3,76.8,41.5,60.8,0.013,0.013,68.0,28.8,42.5,0
Arunachal Pradesh,29.73,3482.7,2,1.27,0.449,83.4,36.2,97.7,55.2,82.5,0.163,0.019,72.1,31.0,45.4,0
Nagaland,35.26,1817.8,1,4.25,0.489,73.0,95.4,209.0,91.2,162.2,0.173,0.031,49.4,65.5,59.9,1
Manipur,24.54,250.3,3,10.19,0.701,57.5,1.8,3.1,15.7,21.7,0.017,0.012,41.2,4.6,17.4,0
Mizoram,31.07,1174.3,1,3.66,0.733,71.5,9.6,26.4,22.9,28.3,0.044,0.002,41.5,14.0,23.6,0
Arunachal Pradesh,25.19,1942.3,2,5.95,0.725,97.7,5.9,11.5,25.4,32.3,0.015,0.009,64.6,11.2,29.9,0
Sikkim,46.43,1608.4,2,2.72,0.64,1.1,17.9,27.8,35.9,50.7,0.003,0.01,70.0,16.9,35.5,0
Nagaland,30.78,1146.0,2,3.34,0.551,66.4,18.6,39.4,23.2,38.7,0.02,0.072,71.2,20.3,38.1,0
Nagaland,23.28,1162.6,2,5.34,0.602,79.3,95.4,191.7,89.9,140.6,1.439,0.021,59.8,68.9,65.7,1
Arunachal Pradesh,38.37,3469.0,2,7.53,0.68,63.9,32.5,73.6,42.5,71.0,0.069,0.019,66.4,28.5,41.8,0
Arunachal Pradesh,47.07,1596.4,1,4.85,0.745,27.3,113.2,269.4,99.0,173.4,0.189,0.012,45.2,73.3,63.5,0
Mizoram,29.56,1061.0,2,17.07,0.805,82.3,3.5,6.6,27.1,34.5,0.017,0.001,54.5,12.8,27.4,0
Sikkim,18.85,1824.5,3,7.71,0.606,91.3,1.5,2.5,22.6,34.3,0.129,0.039,40.8,8.5,19.8,0
Sikkim,36.09,4087.4,2,6.76,0.406,68.4,226.9,449.0,99.0,155.9,1.012,0.031,70.3,96.1,87.1,1
Arunachal Pradesh,32.67,1724.5,1,8.39,0.73,51.1,22.7,47.9,50.3,72.9,0.067,0.001,30.5,22.9,25.6,0
Meghalaya,33.52,2169.5,2,1.49,0.772,36.6,15.0,30.8,26.3,38.7,0.003,0.01,66.1,15.4,33.1,0
Manipur,20.4,524.1,1,2.55,0.393,33.0,181.9,263.2,99.0,123.8,0.411,0.041,34.6,90.3,70.8,1
Assam,17.42,900.6,1,3.74,0.645,72.3,7.7,19.4,31.2,38.6,0.047,0.011,30.8,11.3,18.1,0
Meghalaya,28.59,2076.4,2,2.79,0.598,60.7,23.5,44.1,32.6,40.0,0.109,0.007,68.8,18.9,36.4,0
Meghalaya,41.66,1835.9,2,8.46,0.69,15.7,9.5,17.2,15.8,25.1,0.019,0.005,64.2,10.7,29.4,0
Arunachal Pradesh,42.75,3286.9,1,0.12,0.789,14.1,157.1,266.8,99.0,124.8,0.146,0.005,47.6,75.3,65.6,1
Meghalaya,35.68,1547.6,2,1.06,0.797,7.1,217.0,480.9,99.0,140.7,0.988,0.005,66.3,96.0,85.6,1
Sikkim,45.89,2139.8,3,9.61,0.536,68.4,7.2,16.1,38.2,66.8,0.009,0.003,59.2,19.9,33.7,0
Mizoram,30.72,1212.7,3,0.27,0.432,31.4,28.9,57.9,26.6,34.6,0.031,0.008,63.8,15.1,32.1,0
Sikkim,52.26,3665.3,3,1.16,0.649,2.0,48.7,113.9,56.2,83.3,0.05,0.033,76.9,35.7,50.1,0
Sikkim,41.17,1946.7,2,1.95,0.696,33.8,237.0,344.5,99.0,162.1,0.303,0.039,71.9,87.7,82.1,1
Arunachal Pradesh,39.43,3252.8,1,6.25,0.673,83.2,115.4,291.2,99.0,133.5,0.043,0.001,44.5,72.2,62.5,0
Sikkim,41.06,1768.6,3,3.7,0.674,24.8,12.8,22.5,17.9,21.7,0.005,0.016,58.5,7.9,25.6,0
Arunachal Pradesh,36.06,3271.6,1,13.92,0.751,63.4,129.0,265.3,99.0,165.0,0.42,0.035,36.0,79.4,64.2,1
Arunachal Pradesh,33.03,4076.2,1,1.16,0.719,44.0,18.1,44.3,36.2,59.3,0.096,0.006,51.8,18.3,30.0,0
Tripura,27.04,865.7,2,9.25,0.778,54.9,101.4,166.7,78.8,140.9,0.027,0.007,51.1,55.8,54.1,0
Meghalaya,24.64,2046.0,1,1.5,0.608,59.6,135.7,361.4,99.0,154.8,2.744,0.019,43.8,92.6,75.5,1
Meghalaya,25.16,2154.0,3,1.27,0.542,45.5,9.9,15.8,25.9,35.9,0.143,0.015,53.6,13.6,27.6,0
Manipur,19.69,593.5,3,3.1,0.64,5.8,113.0,286.9,99.0,126.5,0.75,0.021,45.5,74.6,64.4,1
Tripura,15.37,183.6,3,0.33,0.754,56.8,16.0,31.3,29.9,37.6,0.043,0.006,43.9,14.1,24.5,0
Mizoram,21.46,1550.5,3,2.18,0.412,39.8,93.2,151.8,81.7,129.2,1.487,0.001,54.4,56.2,55.6,1
Nagaland,24.94,1725.7,1,1.98,0.48,20.0,7.8,20.4,22.2,31.3,0.038,0.004,36.2,11.0,19.8,0
Sikkim,31.65,3695.0,3,0.79,0.434,89.7,11.5,27.8,31.5,53.4,0.02,0.002,65.0,14.8,32.4,0
Sikkim,41.55,3332.1,2,8.87,0.491,73.6,11.0,18.9,20.9,26.7,0.011,0.0,72.2,11.6,32.8,0
Sikkim,36.92,3913.5,2,2.19,0.658,28.4,14.5,33.7,30.0,53.3,0.027,0.01,67.0,15.8,33.7,0
Mizoram,38.84,2012.1,1,18.06,0.761,53.9,0.8,1.4,21.6,26.7,0.166,0.008,33.3,9.8,18.0,0
Mizoram,17.73,2105.9,3,10.35,0.453,96.3,24.8,68.6,48.2,80.5,0.034,0.059,44.1,25.0,31.7,0
Sikkim,29.02,3430.9,3,0.98,0.785,24.5,276.1,598.5,99.0,165.0,0.561,0.011,50.1,95.5,79.6,1
Arunachal Pradesh,30.25,2287.0,1,3.17,0.767,94.7,26.7,43.1,54.5,85.4,0.053,0.048,47.0,24.9,32.6,0
Mizoram,33.82,2156.4,1,4.14,0.55,68.3,75.5,112.7,54.0,97.0,0.046,0.025,41.6,39.6,40.3,0
Arunachal Pradesh,32.7,3410.4,1,7.69,0.651,54.1,38.1,87.0,26.7,32.2,0.031,0.055,36.0,20.5,25.9,0
Meghalaya,30.06,1827.6,2,9.76,0.794,98.3,0.7,1.6,39.7,58.8,0.046,0.007,62.3,16.3,32.4,0
Mizoram,25.02,1456.5,2,4.4,0.698,33.4,39.6,109.8,56.9,71.8,0.056,0.035,57.3,36.2,43.6,0
Mizoram,24.6,830.5,3,0.16,0.719,27.8,131.8,276.1,99.0,149.4,0.657,0.007,57.1,78.3,70.9,1
Nagaland,27.39,1995.3,2,2.95,0.81,34.0,36.3,68.0,29.8,39.3,0.021,0.004,59.8,20.1,34.0,0
Manipur,26.24,822.4,2,9.73,0.719,75.1,33.8,80.9,27.3,40.0,0.004,0.011,54.4,20.8,32.5,0
Meghalaya,23.13,1522.8,3,5.63,0.709,33.7,49.9,126.0,71.4,87.3,0.146,0.002,43.6,41.5,42.2,0
Nagaland,40.17,1422.8,2,9.19,0.629,10.3,209.0,493.5,99.0,145.7,0.131,0.068,58.6,91.3,79.9,1
Mizoram,38.54,1476.9,2,5.04,0.562,64.4,37.4,91.4,53.1,85.0,0.04,0.013,72.8,31.5,46.0,1
Arunachal Pradesh,34.32,3748.4,3,0.2,0.691,22.3,111.7,264.5,93.4,161.3,0.125,0.003,65.3,70.2,68.5,1
Arunachal Pradesh,38.53,2876.4,3,15.49,0.375,0.4,1.7,2.8,14.6,25.6,0.005,0.001,48.7,5.0,20.3,0
Sikkim,40.89,2912.5,1,11.26,0.728,19.9,5.3,13.4,44.8,63.2,0.064,0.133,34.8,19.0,24.5,0
Meghalaya,36.91,918.7,1,0.61,0.793,81.9,47.1,107.1,41.3,69.6,0.009,0.02,52.5,34.2,40.6,0
Mizoram,25.61,1602.7,1,0.54,0.686,94.0,181.9,354.4,99.0,171.0,0.682,0.011,50.4,91.4,77.1,1
Manipur,24.93,573.6,2,3.49,0.725,66.2,12.3,28.6,32.2,57.3,0.01,0.004,67.0,13.5,32.2,0
Arunachal Pradesh,39.19,1870.1,2,6.37,0.733,31.0,57.1,147.7,70.4,103.0,0.019,0.008,65.1,41.7,49.9,0
Arunachal Pradesh,30.78,2050.2,2,2.17,0.431,43.6,161.4,420.7,99.0,167.5,0.601,0.046,73.5,85.7,81.5,1
Assam,20.91,128.0,3,0.66,0.773,19.5,16.4,30.6,29.9,40.5,0.104,0.015,49.5,11.4,24.7,0
Arunachal Pradesh,30.7,2767.4,1,3.22,0.455,88.1,2.9,4.5,13.0,21.6,0.01,0.007,47.3,6.3,20.7,0
Meghalaya,32.19,2106.1,2,1.85,0.763,66.6,36.0,61.6,16.3,27.4,0.051,0.049,70.8,20.2,37.9,0
Mizoram,29.26,1113.9,2,1.95,0.703,8.4,15.3,34.3,25.9,44.4,0.027,0.038,61.6,17.9,33.2,0
Meghalaya,33.42,1743.1,2,4.66,0.733,36.7,76.9,163.3,63.5,107.2,0.015,0.005,62.5,46.2,51.9,0
Arunachal Pradesh,40.22,2974.4,2,9.76,0.789,53.8,72.8,152.2,85.4,142.8,0.3,0.013,64.0,56.3,59.0,0
Arunachal Pradesh,49.2,4086.1,3,3.68,0.754,79.7,127.1,231.8,99.0,159.4,0.198,0.028,69.6,70.9,70.4,1
Arunachal Pradesh,43.44,2455.8,1,5.24,0.691,92.1,7.8,11.8,23.6,29.9,0.01,0.003,50.5,9.1,23.6,1
Mizoram,35.17,1576.1,1,4.85,0.634,13.3,17.4,31.7,16.2,23.1,0.198,0.014,40.2,12.6,22.3,0
Meghalaya,21.13,1598.3,2,3.6,0.487,83.5,39.1,92.7,29.1,39.2,0.03,0.009,63.5,23.7,37.6,0
Sikkim,46.54,2139.0,2,1.67,0.522,6.6,85.4,193.9,85.0,124.1,0.8,0.016,84.7,56.7,66.5,1
Mizoram,29.54,1835.0,1,2.14,0.579,24.0,19.4,34.7,33.1,57.9,0.003,0.014,37.1,18.1,24.8,0
Nagaland,25.03,2082.7,1,1.71,0.392,2.1,6.8,16.8,24.2,37.9,0.042,0.005,35.0,6.5,16.5,0
Arunachal Pradesh,55.94,1778.2,2,11.23,0.421,6.4,18.4,50.5,49.7,62.2,0.023,0.022,76.5,20.6,40.2,0
Meghalaya,27.63,2066.2,2,7.89,0.656,3.2,146.2,256.3,91.4,126.0,0.681,0.002,59.1,80.3,72.9,1
Mizoram,42.08,1912.2,3,3.9,0.743,14.6,188.2,470.6,99.0,169.4,0.056,0.007,61.8,87.2,78.3,1
Sikkim,41.0,2192.5,2,10.95,0.299,87.7,81.9,204.8,85.1,121.2,3.218,0.007,69.2,68.6,68.8,1
Sikkim,42.81,1742.0,1,9.79,0.579,28.4,70.9,152.2,64.6,77.8,0.088,0.041,38.1,45.8,43.1,0
Mizoram,32.25,1756.3,2,11.82,0.659,48.0,181.2,256.3,99.0,164.9,0.619,0.098,53.3,92.9,79.0,1
Manipur,15.05,400.6,1,1.13,0.502,48.7,160.7,291.1,99.0,127.2,1.786,0.005,36.3,87.4,69.5,1
Nagaland,37.32,850.1,2,5.69,0.773,99.5,87.5,127.3,61.0,77.7,0.115,0.018,71.5,44.5,54.0,1
Mizoram,33.96,1685.8,2,4.23,0.466,36.5,19.2,37.9,25.5,40.1,0.001,0.037,59.2,17.3,31.9,0
Nagaland,33.86,1293.5,2,5.96,0.762,26.5,40.4,88.8,59.8,92.1,0.025,0.005,61.4,34.1,43.7,0
Sikkim,39.03,3461.6,3,1.38,0.799,96.3,13.4,26.9,41.7,59.1,0.007,0.055,68.3,18.4,35.9,0
Mizoram,30.58,2077.6,1,5.34,0.722,59.3,67.4,159.9,66.4,87.9,0.082,0.015,34.8,47.0,42.7,0
Meghalaya,37.37,1844.3,3,2.37,0.535,28.9,32.5,56.2,35.8,45.2,0.008,0.088,60.5,23.5,36.4,1
Arunachal Pradesh,42.57,3202.9,3,8.08,0.579,28.7,101.5,153.2,58.1,74.0,0.094,0.032,56.1,51.4,53.0,0
Mizoram,38.19,1711.4,2,7.14,0.763,8.6,37.9,62.0,60.8,99.9,0.077,0.015,61.9,30.8,41.7,0
Meghalaya,30.88,1357.7,1,1.07,0.648,55.7,8.1,14.3,35.0,60.9,0.07,0.01,43.7,19.4,27.9,0
Sikkim,35.98,2968.1,2,0.91,0.427,72.4,280.0,487.4,99.0,152.2,1.942,0.032,80.3,93.7,89.0,1
Manipur,17.16,348.1,2,5.69,0.572,47.5,31.4,66.5,58.3,92.5,0.063,0.019,60.6,33.1,42.7,0
Arunachal Pradesh,39.27,1958.5,2,3.6,0.57,88.4,13.0,34.5,17.2,30.8,0.047,0.014,80.1,11.3,35.4,0
Sikkim,25.12,3661.1,1,3.67,0.815,48.4,18.0,34.1,28.1,34.0,0.009,0.003,33.6,12.9,20.1,0
Arunachal Pradesh,60.87,1897.9,3,6.28,0.727,34.6,5.8,8.8,21.2,27.4,0.019,0.019,73.2,7.8,30.7,0
Nagaland,28.01,1254.4,1,8.69,0.674,25.1,3.5,8.8,18.9,28.0,0.02,0.019,33.6,7.5,16.6,0
Mizoram,40.95,1878.2,2,1.23,0.715,24.3,26.9,38.3,22.0,27.6,0.027,0.013,77.6,15.2,37.0,1
Sikkim,34.83,2102.0,1,3.65,0.337,31.7,136.5,289.7,99.0,134.4,0.218,0.005,44.9,78.7,66.9,1
Mizoram,22.34,2183.5,2,7.95,0.538,99.2,5.9,15.0,40.5,58.0,0.008,0.007,60.9,16.3,31.9,0
Sikkim,43.31,4070.7,3,9.28,0.316,36.1,237.0,519.7,99.0,160.7,0.755,0.006,62.8,92.5,82.1,1
Nagaland,44.47,1922.0,2,1.52,0.754,52.5,71.7,193.7,59.0,75.5,0.004,0.009,80.4,40.6,54.5,1
Meghalaya,35.97,1809.4,1,0.49,0.791,27.5,73.9,106.6,42.1,65.7,0.036,0.011,44.5,35.4,38.6,0
Sikkim,52.53,3793.0,3,1.19,0.586,14.4,55.7,151.4,71.4,87.9,0.002,0.004,75.8,41.9,53.8,0
Assam,27.26,702.9,3,13.09,0.779,64.6,40.3,98.8,42.2,62.0,0.017,0.015,47.4,30.5,36.4,0
Sikkim,30.47,2502.4,3,2.79,0.813,54.5,129.4,240.5,87.4,110.0,0.427,0.028,54.1,69.1,63.8,1
Arunachal Pradesh,44.6,1897.7,3,2.44,0.557,6.8,112.7,256.8,99.0,148.4,0.963,0.005,62.4,75.7,71.1,0
Mizoram,10.42,2196.0,2,0.1,0.332,88.3,19.5,42.7,32.6,47.2,0.029,0.073,63.7,17.2,33.4,0
Assam,22.41,650.1,2,0.24,0.575,50.8,90.8,242.9,82.9,118.3,0.581,0.004,68.6,62.8,64.8,1
Sikkim,32.53,3745.2,2,4.97,0.783,33.5,73.3,145.0,69.6,117.5,0.038,0.026,58.6,50.4,53.3,0
Arunachal Pradesh,47.44,3160.7,1,4.01,0.641,77.9,178.1,274.1,99.0,149.5,3.896,0.023,60.6,99.4,85.8,1
Sikkim,28.79,2981.3,2,3.86,0.451,11.2,61.5,92.0,50.1,68.2,0.02,0.002,58.4,35.1,43.3,0
Meghalaya,39.27,1687.7,3,0.53,0.516,47.4,162.7,321.9,99.0,167.1,0.573,0.045,67.0,86.8,79.8,1
Arunachal Pradesh,44.72,3925.3,2,1.95,0.423,54.9,36.1,100.4,40.6,61.4,0.001,0.014,81.0,26.6,45.6,1
Mizoram,33.19,2159.4,3,7.53,0.581,77.5,56.1,127.1,44.6,79.6,0.025,0.003,52.2,32.4,39.4,0
Tripura,16.85,484.7,2,0.87,0.811,37.0,12.8,31.1,36.0,53.9,0.03,0.006,55.6,17.9,31.1,0
Meghalaya,37.33,1133.7,2,9.64,0.61,85.5,84.5,232.1,83.4,141.3,0.022,0.007,64.5,63.7,64.0,1
Sikkim,22.95,3556.6,2,0.58,0.749,69.8,145.7,339.3,99.0,118.9,3.098,0.005,67.6,92.8,84.0,1
Sikkim,32.02,3747.7,2,0.83,0.733,77.1,55.5,124.4,54.1,73.1,0.008,0.017,79.6,38.9,53.1,1
Arunachal Pradesh,38.43,2746.1,2,2.92,0.601,96.9,17.8,29.5,36.7,44.7,0.029,0.012,76.4,11.4,34.1,0
Manipur,21.02,374.7,1,13.08,0.678,84.5,54.6,98.5,58.1,88.8,0.011,0.005,30.5,31.8,31.3,0
Sikkim,32.21,2604.8,1,1.8,0.815,34.7,120.4,316.8,99.0,146.9,0.091,0.018,40.7,80.0,66.3,1
Sikkim,32.4,4177.8,3,4.83,0.645,64.6,261.0,550.9,99.0,163.8,1.272,0.034,51.6,95.6,80.2,0
Mizoram,36.2,1293.5,1,4.0,0.575,86.9,69.6,181.5,82.8,105.0,0.746,0.04,52.0,55.5,54.3,0
Meghalaya,25.98,1440.2,2,0.73,0.666,52.5,49.2,70.0,35.6,60.5,0.011,0.012,65.9,28.2,41.4,1
Mizoram,29.94,944.5,2,1.28,0.822,68.3,17.6,37.1,45.9,57.1,0.021,0.06,70.1,22.1,38.9,0
Arunachal Pradesh,28.75,2939.2,2,11.98,0.55,17.2,83.2,153.2,66.2,112.9,0.02,0.004,54.8,50.0,51.7,1
Nagaland,32.73,1593.2,3,0.92,0.721,81.6,65.7,117.8,50.5,77.3,0.029,0.011,65.3,41.5,49.8,0
Assam,19.13,751.6,3,5.34,0.565,75.7,27.2,70.8,41.8,52.4,0.006,0.013,48.6,24.9,33.2,0
Mizoram,19.12,937.5,3,15.05,0.684,88.9,9.9,25.5,23.3,28.4,0.068,0.011,43.0,5.4,18.6,0
Assam,12.41,571.5,2,0.57,0.685,71.0,101.4,269.1,90.0,151.1,0.663,0.006,59.9,75.4,70.0,0
Arunachal Pradesh,12.77,3499.4,2,2.29,0.795,87.7,30.1,60.3,44.8,62.2,0.055,0.025,56.8,19.3,32.4,0
Meghalaya,41.45,1965.5,3,1.14,0.714,16.2,68.8,189.0,87.4,154.4,0.155,0.002,64.4,55.3,58.5,1
Mizoram,27.75,1670.9,3,1.13,0.729,81.4,154.7,286.1,99.0,177.5,0.632,0.018,60.1,87.0,77.6,1
Mizoram,34.99,912.5,3,0.57,0.657,95.3,30.6,85.3,55.0,92.5,0.018,0.018,69.6,28.8,43.1,0
Sikkim,30.18,1857.7,3,4.72,0.794,81.6,10.3,25.3,36.4,60.4,0.023,0.005,55.0,15.0,29.0,0
Sikkim,50.89,3827.5,1,6.17,0.445,61.5,12.3,28.5,38.5,62.7,0.016,0.005,51.0,19.4,30.5,0
Arunachal Pradesh,24.65,1583.0,1,5.08,0.594,92.7,136.6,361.5,99.0,130.6,0.391,0.035,38.6,84.0,68.1,0
Sikkim,48.47,2950.7,3,11.64,0.657,9.4,91.7,209.5,90.1,116.4,1.198,0.026,54.3,65.8,61.8,0
Arunachal Pradesh,39.42,4123.5,3,0.71,0.785,1.7,0.6,1.1,14.5,20.9,0.022,0.013,61.9,3.7,24.0,0
Nagaland,37.13,991.0,3,1.73,0.798,96.5,50.5,96.3,37.5,66.3,0.05,0.01,65.3,27.6,40.8,0
Arunachal Pradesh,49.62,2919.0,2,1.9,0.484,68.3,39.9,63.8,20.1,24.5,0.095,0.031,88.5,22.3,45.4,1
Arunachal Pradesh,40.66,1745.9,2,1.19,0.462,11.4,280.0,580.4,99.0,167.5,0.44,0.038,83.1,94.3,90.4,1
Meghalaya,44.72,1820.2,2,0.69,0.422,34.0,64.7,162.2,71.3,103.2,0.017,0.024,82.7,43.7,57.3,1
Mizoram,41.43,1865.7,2,3.0,0.648,74.9,12.7,20.3,15.4,18.7,0.032,0.003,74.7,11.0,33.3,0
Manipur,24.2,294.2,2,8.09,0.448,75.0,55.4,149.4,56.0,73.1,0.066,0.009,62.0,37.8,46.3,0
Meghalaya,40.11,1365.9,3,13.91,0.544,17.0,0.6,0.9,5.0,8.9,0.053,0.002,48.7,0.3,17.3,0
Sikkim,38.59,2343.8,1,0.62,0.621,47.0,192.6,528.7,99.0,167.2,0.501,0.028,47.1,89.6,74.7,1
Nagaland,26.28,1115.6,2,7.8,0.61,80.7,107.8,219.8,99.0,168.0,0.617,0.01,59.2,63.0,61.6,1
Meghalaya,49.4,813.7,2,7.83,0.698,96.7,5.7,9.1,16.3,24.9,0.021,0.002,79.1,4.8,30.8,0
Arunachal Pradesh,39.16,3606.6,2,2.22,0.761,62.3,31.1,48.4,28.9,35.4,0.046,0.029,71.7,19.0,37.5,0
Meghalaya,34.53,1397.3,2,0.52,0.739,63.8,127.1,295.7,99.0,167.4,2.12,0.013,73.6,88.1,83.0,1
Manipur,12.67,401.3,3,20.73,0.704,46.9,85.3,216.2,94.9,140.9,0.831,0.017,31.6,69.5,56.2,0
Sikkim,50.22,1562.2,1,4.8,0.753,53.9,88.4,130.8,64.0,104.2,0.199,0.001,57.4,48.3,51.5,0
Sikkim,40.84,4117.4,1,18.13,0.742,9.9,22.7,60.9,38.0,62.6,0.004,0.011,32.8,24.4,27.3,0
Arunachal Pradesh,43.09,3553.0,3,2.97,0.641,35.0,86.5,125.7,64.3,78.7,0.022,0.004,67.0,46.6,53.7,1
Arunachal Pradesh,44.28,2550.5,2,2.26,0.495,50.7,103.6,224.1,76.5,102.1,0.016,0.016,82.9,60.6,68.4,0
Meghalaya,27.57,2058.2,1,1.28,0.759,27.5,110.7,234.9,75.3,128.1,0.001,0.018,39.5,60.3,53.1,1
Mizoram,41.84,1048.1,2,18.49,0.556,36.0,132.9,336.1,99.0,148.0,1.135,0.013,61.5,86.1,77.5,1
Arunachal Pradesh,41.76,2361.9,2,1.31,0.512,97.1,179.6,397.7,99.0,120.7,2.35,0.004,84.6,95.9,91.9,1
Assam,9.27,481.8,1,0.11,0.724,0.5,89.0,166.5,74.1,131.6,0.028,0.048,25.8,56.7,45.9,0
Nagaland,40.14,1532.5,2,3.23,0.775,30.3,123.3,272.8,99.0,155.5,1.673,0.02,66.3,80.4,75.4,1
Mizoram,31.83,1307.4,3,2.13,0.719,58.4,81.9,223.8,99.0,142.5,1.972,0.007,56.5,69.8,65.2,1
Nagaland,28.24,1522.0,2,1.36,0.806,27.9,19.2,30.2,45.2,78.7,0.124,0.022,60.1,24.0,36.6,0
Arunachal Pradesh,25.39,3514.5,1,4.53,0.713,67.6,42.2,97.8,45.8,58.6,0.055,0.029,32.5,29.3,30.4,0
Meghalaya,29.95,1331.5,2,2.04,0.58,29.9,28.4,46.5,33.3,59.4,0.095,0.018,60.4,20.7,34.6,0
Mizoram,29.2,1304.6,2,2.32,0.312,63.8,100.5,169.6,64.8,87.9,0.002,0.007,74.0,49.1,57.8,0
Nagaland,40.99,1253.8,1,0.1,0.607,85.0,3.1,8.6,25.6,39.4,0.011,0.036,55.6,9.6,25.7,0
Nagaland,28.68,1502.7,3,4.0,0.73,65.9,133.7,341.9,99.0,167.4,1.435,0.003,49.9,84.2,72.2,1
Sikkim,26.8,3440.5,2,0.59,0.691,5.0,27.9,74.7,52.1,70.8,0.093,0.038,60.2,28.8,39.8,1
Assam,23.66,592.4,2,1.08,0.306,79.5,29.5,47.7,32.2,44.2,0.035,0.001,72.8,17.4,36.8,0
Arunachal Pradesh,49.42,2157.4,3,5.68,0.674,21.3,219.4,434.1,99.0,153.9,0.015,0.021,65.5,86.6,79.2,1
Manipur,18.62,894.9,2,1.69,0.59,63.5,49.4,122.1,52.5,65.4,0.027,0.044,65.6,36.8,46.9,1
Tripura,32.33,887.6,1,0.8,0.748,64.7,138.3,319.1,99.0,163.8,0.508,0.014,47.0,80.5,68.8,1
Arunachal Pradesh,47.77,3707.5,2,3.88,0.803,80.4,35.6,57.4,32.9,45.6,0.012,0.029,79.9,20.5,41.3,0
Nagaland,42.11,1406.6,2,1.09,0.667,50.6,145.6,293.4,99.0,175.6,0.033,0.022,79.2,79.5,79.4,1
Arunachal Pradesh,42.93,2977.9,2,1.42,0.456,37.6,160.4,279.1,99.0,135.9,0.434,0.005,80.9,85.4,83.8,1
Sikkim,41.92,1503.1,2,4.37,0.533,51.8,117.4,220.0,72.1,127.2,0.075,0.017,72.6,64.2,67.1,1
Meghalaya,28.39,1195.4,2,6.06,0.67,54.6,10.5,28.2,28.0,35.6,0.002,0.007,63.4,11.6,29.7,0
Mizoram,44.29,1888.0,2,6.06,0.436,82.2,16.5,28.8,14.3,20.6,0.002,0.082,80.8,13.2,36.8,0
Assam,29.28,555.3,3,2.96,0.673,20.5,167.8,323.2,99.0,157.4,1.341,0.035,54.4,95.4,81.0,1
Mizoram,44.48,1498.1,2,2.73,0.717,84.7,126.1,268.0,97.0,131.6,0.144,0.041,76.1,75.3,75.6,1
Meghalaya,32.52,1651.9,2,6.97,0.632,36.6,37.3,55.9,38.5,63.5,0.004,0.074,63.4,27.1,39.8,1
Nagaland,30.5,1339.2,2,0.97,0.504,74.4,59.4,157.1,64.8,116.4,0.002,0.002,72.9,46.0,55.4,1
Assam,25.2,103.2,2,0.74,0.776,33.6,4.4,9.1,14.2,25.1,0.006,0.006,64.7,6.9,27.1,0
Arunachal Pradesh,34.99,2861.2,2,4.92,0.59,70.9,33.3,63.4,46.8,83.6,0.098,0.018,66.8,23.6,38.7,0
Tripura,20.51,823.8,1,2.37,0.706,79.9,7.2,14.9,19.6,24.1,0.024,0.0,37.9,7.5,18.1,0
Arunachal Pradesh,23.59,3622.7,2,5.57,0.724,55.8,102.6,240.6,98.3,153.6,0.088,0.003,61.2,69.4,66.5,1
Nagaland,34.57,1177.6,2,1.33,0.554,62.0,8.2,18.5,26.8,46.0,0.011,0.011,72.7,11.1,32.7,0
Sikkim,43.92,1959.0,2,1.77,0.736,70.8,8.2,18.0,17.4,30.0,0.055,0.027,74.5,6.5,30.3,0
Arunachal Pradesh,50.51,3943.9,3,10.21,0.485,68.8,215.7,394.0,99.0,147.7,0.281,0.038,61.9,92.9,82.1,1
Meghalaya,38.35,1909.3,2,2.46,0.649,72.7,15.9,32.0,23.3,28.1,0.087,0.019,79.6,14.6,37.3,0
Mizoram,39.63,1159.4,3,4.02,0.699,85.0,37.5,89.1,46.7,77.5,0.004,0.003,60.4,29.2,40.1,0
Sikkim,54.73,2687.4,3,0.51,0.718,22.1,0.9,2.4,15.4,27.2,0.012,0.002,76.3,3.4,28.9,0
Arunachal Pradesh,32.15,3382.8,3,0.89,0.708,21.5,73.9,117.6,61.0,73.4,0.06,0.013,62.5,37.0,45.9,0
Mizoram,26.04,1893.5,3,0.16,0.627,97.1,112.4,289.6,99.0,121.4,1.826,0.028,64.0,79.8,74.3,1
Manipur,21.78,748.6,2,2.49,0.664,85.1,139.0,349.7,99.0,164.8,0.428,0.002,68.5,85.7,79.7,1
Sikkim,29.83,2223.6,2,20.26,0.736,59.2,1.7,4.0,11.0,18.3,0.022,0.005,57.4,4.4,23.0,0
Arunachal Pradesh,41.69,2561.6,1,9.32,0.653,0.8,14.4,29.6,20.2,26.8,0.175,0.01,33.6,10.1,18.3,0
Meghalaya,25.5,1927.5,3,4.51,0.549,85.5,44.6,97.6,47.8,78.0,0.044,0.019,58.3,33.9,42.5,0
Arunachal Pradesh,31.62,3223.2,2,8.88,0.6,75.2,0.7,1.4,34.6,59.8,0.113,0.027,61.7,12.8,29.9,0
Nagaland,21.69,2085.3,2,4.06,0.645,95.6,3.5,7.5,5.0,6.8,0.025,0.015,63.0,2.9,23.9,0
Nagaland,34.46,1067.7,2,2.07,0.512,1.3,23.7,53.6,41.7,61.3,0.013,0.011,68.7,21.6,38.1,0
Mizoram,23.76,1085.3,2,0.86,0.634,2.9,101.9,213.0,96.8,144.5,0.036,0.001,64.5,62.8,63.4,0
Sikkim,43.35,2376.3,2,4.76,0.49,51.7,45.0,98.0,45.4,65.8,0.001,0.007,74.3,31.7,46.6,0
Nagaland,37.6,1302.8,2,0.97,0.708,85.6,8.6,20.1,28.3,39.5,0.083,0.01,81.5,7.8,33.6,0
Meghalaya,27.89,1471.9,3,2.43,0.559,99.1,227.4,404.9,99.0,177.6,0.693,0.002,61.3,89.5,79.7,1
Nagaland,38.63,1109.4,3,7.86,0.729,32.0,156.4,375.5,99.0,152.7,0.371,0.012,55.1,87.3,76.0,1
Mizoram,37.75,1501.4,3,0.62,0.582,3.6,7.2,19.9,16.4,26.8,0.03,0.019,60.9,13.7,30.3,0
Nagaland,40.47,1671.5,3,0.62,0.366,19.6,3.5,5.8,42.6,53.8,0.066,0.024,68.9,12.3,32.1,0
Mizoram,27.34,1466.4,1,1.14,0.417,87.7,24.6,66.0,32.7,49.3,0.054,0.013,46.3,16.7,27.1,0
Sikkim,32.02,3534.8,3,3.61,0.673,46.6,74.5,148.5,68.3,118.7,0.033,0.003,58.5,43.0,48.4,0
Assam,24.45,878.8,2,1.3,0.796,85.3,26.0,69.7,31.7,51.7,0.046,0.016,67.1,23.9,39.0,0
Meghalaya,33.97,1371.2,3,3.15,0.468,44.4,6.8,13.6,33.6,45.9,0.002,0.003,60.4,13.1,29.7,0
Mizoram,34.63,2174.5,1,1.62,0.659,5.3,30.2,72.4,23.2,39.5,0.017,0.006,45.4,20.2,29.0,0
Sikkim,50.85,1934.9,2,3.18,0.792,61.8,18.5,40.4,31.2,38.4,0.004,0.003,82.9,17.3,40.3,1
Mizoram,22.81,2172.6,3,1.46,0.689,43.6,31.4,76.8,40.4,72.4,0.066,0.002,51.7,27.5,36.0,0
Meghalaya,39.15,892.1,2,17.61,0.422,49.1,22.3,53.2,35.3,58.5,0.02,0.004,65.4,21.5,36.8,0
Arunachal Pradesh,44.99,3561.2,2,3.05,0.563,94.9,47.0,128.8,78.2,138.4,0.002,0.01,83.4,44.6,58.2,1
Arunachal Pradesh,43.94,2288.2,2,6.13,0.83,45.7,164.3,296.6,99.0,169.6,3.131,0.012,66.4,91.4,82.7,1
Mizoram,39.82,1485.6,2,5.43,0.7,79.7,97.9,264.5,85.6,142.3,0.656,0.02,71.6,68.8,69.8,0
Nagaland,31.49,1141.4,2,3.03,0.454,5.9,60.8,106.7,48.3,70.8,0.018,0.002,60.1,36.5,44.8,0
Meghalaya,25.06,1288.7,2,1.23,0.725,47.9,19.7,49.4,30.4,51.1,0.002,0.008,65.0,21.7,36.8,0
Sikkim,33.94,1706.7,1,3.22,0.773,58.7,26.8,55.8,52.9,65.9,0.04,0.029,43.4,28.3,33.6,0
Mizoram,27.82,2087.9,2,5.14,0.631,11.3,46.2,69.3,38.4,51.4,0.047,0.043,60.9,27.0,38.8,1
Arunachal Pradesh,17.79,2944.6,1,2.77,0.776,30.2,159.7,231.3,89.8,155.5,1.545,0.019,30.4,83.4,64.9,0
Meghalaya,36.9,1679.6,2,0.38,0.749,74.0,54.4,115.9,63.6,103.0,0.176,0.039,79.8,39.8,53.8,1
Arunachal Pradesh,36.28,1898.6,2,0.1,0.645,18.4,47.2,68.4,72.4,94.9,0.007,0.01,72.7,32.6,46.6,0
Arunachal Pradesh,37.53,1571.1,2,1.79,0.809,12.8,151.7,413.4,99.0,143.5,0.011,0.002,66.2,85.1,78.5,1
Arunachal Pradesh,34.42,1720.3,2,0.73,0.738,29.9,18.2,29.8,23.3,37.9,0.027,0.023,70.8,13.8,33.8,0
Sikkim,38.77,2800.3,2,10.65,0.614,85.9,41.4,86.1,37.4,62.8,0.093,0.027,71.5,28.2,43.3,0
Arunachal Pradesh,52.3,2684.9,3,0.87,0.668,76.3,9.9,19.1,20.4,34.9,0.092,0.002,78.2,12.2,35.3,0
Sikkim,25.36,4022.0,3,2.26,0.61,77.7,9.5,20.2,26.8,34.5,0.044,0.003,60.2,11.5,28.6,0
Meghalaya,45.31,2055.1,3,5.6,0.714,32.2,65.8,111.4,75.8,91.2,0.008,0.0,60.9,40.3,47.5,0
Meghalaya,34.39,1005.6,2,7.6,0.759,9.9,21.5,56.1,50.6,64.8,0.027,0.02,57.6,23.4,35.3,0
Sikkim,34.94,1877.0,2,2.92,0.758,3.2,35.4,50.2,30.1,45.0,0.004,0.009,62.2,21.6,35.8,0
Nagaland,30.27,1517.6,1,0.9,0.792,58.6,15.6,34.3,44.2,77.4,0.001,0.011,49.7,16.7,28.3,0
Arunachal Pradesh,31.48,4152.7,2,1.42,0.745,70.2,12.1,22.8,34.1,44.9,0.092,0.001,66.9,16.5,34.2,0
Meghalaya,19.51,1019.4,3,2.44,0.725,37.8,68.1,115.8,69.9,116.2,0.118,0.0,49.9,44.5,46.4,0
Arunachal Pradesh,30.15,2359.9,2,2.04,0.502,52.9,71.1,120.9,73.5,118.2,0.071,0.009,68.5,48.5,55.5,1
Arunachal Pradesh,38.8,2924.3,2,1.93,0.769,27.9,81.4,134.9,47.1,83.8,0.05,0.023,71.2,40.8,51.5,0
Meghalaya,31.04,890.9,2,0.64,0.673,36.4,86.7,194.6,75.8,104.2,0.009,0.0,68.8,60.7,63.6,1
Meghalaya,35.94,1343.4,2,11.0,0.738,73.0,115.9,306.9,99.0,159.5,0.169,0.0,60.9,80.0,73.3,1
Manipur,17.53,656.3,1,0.14,0.528,71.8,74.5,145.8,64.4,78.5,0.022,0.002,34.8,45.8,42.0,0
Meghalaya,28.21,894.4,2,2.61,0.781,2.8,19.1,31.2,36.1,48.5,0.031,0.057,57.3,17.2,31.2,0
Assam,33.85,479.7,2,17.68,0.559,94.4,2.4,3.6,10.6,16.7,0.034,0.031,60.9,0.0,21.3,0
Arunachal Pradesh,31.68,1551.6,2,4.85,0.455,26.9,52.6,134.0,66.8,119.1,0.003,0.006,64.2,37.9,47.1,0
Arunachal Pradesh,32.16,2782.5,2,1.98,0.811,90.8,10.0,17.1,22.1,31.8,0.037,0.002,69.5,9.7,30.6,0
Arunachal Pradesh,47.34,2548.9,3,0.71,0.513,51.2,27.0,65.6,41.7,66.6,0.1,0.002,75.2,27.1,43.9,0
Arunachal Pradesh,44.96,3364.1,3,14.94,0.364,49.9,8.1,17.2,44.6,55.5,0.104,0.008,62.4,19.1,34.2,0
Meghalaya,29.94,1003.6,3,0.1,0.788,45.1,22.4,51.2,36.2,43.6,0.017,0.003,61.3,17.3,32.7,0
Mizoram,38.34,1780.0,2,5.15,0.718,92.2,159.0,350.8,99.0,127.7,0.908,0.005,72.7,84.6,80.4,1
Arunachal Pradesh,39.79,1901.4,2,9.55,0.671,20.8,42.7,116.8,53.9,83.5,0.027,0.009,63.6,35.7,45.5,0
Assam,17.59,508.7,3,0.11,0.491,61.2,7.2,11.1,5.0,8.4,0.142,0.012,53.5,5.5,22.3,0
Manipur,24.47,573.5,1,5.81,0.49,31.8,58.2,135.1,63.0,89.3,0.001,0.001,36.2,38.7,37.8,0
Sikkim,38.94,2795.8,1,30.0,0.559,91.5,84.7,132.3,68.2,110.5,0.067,0.042,42.9,49.3,47.1,0
Arunachal Pradesh,23.25,3132.7,2,4.59,0.763,16.9,8.2,13.7,31.3,46.5,0.097,0.001,57.4,14.0,29.2,0
Arunachal Pradesh,44.34,2149.5,2,2.41,0.797,67.6,61.3,143.7,61.0,103.1,0.041,0.052,82.3,43.5,57.1,0
Arunachal Pradesh,37.7,2239.9,1,9.34,0.756,42.2,35.8,81.2,38.7,48.9,0.028,0.006,32.0,24.0,26.8,0
Arunachal Pradesh,51.48,2865.0,3,3.64,0.672,66.1,41.7,86.8,65.7,101.9,0.013,0.006,72.0,37.2,49.4,1
Meghalaya,38.69,1771.9,2,6.23,0.743,15.8,125.9,312.5,99.0,174.1,0.84,0.046,66.2,84.1,77.8,1
Sikkim,40.45,1878.1,2,3.99,0.649,39.4,1.7,4.0,5.0,6.3,0.113,0.015,67.2,0.6,23.9,0
Sikkim,35.73,2582.2,2,0.18,0.561,10.7,45.8,67.9,43.3,58.8,0.005,0.007,71.0,24.0,40.4,0
Tripura,20.5,702.8,2,1.08,0.74,96.9,3.8,8.9,28.0,38.2,0.124,0.015,67.7,7.7,28.7,0
Mizoram,26.48,2117.7,1,0.37,0.571,21.4,152.0,295.2,99.0,157.6,4.657,0.08,38.2,98.4,77.3,1
Assam,21.73,939.4,1,0.51,0.736,99.3,101.9,209.9,95.0,158.6,0.954,0.039,43.1,71.8,61.8,0
Arunachal Pradesh,52.24,2791.8,2,0.1,0.7,41.8,4.1,8.7,26.8,42.5,0.07,0.005,85.8,7.0,34.6,0
Sikkim,55.44,2606.9,3,2.46,0.663,7.2,74.2,138.7,49.6,72.8,0.034,0.001,79.3,34.5,50.2,0
Meghalaya,41.15,1973.9,2,0.89,0.699,1.8,140.2,284.3,99.0,133.7,0.162,0.03,68.3,78.9,75.2,1
Arunachal Pradesh,39.95,3450.0,2,8.71,0.562,59.9,117.5,256.8,99.0,174.0,0.77,0.003,70.7,77.6,75.2,1
Arunachal Pradesh,26.79,3940.7,2,6.24,0.692,61.5,261.3,387.3,99.0,129.6,0.691,0.018,63.6,94.1,83.4,1
Mizoram,32.16,1700.4,2,3.83,0.657,52.5,225.8,497.4,99.0,164.5,1.237,0.02,63.5,91.9,82.0,1
Mizoram,39.19,1351.9,2,3.02,0.667,6.6,31.2,58.9,26.7,34.5,0.222,0.006,72.3,16.7,36.2,0
Sikkim,45.66,4012.9,1,1.33,0.58,33.2,169.6,373.3,99.0,143.9,0.41,0.017,53.5,89.8,77.1,1
Meghalaya,31.51,2053.6,3,2.9,0.807,35.9,100.3,202.9,88.5,122.2,3.889,0.015,58.3,71.8,67.1,0
Sikkim,36.74,2900.3,2,4.61,0.757,70.5,4.6,7.7,12.0,16.5,0.011,0.024,75.7,6.0,30.4,0
Arunachal Pradesh,42.09,3603.6,2,6.86,0.52,41.9,75.4,117.0,59.4,82.3,0.058,0.046,67.5,42.3,51.1,0
Sikkim,39.22,2730.4,2,0.38,0.712,57.3,56.1,147.2,60.2,102.0,0.009,0.003,74.7,42.7,53.9,0
Arunachal Pradesh,38.15,3427.6,3,5.55,0.573,28.6,6.5,12.7,40.4,54.1,0.059,0.017,56.8,11.1,27.1,0
Arunachal Pradesh,37.75,3813.9,2,6.11,0.652,72.6,60.3,136.3,59.6,79.5,0.008,0.016,76.4,41.5,53.7,0
Assam,28.78,591.5,1,3.68,0.705,4.7,29.9,45.4,32.2,45.1,0.104,0.014,39.9,22.3,28.4,0
Mizoram,25.62,1350.8,3,1.09,0.587,98.9,86.5,170.9,72.0,114.6,0.127,0.01,63.8,53.3,57.0,1
Nagaland,30.56,1827.5,2,3.49,0.727,64.1,191.8,458.6,99.0,151.7,0.299,0.091,61.4,93.9,82.5,1
Sikkim,36.71,2459.1,1,3.14,0.719,14.9,260.6,718.4,99.0,144.0,0.702,0.027,40.5,93.5,75.0,1
Sikkim,40.18,1915.7,1,2.91,0.632,71.7,3.5,7.7,27.3,48.2,0.035,0.026,56.0,12.1,27.5,0
Sikkim,38.96,3230.6,3,2.78,0.809,78.7,55.7,91.7,54.6,71.1,0.005,0.026,71.4,34.0,47.1,0
Arunachal Pradesh,38.4,3166.1,3,0.53,0.67,78.9,141.0,199.9,72.8,92.6,0.033,0.002,69.2,62.4,64.8,1
Arunachal Pradesh,30.72,3469.7,3,0.91,0.637,27.1,67.3,127.6,59.8,78.1,0.03,0.003,57.5,37.0,44.2,0
Nagaland,32.78,1642.9,3,0.46,0.461,95.9,41.5,81.7,61.0,95.4,0.013,0.004,70.5,30.4,44.4,0
Mizoram,37.03,1897.5,2,1.25,0.821,1.8,30.8,64.6,48.1,80.6,0.055,0.008,72.0,27.6,43.1,0
Meghalaya,34.04,1893.3,2,1.38,0.686,38.0,0.2,0.3,24.9,40.9,0.0,0.009,68.4,7.7,28.9,0
Meghalaya,25.51,1442.8,2,1.27,0.793,10.4,42.0,101.5,44.2,77.2,0.087,0.006,62.5,30.3,41.6,0
Assam,21.16,808.8,3,1.07,0.605,38.5,105.8,245.3,99.0,162.3,0.563,0.013,49.0,70.1,62.7,1
Arunachal Pradesh,39.1,2853.1,2,5.98,0.752,5.7,18.2,25.9,20.2,36.3,0.009,0.027,63.6,14.2,31.5,0
Sikkim,35.94,2496.0,3,7.68,0.575,64.5,279.4,521.7,99.0,151.4,0.684,0.005,55.1,90.6,78.2,0
Sikkim,40.57,2366.8,1,1.78,0.759,6.2,54.2,103.9,52.6,94.5,0.067,0.004,45.4,35.2,38.8,0
Nagaland,28.41,1171.5,3,1.64,0.47,61.6,34.9,62.8,53.4,81.3,0.033,0.057,57.9,30.0,39.8,0
Tripura,24.59,426.2,2,8.36,0.483,23.4,91.4,165.8,73.7,92.0,0.039,0.003,53.8,47.6,49.8,0
Sikkim,54.77,3232.0,3,4.4,0.654,17.9,11.6,23.3,14.9,25.0,0.003,0.061,69.1,10.7,31.2,0
Manipur,25.13,306.4,1,1.56,0.757,34.7,43.5,103.7,48.9,84.6,0.06,0.023,40.0,34.5,36.4,0
Nagaland,27.36,1022.4,1,5.63,0.788,64.1,88.8,208.3,71.8,105.5,0.051,0.02,35.5,53.9,47.4,0
Sikkim,44.0,1993.1,1,1.9,0.722,57.8,5.9,11.7,10.6,13.7,0.008,0.033,57.1,6.1,24.0,0
Sikkim,46.15,1813.9,2,3.97,0.607,68.0,12.1,27.5,18.6,32.8,0.004,0.001,77.7,10.2,33.8,0
Sikkim,41.95,2383.6,2,22.1,0.723,91.9,3.9,5.8,14.2,24.7,0.015,0.003,66.2,5.7,26.9,0
Tripura,23.41,692.4,3,1.62,0.734,20.3,219.8,544.6,99.0,134.4,0.688,0.002,46.9,88.5,73.9,1
Arunachal Pradesh,38.17,1550.6,2,12.0,0.549,41.3,39.1,79.0,44.5,57.9,0.017,0.025,62.7,22.6,36.6,0
Nagaland,24.52,1348.2,1,1.74,0.743,26.6,144.5,220.5,79.2,99.4,0.037,0.001,36.6,70.8,58.9,0
Sikkim,37.6,2638.5,1,3.5,0.781,58.6,104.3,200.5,83.9,111.8,1.4,0.0,42.1,60.9,54.3,0
Nagaland,26.4,1422.1,1,2.77,0.658,28.3,26.9,64.2,33.7,57.1,0.141,0.002,36.6,17.5,24.2,0
Meghalaya,31.08,1859.1,3,6.88,0.809,55.8,67.3,105.8,41.5,64.3,0.023,0.002,50.5,34.5,40.1,0
Meghalaya,28.98,1316.5,3,0.28,0.773,82.3,111.8,284.2,99.0,147.5,1.307,0.001,65.9,77.5,73.5,1
Nagaland,25.98,1392.5,3,4.44,0.668,55.1,5.0,11.9,16.1,28.0,0.001,0.01,55.0,3.7,21.6,0
Nagaland,41.92,1589.4,2,6.43,0.669,83.8,16.0,24.3,33.8,47.5,0.033,0.04,73.0,17.5,36.9,0
Manipur,20.55,954.2,1,2.88,0.56,61.1,9.4,26.1,34.2,50.6,0.016,0.027,32.5,11.2,18.7,0
Arunachal Pradesh,34.6,4172.3,1,0.5,0.655,87.0,25.7,70.0,42.2,74.8,0.009,0.028,49.4,28.2,35.7,0
Mizoram,11.62,1702.9,2,1.26,0.671,93.0,34.0,53.9,64.3,87.8,0.043,0.001,54.6,28.2,37.4,0
Arunachal Pradesh,25.72,3000.2,3,5.12,0.784,50.8,57.5,96.8,50.2,81.0,0.005,0.02,52.7,34.6,41.0,1
Sikkim,45.67,3515.0,1,10.16,0.515,79.1,93.8,177.0,73.9,96.1,0.047,0.009,45.7,49.3,48.0,0
Meghalaya,34.27,1495.6,1,2.46,0.335,46.9,35.2,97.9,39.6,60.7,0.116,0.081,52.4,31.4,38.8,0
Sikkim,56.26,2730.4,3,3.7,0.743,70.5,30.2,72.1,56.9,97.3,0.005,0.005,76.2,26.9,44.2,0
Meghalaya,27.89,1440.9,2,1.17,0.709,3.8,38.6,103.4,60.4,83.3,0.184,0.005,67.2,34.7,46.1,0
Tripura,27.93,350.9,2,2.39,0.756,96.7,98.7,176.3,83.0,108.3,0.699,0.003,67.8,58.2,61.5,1
Arunachal Pradesh,37.6,2911.1,3,1.85,0.722,89.4,47.1,123.2,50.5,87.1,0.013,0.019,72.6,31.9,46.1,0
Mizoram,26.73,2141.6,1,4.8,0.748,89.3,192.8,299.7,99.0,129.4,0.528,0.014,39.8,89.0,71.8,1
Sikkim,35.49,3807.6,3,18.81,0.674,28.1,57.2,159.8,69.2,120.7,0.032,0.007,47.7,47.4,47.5,0
Arunachal Pradesh,39.77,2438.5,1,7.55,0.451,28.3,204.5,316.9,99.0,161.8,0.03,0.019,48.0,90.3,75.5,0
Arunachal Pradesh,34.61,4186.1,1,0.96,0.631,40.3,76.4,153.6,69.1,90.0,0.059,0.013,47.5,48.7,48.3,0
Assam,13.78,611.1,2,3.88,0.767,88.0,18.8,47.8,35.5,61.7,0.117,0.015,53.3,13.5,27.4,0
Manipur,15.29,851.6,1,0.31,0.7,85.9,86.7,224.7,86.9,117.1,1.426,0.007,36.0,65.8,55.3,1
Manipur,23.67,155.3,2,1.28,0.632,28.9,28.4,74.0,35.6,48.2,0.028,0.019,60.4,22.8,35.9,0
Tripura,14.61,927.0,2,0.85,0.632,54.2,84.5,152.3,63.0,104.2,0.001,0.047,59.3,50.9,53.8,0
Arunachal Pradesh,12.89,4127.9,2,1.84,0.748,47.5,106.3,247.1,99.0,155.4,1.342,0.003,53.4,76.2,68.3,1
Sikkim,33.55,4174.0,2,5.11,0.597,65.1,133.7,226.6,99.0,168.0,1.4,0.0,63.4,79.1,73.6,0
Mizoram,25.93,1508.6,2,3.11,0.689,21.4,57.1,119.5,66.4,95.3,0.072,0.038,62.8,37.0,46.0,1
Meghalaya,34.44,1540.8,1,12.16,0.666,8.5,6.8,17.7,36.2,59.2,0.018,0.032,24.8,16.2,19.2,0
Sikkim,61.26,1550.6,3,1.08,0.734,2.7,17.6,34.8,18.5,28.4,0.11,0.006,75.0,16.0,36.7,0
Sikkim,42.83,3420.3,3,2.04,0.759,38.1,36.7,57.0,42.1,63.7,0.117,0.035,61.1,26.7,38.7,0
Mizoram,27.59,1598.3,1,1.8,0.755,94.7,0.2,0.2,9.8,15.4,0.024,0.023,49.8,0.7,17.8,0
Meghalaya,34.44,1595.7,2,1.21,0.766,68.5,84.6,224.9,89.6,156.6,0.326,0.032,75.8,65.6,69.1,1
Arunachal Pradesh,33.11,3191.6,2,22.44,0.737,74.9,20.8,32.6,31.2,49.3,0.117,0.049,59.1,23.6,36.1,0
Meghalaya,33.77,1193.1,1,2.2,0.465,94.5,57.8,151.9,66.0,100.8,0.055,0.009,51.8,42.7,45.9,0
Meghalaya,42.87,1787.9,2,12.7,0.745,42.2,164.8,252.3,99.0,177.3,0.466,0.033,61.0,89.1,79.3,1
Meghalaya,32.28,966.5,2,2.23,0.319,47.4,35.7,62.1,26.4,44.8,0.006,0.025,72.2,19.1,37.7,0
Arunachal Pradesh,41.55,1923.3,1,1.03,0.628,36.0,70.3,170.0,51.5,62.2,0.006,0.017,47.1,46.2,46.5,1
Nagaland,32.57,1994.1,1,0.57,0.748,18.1,168.4,277.0,97.1,130.4,0.302,0.056,46.3,89.7,74.5,1
Arunachal Pradesh,46.47,2261.3,3,8.71,0.642,76.6,20.1,52.9,33.6,49.2,0.019,0.022,64.6,15.5,32.7,0
Sikkim,44.26,2277.3,2,0.15,0.726,90.7,197.2,338.2,99.0,145.1,0.428,0.018,86.3,92.4,90.3,1
Nagaland,30.22,888.2,1,15.01,0.68,81.4,45.5,87.1,50.3,89.1,0.179,0.017,36.7,34.0,34.9,0
Meghalaya,37.16,1640.8,3,2.44,0.603,4.8,7.9,20.5,38.0,52.5,0.022,0.018,48.6,17.8,28.6,0
Sikkim,40.22,3232.7,3,1.28,0.756,29.9,66.7,125.4,39.8,70.9,0.012,0.045,63.9,38.9,47.6,0
Mizoram,29.68,2024.6,2,4.32,0.383,59.2,50.7,112.9,63.2,77.1,0.066,0.007,67.2,39.2,49.0,0
Meghalaya,29.79,1333.5,3,0.64,0.607,32.7,15.1,27.9,32.0,55.8,0.074,0.025,54.8,12.0,27.0,0
Nagaland,33.62,1884.4,2,0.34,0.834,15.0,83.0,171.9,73.7,116.6,0.102,0.005,69.5,55.2,60.2,0
Nagaland,34.82,1830.0,2,7.92,0.786,53.8,21.1,43.4,32.6,47.1,0.006,0.006,65.2,15.7,33.0,1
Mizoram,31.51,821.7,2,2.49,0.544,52.1,36.2,74.8,50.9,91.4,0.013,0.021,67.0,29.6,42.7,0
Meghalaya,34.99,2011.0,3,3.29,0.558,71.0,18.9,36.2,41.0,73.7,0.095,0.015,57.2,20.6,33.4,0
Arunachal Pradesh,32.44,2948.1,1,0.87,0.607,100.0,58.0,139.8,61.9,89.9,0.066,0.047,52.4,46.1,48.3,0
Sikkim,30.04,2425.8,2,0.29,0.637,64.8,39.2,73.6,49.1,64.6,0.059,0.022,72.3,24.8,41.4,0
Sikkim,26.7,2382.0,2,2.06,0.52,31.7,28.6,45.5,23.8,35.1,0.049,0.01,62.9,16.7,32.8,0
Mizoram,36.17,2060.6,2,3.17,0.748,95.6,0.9,2.1,34.9,59.4,0.108,0.003,76.5,12.4,34.8,0
Meghalaya,22.16,1229.9,2,6.53,0.456,57.1,137.8,246.6,99.0,160.6,1.328,0.002,60.4,82.1,74.5,1
Sikkim,41.54,3502.8,2,3.13,0.806,64.6,185.4,269.6,99.0,122.3,0.058,0.014,72.6,85.8,81.2,1
Arunachal Pradesh,34.72,4013.3,1,6.87,0.694,35.8,9.0,13.2,38.9,51.8,0.021,0.017,35.0,15.2,22.1,0
Meghalaya,30.43,1558.0,2,0.55,0.667,45.2,18.2,37.9,41.1,60.9,0.079,0.013,71.2,19.9,37.9,0
Sikkim,36.21,3159.0,2,0.3,0.299,41.9,95.0,261.7,99.0,175.7,2.631,0.011,75.6,78.3,77.3,1
Nagaland,49.36,1052.5,3,0.78,0.734,93.6,35.8,54.1,27.1,42.5,0.05,0.016,79.9,20.2,41.1,0
Arunachal Pradesh,33.78,2795.0,2,6.65,0.613,81.0,25.7,47.9,24.5,30.1,0.015,0.011,66.9,15.2,33.3,0
Mizoram,26.33,1751.2,2,6.41,0.76,9.1,252.5,367.3,99.0,141.6,0.316,0.001,53.2,92.2,78.5,1
Assam,31.41,506.1,3,0.69,0.694,31.4,75.2,171.7,74.0,129.0,0.001,0.003,53.0,45.2,47.9,0
Arunachal Pradesh,27.43,2609.4,1,0.14,0.808,5.6,4.6,10.2,23.6,35.4,0.114,0.002,43.1,8.2,20.4,0
Meghalaya,24.63,832.3,1,5.2,0.832,51.7,88.1,158.4,83.1,104.6,0.775,0.008,33.5,59.2,50.2,0
Arunachal Pradesh,45.85,2457.5,2,8.7,0.363,27.9,121.0,298.2,92.5,144.3,0.716,0.001,69.2,80.9,76.8,1
Mizoram,35.16,864.4,1,6.31,0.587,7.3,8.6,12.5,19.2,30.9,0.079,0.007,39.8,10.0,20.5,0
Meghalaya,29.77,1834.0,2,1.02,0.59,77.2,3.5,5.6,27.6,45.5,0.025,0.002,69.9,8.0,29.7,0
Sikkim,30.23,2293.6,1,3.94,0.591,9.1,29.5,43.8,31.8,44.6,0.064,0.015,38.0,18.5,25.3,0
Meghalaya,19.2,964.9,1,6.37,0.519,27.2,46.6,87.2,52.5,85.0,0.005,0.05,29.0,30.7,30.1,0
Manipur,29.7,397.3,2,1.33,0.476,77.2,63.1,132.9,49.9,69.4,0.062,0.022,71.3,39.7,50.8,0
Arunachal Pradesh,44.29,1823.4,2,3.38,0.549,51.2,1.2,2.2,22.2,33.5,0.13,0.002,74.9,6.3,30.3,1
Arunachal Pradesh,50.62,1941.0,3,1.7,0.756,81.7,8.8,16.2,14.6,17.7,0.14,0.001,71.8,9.3,31.2,0
Manipur,26.71,414.5,3,1.15,0.575,41.4,43.7,96.3,54.6,87.6,0.014,0.031,54.2,35.1,41.8,0
Meghalaya,35.51,1633.4,1,15.72,0.631,81.5,33.6,58.3,38.5,54.9,0.039,0.002,44.1,19.3,28.0,0
Manipur,16.87,118.2,2,10.97,0.712,53.8,2.4,4.2,12.8,20.7,0.008,0.052,39.3,6.8,18.1,1
Mizoram,25.62,1875.6,1,2.65,0.635,8.8,226.1,601.9,99.0,176.1,1.674,0.005,37.4,98.2,76.9,1
Nagaland,40.57,1791.7,2,0.66,0.72,47.1,63.9,154.6,75.3,94.1,0.018,0.013,76.3,46.4,56.8,1
Meghalaya,29.32,1960.2,3,5.86,0.825,55.4,20.0,42.1,32.1,55.0,0.033,0.012,55.3,17.4,30.6,0
Nagaland,25.96,2160.7,2,1.33,0.676,61.2,34.6,82.5,57.3,76.8,0.003,0.032,68.7,31.3,44.4,0
Manipur,16.48,745.6,1,0.83,0.597,92.8,21.1,42.6,32.3,43.5,0.02,0.009,38.6,21.2,27.3,0
Meghalaya,41.06,909.2,2,2.16,0.784,18.4,27.3,73.2,45.6,60.9,0.17,0.007,78.0,27.8,45.4,0
Arunachal Pradesh,31.41,3031.8,1,3.4,0.786,60.6,40.8,67.2,46.1,59.1,0.061,0.015,40.8,25.6,30.9,0
Sikkim,35.33,2137.1,2,0.46,0.78,75.2,22.9,37.5,45.6,60.0,0.013,0.013,75.0,21.4,40.2,0
Arunachal Pradesh,37.61,2268.9,2,3.82,0.781,89.0,43.6,64.7,45.2,74.4,0.002,0.032,75.2,28.0,44.5,0
Sikkim,40.43,2154.5,2,0.1,0.564,52.5,28.2,46.5,39.1,64.9,0.055,0.032,80.9,20.1,41.4,1
Sikkim,30.82,2249.6,3,10.01,0.582,21.4,48.2,82.3,43.1,76.6,0.127,0.017,47.5,30.0,36.1,0
Meghalaya,31.45,1349.0,2,11.41,0.465,81.8,13.7,35.6,36.6,46.2,0.044,0.079,59.7,19.5,33.6,0
Mizoram,38.61,1813.4,3,5.94,0.68,90.5,8.4,17.8,25.4,32.8,0.028,0.036,60.7,10.4,28.0,0
Meghalaya,47.05,1246.0,3,2.83,0.55,10.6,0.6,1.0,31.3,54.2,0.088,0.006,64.1,6.8,26.9,0
Mizoram,24.97,1881.4,2,1.32,0.665,23.0,41.5,107.5,57.6,88.7,0.036,0.001,59.6,32.1,41.7,0
Arunachal Pradesh,30.6,4085.2,2,6.13,0.55,87.1,177.8,267.9,99.0,151.2,0.876,0.019,66.4,93.0,83.7,1
Arunachal Pradesh,31.67,2738.3,1,12.08,0.555,48.4,24.5,44.1,31.5,52.4,0.055,0.005,34.5,18.0,23.8,0
Arunachal Pradesh,43.69,2267.9,2,0.78,0.765,16.9,10.8,29.2,33.5,51.3,0.002,0.021,80.7,16.2,38.7,0
Meghalaya,25.39,1174.1,2,2.82,0.472,64.5,0.6,1.6,28.1,34.7,0.048,0.003,70.8,12.7,33.1,0
Arunachal Pradesh,37.05,3138.8,1,1.7,0.548,45.8,32.4,62.1,45.2,78.6,0.026,0.036,50.8,25.9,34.6,0
Sikkim,36.21,1832.3,2,1.99,0.747,96.8,221.4,559.5,99.0,126.8,0.421,0.007,72.3,90.3,84.0,1
Sikkim,57.23,3791.6,3,2.34,0.743,22.3,185.5,300.1,99.0,147.3,0.525,0.005,73.4,91.3,85.1,1
Nagaland,28.47,1121.8,3,13.65,0.642,36.2,4.8,12.7,35.3,50.1,0.084,0.008,44.4,19.5,28.2,0
Arunachal Pradesh,33.25,3327.3,2,1.35,0.498,16.6,76.3,191.4,72.3,102.9,0.012,0.027,74.4,51.2,59.3,1
Mizoram,36.68,1402.9,2,3.05,0.792,5.0,8.6,19.9,40.6,55.7,0.024,0.018,65.9,12.8,31.4,0
Mizoram,34.41,1104.9,3,13.62,0.318,27.4,74.6,191.9,86.0,152.6,1.883,0.001,53.3,64.5,60.6,1
Nagaland,27.66,1047.3,2,2.91,0.552,82.0,217.6,476.1,99.0,123.8,0.303,0.002,69.9,85.4,80.0,1
Assam,28.24,310.6,1,8.96,0.67,26.7,136.7,254.9,99.0,166.5,1.91,0.035,29.4,83.0,64.2,1
Arunachal Pradesh,27.22,1995.9,2,0.27,0.679,69.6,12.2,28.4,22.9,32.9,0.003,0.018,73.1,14.2,34.8,0
Arunachal Pradesh,37.87,2657.3,3,13.76,0.624,52.6,2.6,6.1,24.8,30.6,0.029,0.007,55.6,10.3,26.1,0
Manipur,18.37,310.5,1,0.93,0.649,52.0,190.9,422.3,99.0,152.8,0.002,0.008,35.5,91.9,72.2,1
Meghalaya,31.3,1903.5,2,17.59,0.838,78.2,1.2,3.0,21.8,31.0,0.039,0.009,53.3,6.7,23.0,0
Meghalaya,27.6,1801.4,2,0.87,0.649,61.8,44.3,65.3,37.5,50.0,0.049,0.002,68.1,26.6,41.1,0
Mizoram,31.45,2186.6,3,2.64,0.483,16.0,36.8,84.4,30.9,43.9,0.051,0.006,55.5,22.9,34.3,0
Mizoram,33.61,1153.7,3,1.66,0.779,22.1,21.5,47.4,33.4,59.7,0.001,0.007,55.1,21.7,33.4,0
Assam,7.03,420.2,2,2.56,0.368,54.4,27.9,47.6,37.0,61.3,0.023,0.063,50.7,24.3,33.6,0
Tripura,17.47,858.1,3,1.3,0.556,84.5,207.7,316.1,99.0,167.5,0.02,0.003,53.9,91.2,78.1,1
Nagaland,26.84,926.1,1,15.13,0.664,15.2,8.3,17.0,39.9,60.5,0.063,0.004,22.5,14.9,17.6,0
Sikkim,57.36,4190.7,1,1.64,0.541,10.7,192.1,337.3,99.0,136.4,0.642,0.041,60.5,96.2,83.7,1
Manipur,30.91,466.1,3,4.77,0.657,51.8,46.6,115.7,50.7,77.5,0.129,0.05,57.5,35.5,43.2,1
Arunachal Pradesh,41.97,2978.8,2,0.67,0.748,18.9,49.0,102.3,50.1,76.5,0.003,0.027,74.4,35.6,49.2,0
Sikkim,31.31,3639.0,1,7.83,0.516,99.4,19.1,52.4,40.4,52.0,0.004,0.003,44.4,15.4,25.6,0
Manipur,17.18,155.8,2,3.52,0.476,0.4,11.0,30.1,52.7,84.2,0.016,0.012,56.0,20.0,32.6,0
Sikkim,35.99,2888.3,3,17.48,0.614,44.9,47.3,124.7,80.4,134.2,0.631,0.016,51.9,44.7,47.2,0
Sikkim,33.84,2596.9,3,2.48,0.637,16.3,109.7,250.4,99.0,151.4,0.882,0.016,56.9,75.0,68.6,1
Arunachal Pradesh,42.62,2141.2,3,0.98,0.692,68.1,167.8,375.6,99.0,142.4,0.954,0.026,74.5,89.1,84.0,1
Manipur,29.61,336.0,2,1.91,0.658,63.0,29.5,50.3,21.8,34.4,0.085,0.014,69.3,16.0,34.7,0
Meghalaya,13.24,1207.7,3,6.01,0.729,80.7,141.7,340.6,99.0,150.7,4.527,0.022,38.7,92.2,73.5,1
Mizoram,29.95,1930.5,2,4.84,0.761,56.3,19.3,51.8,44.1,55.1,0.137,0.076,68.8,23.4,39.3,0
Sikkim,56.22,2011.0,2,6.78,0.699,18.9,74.7,137.4,68.0,96.9,0.036,0.006,73.6,49.2,57.7,1
Nagaland,30.2,1546.9,3,0.34,0.723,5.3,13.3,34.2,40.0,70.2,0.118,0.008,54.3,18.1,30.8,0
Nagaland,34.01,1893.2,2,3.91,0.825,72.2,32.4,63.9,51.9,64.2,0.074,0.005,68.3,30.7,43.8,0
Sikkim,21.18,3576.1,1,12.11,0.763,44.0,131.2,359.0,99.0,135.7,0.105,0.006,17.5,83.2,60.2,1
Sikkim,49.55,4041.5,2,0.51,0.629,22.2,93.8,183.7,84.5,144.8,3.675,0.004,82.4,65.3,71.3,1
Arunachal Pradesh,29.33,3189.3,2,0.45,0.448,25.2,15.0,37.1,39.6,47.6,0.03,0.005,66.2,18.0,34.8,0
Tripura,22.65,194.4,1,5.67,0.732,14.9,52.2,132.2,51.2,90.4,0.022,0.037,25.5,39.4,34.5,0
Mizoram,25.94,2021.0,1,1.7,0.679,28.4,185.4,444.2,99.0,159.7,0.095,0.007,37.9,86.9,69.8,1
Assam,5.65,151.3,2,4.84,0.686,79.2,17.9,34.7,30.7,43.9,0.003,0.054,50.8,17.3,29.0,0
Sikkim,40.95,2528.1,1,3.55,0.78,62.1,13.2,21.4,35.6,43.4,0.205,0.04,47.1,18.6,28.6,0
Nagaland,37.35,1352.8,3,19.23,0.531,98.7,73.3,112.9,60.4,74.1,0.022,0.002,58.5,39.1,45.9,0
Nagaland,31.69,1399.4,2,9.89,0.544,52.4,32.1,49.2,47.3,65.2,0.058,0.024,61.2,25.7,38.1,1
Mizoram,24.1,1036.0,1,5.1,0.838,52.1,42.5,105.4,64.9,103.6,0.155,0.008,33.1,39.2,37.1,0
Assam,34.36,116.7,2,1.37,0.736,19.1,147.3,284.7,99.0,122.8,0.078,0.008,63.7,81.7,75.4,1
Sikkim,44.14,1787.2,3,1.37,0.688,58.6,22.8,44.1,43.1,74.5,0.046,0.013,65.9,16.6,33.9,1
Arunachal Pradesh,39.6,2069.6,1,9.63,0.682,60.8,75.8,127.5,80.8,138.5,1.138,0.003,40.5,56.9,51.2,1
Mizoram,40.17,1177.0,1,3.96,0.758,20.7,45.8,77.9,50.2,68.9,0.017,0.053,44.1,28.7,34.1,0
Nagaland,28.57,2034.9,3,7.01,0.442,8.8,40.5,78.3,30.2,39.8,0.009,0.067,48.4,21.8,31.1,0
Meghalaya,45.58,1314.8,2,2.69,0.496,36.9,103.3,175.4,84.0,122.4,4.158,0.003,82.5,71.0,75.0,1
Arunachal Pradesh,44.31,3611.4,3,0.49,0.717,17.2,109.6,250.6,96.4,132.0,0.481,0.005,68.0,70.2,69.4,1
Meghalaya,39.41,1856.9,2,1.82,0.785,50.3,164.3,425.8,99.0,175.3,0.068,0.0,73.2,88.5,83.2,1
Sikkim,35.34,2896.3,1,0.79,0.735,52.6,28.8,67.8,45.4,70.4,0.055,0.006,49.8,18.5,29.4,0
Meghalaya,24.7,1977.0,1,6.85,0.552,60.8,62.7,113.9,51.6,84.7,0.039,0.023,34.5,36.9,36.1,0
Mizoram,33.42,1901.7,1,5.43,0.506,60.3,33.2,61.5,46.5,70.5,0.015,0.018,45.4,26.5,33.1,0
Nagaland,28.84,2150.2,3,0.42,0.546,67.5,0.2,0.4,35.3,60.1,0.095,0.019,63.5,10.9,29.3,0
Sikkim,55.73,3873.4,3,4.37,0.677,23.0,134.0,303.5,99.0,124.6,1.751,0.004,69.2,83.2,78.3,1
Sikkim,26.99,3168.7,3,9.33,0.781,73.1,0.9,2.3,7.7,12.5,0.001,0.011,47.6,4.1,19.3,0
Sikkim,50.4,3053.7,3,5.38,0.724,52.5,4.2,11.5,28.5,47.3,0.0,0.034,67.3,8.3,28.9,0
Arunachal Pradesh,24.5,2598.9,3,3.22,0.727,43.7,11.4,19.6,26.6,37.7,0.036,0.006,47.1,10.4,23.2,0
Nagaland,25.92,1603.5,2,1.68,0.466,64.8,41.1,74.3,37.5,46.9,0.066,0.018,66.7,26.2,40.4,0
Manipur,10.36,784.9,3,9.82,0.507,50.1,280.0,674.4,99.0,157.6,0.53,0.006,30.7,92.1,70.6,1
Sikkim,33.85,2935.0,1,2.47,0.791,52.6,217.0,340.4,99.0,136.9,0.831,0.013,40.5,92.6,74.4,1
Nagaland,30.7,2038.9,2,8.7,0.44,2.3,47.4,82.4,52.2,81.0,0.004,0.03,57.6,28.2,38.5,0
Manipur,16.35,779.7,2,6.88,0.792,80.2,60.9,104.9,51.3,88.6,0.076,0.011,47.8,41.8,43.9,0
Manipur,22.65,168.9,3,7.62,0.68,42.4,174.8,296.7,99.0,168.2,0.268,0.029,47.0,89.5,74.6,0
Arunachal Pradesh,36.49,4095.3,2,20.63,0.746,51.8,52.3,124.7,79.5,122.9,0.023,0.006,60.6,45.6,50.8,0
Assam,8.27,585.2,3,6.22,0.804,39.0,75.3,125.8,62.4,79.0,0.026,0.011,32.3,43.3,39.4,0
Sikkim,30.2,3651.3,2,0.16,0.574,55.2,18.7,48.7,40.8,59.9,0.087,0.007,68.8,20.4,37.3,0
Sikkim,35.26,2660.6,3,1.03,0.429,5.4,107.0,233.9,98.5,161.2,0.477,0.091,60.5,73.0,68.6,1
Arunachal Pradesh,47.5,1900.1,3,0.16,0.759,38.4,132.5,281.7,99.0,152.5,0.129,0.036,70.8,81.8,78.0,1
Meghalaya,32.96,890.2,1,0.95,0.601,66.9,2.2,4.4,5.0,7.0,0.346,0.006,46.5,5.1,19.6,0
Arunachal Pradesh,34.25,3481.3,3,0.29,0.698,93.8,153.6,265.5,99.0,137.1,0.415,0.004,68.6,82.6,77.7,1
Sikkim,26.11,2956.7,2,3.13,0.749,84.9,60.5,98.3,62.6,100.6,0.053,0.02,67.6,38.4,48.6,1
Sikkim,39.54,1994.1,2,0.13,0.733,96.3,79.0,132.3,60.4,95.4,0.023,0.004,82.7,41.6,55.9,1
Nagaland,41.62,1446.7,3,2.88,0.694,78.2,84.4,228.8,82.3,128.0,0.91,0.003,72.1,59.7,64.0,0
Manipur,18.31,233.8,2,10.31,0.618,63.3,220.8,501.1,99.0,175.3,0.189,0.001,46.6,92.9,76.7,1
Sikkim,30.93,3494.1,2,6.21,0.689,42.3,65.8,136.8,79.3,137.7,0.008,0.008,59.0,49.5,52.9,1
Manipur,23.57,531.4,2,12.97,0.664,12.3,161.7,232.1,96.2,133.5,0.456,0.007,45.9,80.1,68.1,1
Manipur,26.98,737.7,1,1.16,0.522,25.1,10.4,28.4,9.8,13.3,0.108,0.003,42.7,7.6,19.8,0
Nagaland,30.93,846.1,2,3.41,0.471,27.1,1.9,4.5,11.2,19.6,0.131,0.031,67.1,9.0,29.3,0
Arunachal Pradesh,44.08,1549.5,2,1.73,0.744,42.8,49.8,82.7,28.3,37.5,0.0,0.001,72.6,22.8,40.2,0
Mizoram,29.25,1563.4,3,3.06,0.309,61.0,68.1,134.6,60.2,107.5,0.036,0.049,61.1,40.6,47.8,0
Assam,24.6,784.5,1,3.66,0.77,61.9,5.1,11.7,45.8,60.9,0.035,0.024,32.1,14.7,20.8,0
Mizoram,42.03,1816.0,2,0.17,0.649,45.6,0.1,0.2,20.3,25.6,0.008,0.009,81.5,1.8,29.7,0
Sikkim,45.85,3243.4,3,1.2,0.683,27.5,19.9,41.4,23.7,34.0,0.045,0.029,71.3,10.5,31.8,0
Meghalaya,35.86,1363.4,3,5.49,0.443,5.6,49.5,118.7,67.3,117.1,0.036,0.01,51.7,42.0,45.4,0
Mizoram,44.63,2026.8,3,6.67,0.782,98.9,115.8,186.3,65.3,107.0,0.136,0.039,63.6,60.6,61.7,0
Meghalaya,30.36,1181.1,2,3.79,0.505,94.0,95.2,166.6,76.6,119.4,0.003,0.006,68.7,56.3,60.6,1
Arunachal Pradesh,42.68,3062.0,2,1.42,0.802,18.3,52.5,109.7,42.6,69.0,0.046,0.009,77.6,31.7,47.8,0
Sikkim,36.28,1983.2,2,2.34,0.331,60.5,75.7,179.9,91.1,137.8,0.097,0.016,74.2,54.6,61.5,0
Nagaland,35.86,1091.3,1,0.45,0.606,29.6,19.8,43.3,31.6,44.0,0.035,0.044,50.5,18.2,29.5,0
Manipur,24.35,888.5,3,13.78,0.765,19.4,12.7,21.5,19.7,29.6,0.096,0.025,39.0,12.4,21.7,0
Arunachal Pradesh,46.45,2390.5,2,9.14,0.608,68.4,6.0,15.2,22.0,31.4,0.031,0.029,73.4,13.6,34.5,0
Assam,20.4,155.8,2,0.31,0.499,78.6,9.0,19.2,25.1,41.8,0.036,0.004,66.3,11.4,30.7,0
Sikkim,23.16,3431.1,2,0.82,0.663,40.7,148.3,230.7,85.4,111.0,0.502,0.01,58.6,71.9,67.2,1
Mizoram,30.72,2139.9,2,3.92,0.735,5.9,119.6,205.4,62.5,91.9,0.019,0.027,54.9,56.5,55.9,1
Nagaland,36.82,1434.2,2,1.19,0.591,40.1,2.2,6.0,25.2,31.9,0.043,0.08,73.0,12.4,33.6,0
Nagaland,34.38,1880.3,3,12.26,0.836,53.2,28.6,67.8,48.1,59.0,0.006,0.01,43.8,24.2,31.0,0
Assam,22.92,557.0,1,6.34,0.567,89.3,21.0,39.2,43.7,58.5,0.021,0.058,32.9,19.1,23.9,0
Sikkim,44.74,3189.8,2,1.44,0.771,65.7,47.5,82.6,66.5,86.2,0.004,0.015,78.4,40.8,53.9,0
Manipur,13.73,828.6,1,0.1,0.589,71.0,17.9,36.7,43.6,72.7,0.107,0.028,35.7,16.8,23.4,0
Arunachal Pradesh,45.21,4065.9,1,7.23,0.673,20.3,14.8,24.1,33.4,43.3,0.041,0.001,39.9,13.3,22.6,0
Mizoram,45.06,1831.8,2,2.48,0.714,72.0,74.5,128.6,75.1,120.3,0.037,0.0,81.2,49.7,60.7,1
Nagaland,29.74,1727.1,1,4.63,0.548,50.2,132.3,314.2,99.0,148.7,2.851,0.059,38.6,94.1,74.7,1
Mizoram,39.12,1428.5,1,1.52,0.622,82.0,10.2,26.5,14.6,20.7,0.002,0.002,56.8,11.0,27.1,0
Sikkim,39.07,1665.0,3,0.69,0.591,21.6,12.1,17.9,30.6,37.8,0.065,0.036,65.4,13.8,31.9,0
Manipur,22.75,864.3,2,5.06,0.688,51.5,24.4,54.5,23.9,34.7,0.127,0.004,59.7,16.3,31.5,0
Arunachal Pradesh,45.72,1874.1,1,2.69,0.682,20.9,55.1,123.1,57.9,89.3,0.106,0.02,44.5,38.6,40.7,1
Arunachal Pradesh,40.84,3722.7,1,1.21,0.569,28.6,8.2,15.9,21.6,27.4,0.009,0.014,54.2,8.0,24.1,0
Mizoram,29.34,1792.2,1,0.67,0.825,83.2,28.4,70.9,44.2,77.1,0.019,0.003,48.8,23.3,32.2,0
Meghalaya,34.66,2044.7,2,3.91,0.495,68.8,82.7,173.6,77.5,98.2,0.007,0.005,77.4,47.1,57.7,0
Manipur,14.98,483.0,2,5.82,0.584,72.8,135.7,217.2,90.8,154.1,0.383,0.02,52.9,69.5,63.7,1
Sikkim,26.24,1722.1,2,1.5,0.651,6.9,144.4,329.3,99.0,165.3,0.461,0.042,61.1,83.4,75.6,1
Arunachal Pradesh,20.21,3908.5,1,5.98,0.835,72.9,106.8,239.3,86.7,150.1,0.26,0.004,29.5,71.1,56.6,1
Nagaland,42.56,1083.7,2,0.91,0.724,49.1,152.0,424.3,99.0,125.1,0.266,0.015,77.8,82.3,80.7,1
Meghalaya,35.58,1734.5,2,1.86,0.533,45.9,54.0,92.2,51.9,76.6,0.041,0.104,77.9,39.2,52.8,0
Arunachal Pradesh,44.27,3743.1,2,6.15,0.712,41.3,4.1,9.2,25.0,34.7,0.028,0.012,69.4,11.7,31.9,0
Nagaland,33.93,2113.9,3,4.86,0.736,85.2,103.3,227.4,78.9,127.2,0.004,0.003,56.0,61.5,59.5,0
Meghalaya,20.91,879.1,2,1.42,0.534,17.7,16.4,30.4,29.9,39.3,0.029,0.048,57.2,20.7,33.5,0
Mizoram,41.97,1748.7,1,0.59,0.807,81.4,10.7,26.4,23.9,30.0,0.018,0.045,59.7,12.9,29.3,1
Meghalaya,29.35,1754.4,3,0.2,0.725,92.8,188.6,362.3,99.0,131.8,0.075,0.001,68.7,87.4,80.8,1
Nagaland,17.89,2076.5,1,8.19,0.497,16.8,115.3,267.8,99.0,177.7,0.974,0.01,24.9,75.0,57.4,0
Nagaland,30.64,1342.9,2,0.35,0.552,100.0,234.6,458.2,99.0,133.9,1.691,0.066,75.2,99.6,91.1,1
Mizoram,40.95,1135.7,3,0.55,0.725,99.1,116.8,293.4,99.0,135.8,0.38,0.013,78.7,71.9,74.2,1
Arunachal Pradesh,30.77,4122.0,2,1.22,0.764,62.1,140.1,391.8,99.0,161.7,0.087,0.019,67.5,80.6,76.0,1
Nagaland,30.05,1603.5,3,2.65,0.805,26.9,27.2,64.2,20.9,29.0,0.052,0.005,52.0,13.8,27.2,0
Mizoram,29.57,1565.9,1,7.02,0.772,43.0,1.4,3.4,24.9,37.8,0.004,0.024,31.7,9.9,17.5,0
Mizoram,25.86,1546.0,2,1.28,0.692,17.0,86.6,128.2,62.1,102.5,0.066,0.017,62.6,49.8,54.2,1
Sikkim,39.22,1872.0,1,3.53,0.794,12.0,16.2,42.8,20.9,29.2,0.006,0.017,47.6,10.3,23.4,0
Manipur,15.46,137.6,2,0.43,0.687,70.4,68.7,176.3,82.9,117.4,0.167,0.018,65.3,58.0,60.5,1
Nagaland,42.33,956.6,2,2.81,0.635,58.0,6.0,9.5,23.3,31.0,0.22,0.0,75.1,11.8,33.9,0
Arunachal Pradesh,25.7,2346.0,2,0.88,0.46,56.4,8.7,19.6,29.4,48.5,0.163,0.001,68.0,9.8,30.2,0
Sikkim,28.14,2866.4,1,1.07,0.77,24.8,42.9,111.9,70.9,127.3,0.043,0.037,42.0,38.3,39.6,0
Manipur,18.32,176.7,1,2.06,0.61,23.5,6.3,14.4,31.5,39.0,0.121,0.019,29.2,11.5,17.7,0
Arunachal Pradesh,38.23,2169.3,2,6.45,0.803,99.0,30.8,81.1,50.7,73.2,0.18,0.032,67.3,32.2,44.5,0
Assam,16.27,185.8,3,6.13,0.755,62.9,1.6,3.8,13.6,19.1,0.029,0.019,40.9,3.9,16.8,0
Mizoram,37.67,1813.9,3,2.41,0.383,81.9,49.7,100.3,48.5,68.5,0.001,0.002,65.7,32.1,43.8,0
Mizoram,30.96,1941.9,3,0.57,0.676,37.9,107.6,294.7,99.0,149.9,0.325,0.019,60.7,73.8,69.2,1
Sikkim,42.86,2486.6,2,1.48,0.619,84.4,93.5,251.8,99.0,157.9,0.252,0.005,85.1,70.8,75.8,1
Sikkim,49.8,1990.4,1,3.17,0.663,72.2,3.4,5.1,29.7,44.4,0.056,0.019,56.7,10.3,26.5,0
Assam,30.58,545.6,2,9.16,0.377,35.0,40.2,65.4,37.6,62.2,0.01,0.021,59.3,20.8,34.3,0
Sikkim,35.81,2666.2,2,15.53,0.635,71.8,4.9,10.9,17.1,21.2,0.216,0.015,62.6,12.1,29.8,1
Nagaland,32.94,1313.7,1,4.57,0.697,92.6,2.5,5.6,24.3,40.9,0.073,0.001,48.5,8.9,22.8,0
Sikkim,15.75,3521.7,2,1.94,0.576,21.4,109.9,292.3,99.0,171.2,2.086,0.002,53.6,83.8,73.3,0
Arunachal Pradesh,40.79,2422.2,1,5.32,0.485,54.8,38.2,61.8,35.1,54.8,0.074,0.016,44.1,24.4,31.3,0
Arunachal Pradesh,36.08,2335.1,2,1.84,0.586,96.7,4.4,8.6,35.2,49.0,0.095,0.004,82.4,12.5,36.9,0
Meghalaya,25.45,874.2,1,4.42,0.438,82.1,20.1,55.6,26.3,39.1,0.034,0.002,39.2,13.5,22.5,0
Tripura,26.51,436.3,1,1.26,0.477,62.0,17.1,44.6,33.9,52.7,0.026,0.003,47.1,19.2,29.0,0
Sikkim,30.06,3199.8,2,1.4,0.6,7.0,18.9,50.4,52.7,88.5,0.013,0.029,66.5,21.0,36.9,0
Sikkim,48.17,3282.3,2,0.35,0.675,40.6,18.2,26.3,8.1,13.5,0.09,0.012,85.4,5.3,33.3,0
Sikkim,42.19,2667.9,2,2.45,0.734,65.1,78.3,133.8,58.2,82.0,0.026,0.005,76.7,45.2,56.2,0
Meghalaya,34.03,1033.0,3,4.33,0.671,41.0,163.0,333.9,99.0,144.5,0.17,0.013,58.6,89.8,78.8,1
Meghalaya,27.21,1799.4,1,7.0,0.739,99.7,105.0,275.5,99.0,164.3,0.01,0.029,39.1,73.3,61.4,1
Manipur,9.05,111.8,3,7.48,0.365,75.3,1.4,2.7,9.5,13.8,0.04,0.063,37.1,6.1,17.0,0
Meghalaya,39.4,1739.2,1,21.98,0.646,18.7,70.3,114.3,54.2,85.6,0.01,0.038,38.1,42.3,40.9,0
Meghalaya,27.13,1824.4,2,0.41,0.743,49.0,48.5,109.6,47.9,85.9,0.002,0.007,71.4,37.7,49.5,0
Arunachal Pradesh,42.73,3341.9,2,3.06,0.703,38.4,18.8,49.8,54.9,93.6,0.061,0.009,69.5,28.3,42.7,0
Tripura,23.68,495.7,3,3.32,0.83,59.4,173.1,258.8,99.0,131.7,0.22,0.026,50.9,85.8,73.6,1
Sikkim,38.37,2047.5,2,7.35,0.675,44.7,71.1,148.9,60.2,87.1,0.1,0.028,64.8,52.9,57.1,0
Arunachal Pradesh,40.57,2290.6,1,1.39,0.777,23.8,19.0,52.6,36.6,55.8,0.022,0.001,52.7,15.7,28.7,0
Mizoram,35.34,1050.2,2,0.32,0.587,72.4,28.9,43.5,39.8,62.1,0.012,0.004,76.7,17.2,38.0,0
Mizoram,33.52,915.3,2,1.69,0.743,10.7,0.9,1.8,35.8,49.4,0.003,0.003,68.5,7.2,28.7,0
Sikkim,31.29,3282.5,2,18.59,0.815,53.2,112.7,192.3,71.1,124.5,0.013,0.029,54.4,64.5,60.9,1
Meghalaya,21.93,1261.9,1,10.34,0.702,31.0,126.1,197.1,93.2,162.7,0.671,0.018,20.3,77.4,57.5,1
Nagaland,27.71,892.0,2,2.26,0.628,96.7,159.9,386.0,99.0,128.5,0.783,0.032,76.8,87.7,83.9,1
Arunachal Pradesh,35.12,3540.1,1,9.4,0.64,30.4,42.3,62.9,46.3,81.5,0.014,0.045,30.4,23.7,26.0,0
Nagaland,42.15,1115.6,3,0.15,0.685,34.1,33.7,90.2,36.4,53.4,0.014,0.03,67.2,28.8,42.2,0
Mizoram,24.14,1136.5,2,1.7,0.648,70.7,23.1,63.0,32.8,48.1,0.021,0.001,67.9,17.4,35.1,0
Sikkim,51.75,3575.6,1,5.84,0.463,12.8,115.0,254.5,93.0,121.8,0.545,0.017,51.7,73.0,65.6,1
Meghalaya,45.95,1860.9,3,1.13,0.629,32.5,20.3,46.0,28.4,35.5,0.025,0.01,65.3,16.4,33.5,0
Sikkim,33.07,3904.7,2,1.0,0.791,69.6,280.0,748.1,99.0,133.6,0.313,0.007,64.6,89.4,80.7,1
Nagaland,45.63,1671.6,2,8.91,0.673,3.1,70.0,154.2,74.3,128.4,0.028,0.019,62.4,51.2,55.1,0
Meghalaya,31.26,1600.6,1,4.31,0.78,31.1,105.1,177.8,71.6,103.4,0.079,0.007,41.8,51.6,48.1,1
Sikkim,35.72,3448.0,2,20.3,0.559,0.8,15.0,28.4,9.1,16.0,0.031,0.012,56.3,2.0,21.0,0
Mizoram,42.16,1195.7,2,0.65,0.699,15.0,3.3,6.8,17.9,28.0,0.085,0.005,73.4,8.2,31.0,0
Tripura,21.53,265.5,3,1.98,0.697,60.4,24.5,58.4,28.8,34.8,0.092,0.061,52.8,22.1,32.8,0
Meghalaya,32.72,1764.0,1,1.68,0.729,45.7,16.9,34.7,46.6,65.2,0.074,0.008,51.0,20.8,31.4,0
Assam,16.24,393.5,1,9.55,0.774,15.6,133.3,363.5,99.0,126.4,0.221,0.031,18.2,80.0,58.4,1
Sikkim,33.37,1768.1,3,1.33,0.76,7.8,3.3,7.5,29.2,48.1,0.051,0.036,55.7,11.9,27.3,0
Arunachal Pradesh,39.17,3394.7,3,1.96,0.838,5.6,8.6,18.6,36.2,58.2,0.001,0.002,58.7,13.2,29.2,0
Arunachal Pradesh,50.33,3745.6,1,0.69,0.772,8.5,21.4,53.1,38.8,51.9,0.017,0.003,58.3,19.6,33.1,0
Sikkim,28.5,3802.1,3,6.72,0.639,9.6,123.2,207.9,79.0,104.7,0.026,0.01,41.8,64.3,56.4,0
Arunachal Pradesh,37.54,3481.6,1,1.22,0.584,8.6,48.3,101.9,46.7,81.3,0.003,0.007,44.8,32.3,36.7,0
Arunachal Pradesh,26.98,3589.7,3,0.32,0.401,5.5,22.9,32.6,44.5,56.5,0.087,0.078,56.5,20.1,32.8,0
Manipur,15.95,273.3,3,2.57,0.513,69.7,229.8,463.8,99.0,120.8,0.299,0.002,49.2,91.6,76.7,1
Manipur,24.24,631.0,1,2.24,0.546,94.1,37.8,61.1,61.6,87.4,0.01,0.064,45.6,28.0,34.2,0
Nagaland,26.02,946.6,1,0.88,0.709,85.6,176.3,444.1,99.0,152.3,1.585,0.009,48.0,97.7,80.3,1
Arunachal Pradesh,47.68,3435.2,1,0.65,0.488,26.6,7.0,13.5,29.5,51.6,0.0,0.013,61.0,13.0,29.8,0
Arunachal Pradesh,30.7,1898.9,1,10.21,0.604,20.4,117.8,242.1,99.0,172.9,0.649,0.02,30.8,72.7,58.1,0
Arunachal Pradesh,33.62,2350.3,1,0.32,0.49,4.8,44.0,63.6,41.0,52.6,0.002,0.019,41.9,25.6,31.3,1
Nagaland,19.81,828.9,3,0.47,0.732,15.6,26.0,37.7,38.8,64.9,0.021,0.008,45.9,18.0,27.8,0
Assam,26.84,187.2,2,1.26,0.64,56.8,26.0,45.8,39.5,69.5,0.016,0.012,69.6,19.4,36.9,0
Meghalaya,38.79,937.9,2,13.74,0.605,99.8,65.2,155.1,74.7,127.0,0.027,0.006,67.0,50.0,55.9,0
Arunachal Pradesh,27.18,3013.8,3,0.4,0.638,85.9,116.2,285.4,99.0,143.4,0.141,0.006,63.0,76.1,71.5,1
Meghalaya,30.17,1041.1,2,7.62,0.726,51.5,24.3,67.9,30.4,40.3,0.065,0.002,56.8,19.1,32.3,0
Sikkim,35.07,1681.5,2,10.02,0.827,42.3,2.9,7.3,5.0,8.7,0.05,0.011,59.5,1.3,21.7,0
Sikkim,34.36,3743.8,1,2.14,0.756,14.8,3.7,8.6,11.9,18.0,0.035,0.009,38.3,5.7,17.1,0
Mizoram,46.02,938.4,2,1.57,0.809,41.9,114.3,272.1,99.0,133.8,2.205,0.005,85.7,76.4,79.6,1
Mizoram,28.92,1872.2,1,5.09,0.732,59.5,21.6,42.3,28.4,39.6,0.004,0.003,34.1,16.1,22.4,0
Arunachal Pradesh,31.13,2325.5,3,5.46,0.828,59.5,57.2,157.4,84.4,129.7,0.5,0.002,56.9,47.9,51.0,0
Arunachal Pradesh,23.96,1716.6,2,6.81,0.495,55.8,260.7,590.3,99.0,142.9,0.364,0.009,61.6,91.6,81.1,1
Tripura,15.42,945.5,2,7.99,0.672,82.4,88.3,125.9,56.6,69.3,0.014,0.014,53.9,42.2,46.3,0
Sikkim,50.3,3277.6,2,1.41,0.57,51.0,26.2,49.5,46.4,71.7,0.069,0.024,82.5,23.0,43.8,0
Arunachal Pradesh,40.07,2888.5,2,5.23,0.606,47.3,21.4,34.1,30.2,43.6,0.018,0.023,70.1,19.2,37.0,0
Arunachal Pradesh,40.09,1919.5,2,0.65,0.675,30.6,146.6,253.6,98.6,146.3,0.041,0.002,77.5,81.2,79.9,1
Arunachal Pradesh,31.98,2618.8,2,3.22,0.762,18.0,120.5,264.1,99.0,163.5,2.984,0.001,61.3,83.7,75.9,1
Sikkim,48.68,3349.6,3,4.27,0.497,0.1,197.8,398.6,99.0,120.3,0.265,0.028,64.5,87.3,79.4,1
Nagaland,36.02,1740.1,1,0.79,0.582,32.2,249.0,505.8,99.0,122.7,0.123,0.032,45.8,87.7,73.0,0
Sikkim,34.48,1615.9,1,0.36,0.621,63.3,115.4,231.1,87.7,105.3,0.205,0.011,54.1,64.9,61.1,0
Meghalaya,25.39,1807.3,2,0.97,0.783,55.9,48.8,82.0,51.7,75.1,0.202,0.007,59.9,35.4,44.0,0
Mizoram,31.64,1999.4,3,2.46,0.618,53.1,31.5,48.8,51.7,70.7,0.021,0.003,63.0,19.5,34.7,0
Meghalaya,25.89,1572.8,2,9.85,0.563,77.2,141.2,283.4,99.0,143.1,0.266,0.005,61.3,79.9,73.4,0
Manipur,18.99,929.6,2,3.42,0.792,23.3,17.0,30.2,32.5,50.3,0.1,0.01,54.0,15.4,28.9,0
Manipur,20.9,505.6,2,6.21,0.636,67.9,86.0,157.6,62.2,75.0,0.019,0.068,51.6,53.4,52.8,0
Arunachal Pradesh,32.32,3753.3,1,0.86,0.758,60.7,70.7,109.5,49.5,64.1,0.166,0.018,50.2,40.8,44.1,0
Nagaland,16.62,1723.3,2,0.5,0.793,33.9,73.2,182.1,88.1,112.5,0.634,0.015,60.0,55.1,56.8,1
Meghalaya,35.12,1690.6,3,1.23,0.697,21.9,90.9,135.2,47.5,74.6,0.015,0.012,60.3,42.3,48.6,0
Tripura,16.16,268.8,3,1.7,0.405,56.3,8.4,20.0,46.9,72.9,0.037,0.0,56.4,19.3,32.3,0
Meghalaya,32.99,1387.6,1,3.57,0.506,94.5,29.3,67.0,39.3,49.0,0.005,0.004,49.2,20.0,30.2,0
Tripura,19.25,689.1,2,9.59,0.77,7.6,100.0,146.4,86.9,146.1,0.653,0.02,41.8,65.0,56.9,1
Nagaland,44.43,1470.9,2,2.5,0.699,95.3,144.1,368.9,99.0,128.4,0.521,0.018,84.8,84.2,84.4,1
Sikkim,38.27,2275.9,1,3.29,0.464,46.5,172.8,381.0,99.0,129.1,0.733,0.018,52.6,89.6,76.6,1
Meghalaya,38.72,1455.2,2,0.1,0.721,71.0,127.3,306.4,99.0,142.7,1.087,0.005,77.7,85.4,82.7,1
Tripura,17.81,292.1,1,0.15,0.727,80.3,186.1,413.3,99.0,138.5,0.156,0.007,31.0,89.9,69.3,1
Manipur,14.86,313.5,2,0.39,0.662,15.2,175.4,305.3,99.0,176.1,0.157,0.016,53.1,90.9,77.7,1
Arunachal Pradesh,42.18,3369.6,2,5.4,0.646,4.5,24.0,43.8,33.3,58.0,0.044,0.004,68.8,19.7,36.9,1
Mizoram,27.06,1159.8,2,3.0,0.559,12.8,15.2,42.6,48.5,59.7,0.061,0.006,62.8,19.2,34.4,0
Sikkim,44.43,2329.2,2,0.96,0.751,34.1,171.6,434.2,99.0,142.1,0.144,0.033,79.5,89.4,86.0,1
Arunachal Pradesh,27.98,1781.5,2,4.04,0.52,95.7,9.4,24.2,17.0,28.4,0.062,0.006,72.4,9.6,31.6,0
Sikkim,40.99,3332.9,2,3.54,0.726,4.3,36.6,64.6,39.7,62.7,0.08,0.019,68.4,25.8,40.7,0
Sikkim,38.04,2482.3,1,0.42,0.535,92.0,39.0,97.2,40.8,67.8,0.016,0.018,56.1,30.3,39.3,0
Nagaland,42.69,1404.9,2,4.6,0.755,56.1,73.9,139.0,68.4,98.9,0.087,0.061,67.7,47.9,54.9,0
Sikkim,41.87,3573.8,3,6.56,0.373,10.2,20.2,37.6,23.8,34.1,0.01,0.016,60.1,11.8,28.7,0
Nagaland,31.23,1091.3,1,1.52,0.778,15.3,41.4,76.2,41.4,68.8,0.001,0.012,37.1,30.6,32.9,0
Arunachal Pradesh,45.13,3155.1,2,5.23,0.603,68.9,105.1,163.2,72.9,100.2,0.035,0.008,76.3,53.9,61.7,1
Sikkim,19.23,2764.1,2,1.0,0.738,60.8,24.6,38.1,20.5,25.3,0.028,0.005,61.8,12.6,29.8,0
Sikkim,42.96,2863.9,2,6.36,0.766,16.7,155.1,367.7,99.0,171.7,0.55,0.007,65.4,86.1,78.8,1
Sikkim,43.75,3807.0,2,10.93,0.778,90.4,69.7,146.9,80.9,143.1,0.424,0.065,70.0,52.5,58.6,0
Arunachal Pradesh,44.77,4082.3,2,2.62,0.539,13.3,12.9,32.8,36.0,56.4,0.027,0.065,80.8,17.7,39.7,0
Arunachal Pradesh,44.1,2219.5,1,1.26,0.798,51.2,4.9,12.3,34.9,57.2,0.065,0.004,54.6,15.8,29.4,0
Meghalaya,35.77,1881.1,2,2.29,0.787,52.8,191.1,359.3,99.0,159.8,5.37,0.001,70.4,97.1,87.8,1
Sikkim,35.26,4001.7,2,1.3,0.734,87.1,20.8,33.1,27.3,41.5,0.022,0.007,76.2,12.3,34.7,0
Sikkim,39.46,1890.5,1,0.1,0.684,2.2,21.6,38.7,23.8,37.1,0.002,0.029,43.3,16.3,25.7,0
Sikkim,33.0,2860.5,2,4.73,0.509,13.6,119.7,259.2,99.0,150.9,1.779,0.01,66.1,75.5,72.2,1
Manipur,15.26,390.6,2,0.2,0.611,17.1,142.3,358.7,99.0,125.5,0.104,0.007,57.0,80.6,72.4,1
Manipur,18.31,252.0,3,1.06,0.625,6.3,138.2,279.8,99.0,137.7,0.064,0.009,48.5,74.2,65.2,1
Meghalaya,30.85,1267.5,1,5.77,0.807,63.1,5.1,11.3,34.6,41.9,0.011,0.005,41.1,10.2,21.0,0
Sikkim,41.42,3767.6,3,4.93,0.539,23.0,18.9,41.1,37.4,46.6,0.002,0.02,62.6,18.3,33.9,0
Arunachal Pradesh,49.35,3217.2,2,0.34,0.645,57.7,53.1,90.4,45.3,68.2,0.033,0.018,87.4,31.3,50.9,1
Assam,25.63,951.6,2,4.86,0.748,78.3,6.1,12.2,37.3,48.7,0.004,0.009,65.5,17.3,34.2,0
Arunachal Pradesh,40.71,3288.4,1,12.0,0.575,40.9,165.5,385.4,99.0,140.0,0.535,0.013,35.9,90.8,71.6,1
Sikkim,48.09,3251.8,2,0.35,0.701,76.9,85.9,126.3,61.2,104.1,0.023,0.0,86.9,48.3,61.8,1
Sikkim,38.35,2521.6,3,2.42,0.489,77.8,64.6,144.7,70.2,88.0,0.099,0.015,67.2,47.2,54.2,0
Sikkim,42.72,3557.5,2,5.88,0.752,26.3,99.0,263.3,93.4,158.7,1.852,0.036,68.8,73.3,71.7,1
Arunachal Pradesh,35.29,3487.8,2,4.96,0.511,1.6,19.8,53.2,52.6,91.4,0.075,0.003,65.8,25.4,39.5,0
Nagaland,32.11,1825.1,2,1.16,0.732,10.3,31.7,82.0,49.2,68.4,0.007,0.056,64.6,31.5,43.0,0
Arunachal Pradesh,36.04,1809.8,2,0.8,0.63,82.4,59.1,101.0,59.2,87.3,0.027,0.015,75.6,38.6,51.6,0
Mizoram,21.44,1644.6,2,6.9,0.615,40.5,7.4,19.3,22.6,32.7,0.012,0.037,57.6,11.1,27.4,0
Arunachal Pradesh,25.34,3732.8,3,14.08,0.571,83.9,33.8,52.5,37.6,48.4,0.007,0.007,46.5,18.4,28.2,0
Arunachal Pradesh,27.26,1525.8,2,6.57,0.63,54.8,3.4,6.3,24.0,30.2,0.063,0.02,61.3,8.0,26.7,0
Manipur,21.96,987.5,1,14.86,0.668,19.7,22.8,44.6,34.3,50.4,0.012,0.007,23.4,16.7,19.0,0
Arunachal Pradesh,49.57,3091.5,2,4.18,0.72,71.2,9.5,16.1,30.9,47.6,0.212,0.034,84.2,16.5,40.2,0
Nagaland,40.28,1485.4,3,11.91,0.416,55.8,16.6,43.6,33.3,49.8,0.079,0.05,56.3,16.3,30.3,0
Meghalaya,21.19,2154.0,3,5.28,0.673,35.2,18.1,44.0,24.7,39.7,0.08,0.051,47.7,19.2,29.2,0
Arunachal Pradesh,42.81,3413.9,2,10.78,0.721,8.8,66.2,158.8,64.6,96.0,0.063,0.031,59.2,46.6,51.1,0
Assam,17.1,966.5,3,0.79,0.539,10.2,13.9,37.4,22.5,38.6,0.013,0.062,47.3,13.5,25.3,0
Sikkim,31.05,3113.0,1,7.61,0.667,18.9,156.4,385.5,99.0,154.7,0.168,0.033,34.4,90.8,71.0,0
Manipur,20.84,717.9,1,0.99,0.824,67.3,34.3,68.5,63.4,84.7,0.013,0.044,37.5,34.9,35.8,0
Arunachal Pradesh,33.68,3116.0,1,0.13,0.595,72.8,73.4,116.4,58.1,100.2,0.036,0.008,49.0,44.4,46.0,1
Manipur,11.95,436.7,1,3.28,0.673,63.1,17.5,44.7,22.8,39.1,0.007,0.021,29.8,16.4,21.1,0
Arunachal Pradesh,29.88,4040.0,1,1.72,0.676,33.7,235.4,564.8,99.0,140.8,0.113,0.004,36.5,89.9,71.2,1
Meghalaya,29.72,1850.7,2,0.2,0.603,44.0,15.8,35.5,33.2,43.6,0.079,0.008,65.2,16.2,33.3,0
Nagaland,41.25,1433.9,2,17.67,0.236,71.0,39.0,95.3,64.3,107.1,0.077,0.017,76.1,36.4,50.3,1
Assam,10.32,800.2,2,4.94,0.489,66.0,45.0,110.6,70.8,87.5,0.483,0.012,51.6,40.3,44.2,0
Manipur,13.11,978.8,2,10.44,0.753,77.3,34.8,84.8,49.7,72.4,0.109,0.045,50.8,30.9,37.8,0
Nagaland,30.27,1138.9,3,30.0,0.795,24.1,88.1,179.4,91.6,135.2,0.534,0.004,40.8,62.0,54.6,1
Manipur,15.66,396.1,1,2.24,0.662,0.4,5.4,11.6,11.7,18.5,0.001,0.02,27.7,7.8,14.7,0
Arunachal Pradesh,41.75,2693.5,2,1.32,0.759,26.6,40.9,103.3,51.6,70.3,0.06,0.01,75.6,29.3,45.5,0
Sikkim,36.13,1924.3,2,0.91,0.685,34.8,31.8,85.8,61.8,87.3,0.045,0.007,76.8,27.1,44.5,1
Sikkim,26.47,3009.3,3,3.26,0.702,96.1,150.2,318.8,99.0,175.4,0.046,0.002,57.0,89.2,77.9,1
Sikkim,33.85,3852.1,1,4.19,0.621,21.8,19.1,45.3,18.7,32.3,0.011,0.025,39.2,9.8,20.1,0
Sikkim,39.55,1999.9,1,2.88,0.699,82.6,7.5,15.8,17.5,25.0,0.032,0.011,52.2,9.9,24.7,0
Meghalaya,36.76,1456.3,2,2.2,0.417,62.3,47.2,93.7,57.0,101.4,0.006,0.036,75.8,38.3,51.4,0
Arunachal Pradesh,28.16,2848.4,3,0.83,0.53,16.8,122.6,305.6,99.0,122.5,1.351,0.03,53.9,80.9,71.5,1
Mizoram,33.73,1663.9,2,2.62,0.577,40.4,79.6,127.8,47.8,66.1,0.002,0.011,73.2,39.5,51.3,1
Arunachal Pradesh,35.44,1865.5,2,0.4,0.661,51.0,26.7,54.0,24.0,39.0,0.138,0.006,75.0,16.5,37.0,1
Sikkim,47.97,3034.6,1,9.01,0.7,34.4,41.8,93.1,56.3,87.9,0.008,0.032,44.6,33.6,37.5,0
Meghalaya,28.67,952.1,3,0.22,0.766,22.6,3.6,8.7,45.7,69.2,0.006,0.002,56.0,19.4,32.2,0
Nagaland,22.65,1524.5,1,2.16,0.577,25.3,156.4,412.6,99.0,164.5,0.56,0.011,37.7,84.5,68.1,1
Nagaland,27.38,1980.7,1,0.47,0.525,58.5,12.1,19.7,24.1,43.0,0.052,0.03,46.4,14.1,25.4,0
Mizoram,18.84,2067.5,1,6.71,0.662,68.8,68.1,134.8,63.2,102.3,0.015,0.004,35.4,46.1,42.3,0
Arunachal Pradesh,22.73,3055.7,2,1.69,0.821,46.9,29.9,51.4,14.2,20.7,0.008,0.014,57.0,13.8,28.9,0
Meghalaya,20.68,1650.8,1,0.54,0.62,94.2,139.0,301.2,99.0,159.4,0.66,0.031,42.0,84.8,69.8,1
Arunachal Pradesh,41.82,3055.0,3,3.41,0.818,72.9,85.2,143.7,72.7,110.3,0.064,0.0,63.8,42.5,50.0,1
Sikkim,40.82,2950.8,3,11.16,0.687,89.2,9.6,16.6,27.8,43.9,0.009,0.027,58.7,12.3,28.6,0
Sikkim,42.31,2747.6,2,10.77,0.676,47.6,90.6,142.2,70.3,112.7,0.029,0.006,67.7,49.7,56.0,1
Arunachal Pradesh,33.11,3589.7,2,1.29,0.601,1.5,67.5,147.8,65.1,117.0,0.129,0.029,70.6,46.6,55.0,0
Sikkim,30.07,2725.1,1,5.72,0.664,59.2,1.2,3.1,5.0,7.5,0.074,0.011,34.6,1.5,13.1,0
Assam,33.25,565.2,2,0.14,0.785,81.8,11.2,17.6,19.4,32.2,0.039,0.0,76.3,8.6,32.3,0
Assam,20.75,900.3,2,0.64,0.778,53.7,33.2,83.2,53.1,94.0,0.059,0.017,62.8,29.7,41.3,0
Sikkim,29.18,3479.9,1,3.11,0.763,56.8,110.9,305.2,99.0,131.9,1.067,0.02,46.6,73.8,64.3,1
Arunachal Pradesh,50.55,2594.8,2,1.17,0.369,97.5,115.6,239.2,99.0,141.6,0.201,0.004,96.0,72.2,80.5,1
Arunachal Pradesh,49.04,2980.2,1,7.2,0.628,36.6,10.8,23.2,33.7,51.8,0.076,0.014,44.4,10.7,22.5,0
Sikkim,43.22,2956.7,3,12.04,0.645,80.2,165.8,409.1,99.0,142.2,0.228,0.029,63.7,90.2,80.9,1
Assam,18.95,591.2,2,0.1,0.593,50.5,33.5,82.0,55.5,90.9,0.124,0.001,64.5,26.7,39.9,0
Arunachal Pradesh,31.13,2747.3,3,1.19,0.562,46.4,2.9,4.5,28.0,36.4,0.009,0.039,60.7,12.1,29.1,0
Nagaland,28.92,1804.2,3,2.61,0.669,14.6,14.6,37.3,45.9,81.1,0.059,0.009,47.9,17.9,28.4,0
Arunachal Pradesh,47.65,2567.3,3,3.73,0.411,74.8,34.3,53.3,44.8,63.9,0.083,0.068,72.5,26.6,42.7,0
Tripura,15.8,163.9,2,11.14,0.793,82.3,3.4,7.4,21.8,38.2,0.014,0.035,52.7,12.9,26.8,0
Sikkim,27.87,2395.8,2,10.01,0.707,43.1,53.1,111.7,68.1,120.9,0.221,0.028,53.3,44.8,47.8,0
Nagaland,36.17,1238.8,2,4.56,0.52,76.4,139.7,357.3,99.0,130.5,1.448,0.003,72.7,88.1,82.7,1
Sikkim,37.56,3936.6,3,1.34,0.363,58.1,55.7,88.5,52.6,81.0,0.066,0.014,71.7,28.6,43.7,1
Mizoram,27.34,1526.6,2,6.88,0.634,25.8,18.8,43.3,43.8,72.6,0.044,0.008,51.3,19.4,30.6,0
Arunachal Pradesh,33.04,3315.8,3,1.02,0.777,92.4,24.5,65.0,39.7,48.4,0.004,0.032,63.4,19.6,34.9,0
Arunachal Pradesh,21.14,3424.1,1,15.11,0.627,69.7,118.5,257.5,93.2,134.4,0.354,0.008,27.9,70.0,55.3,0
Assam,16.88,560.0,2,0.1,0.689,87.8,10.6,27.8,43.2,62.5,0.02,0.023,72.3,16.9,36.3,0
Manipur,26.17,801.9,2,3.8,0.529,28.1,1.8,4.8,35.5,56.7,0.001,0.012,64.1,10.7,29.4,0
Manipur,14.47,966.8,3,0.42,0.805,91.6,280.0,491.1,99.0,149.8,0.348,0.029,48.5,91.2,76.3,1
Mizoram,48.93,1268.8,1,2.36,0.53,36.5,0.3,0.9,14.3,23.5,0.011,0.004,57.3,5.1,23.4,0
Nagaland,31.78,1749.5,2,4.53,0.69,1.0,98.6,232.3,99.0,140.2,0.245,0.007,59.8,64.7,63.0,1
Arunachal Pradesh,17.62,3809.8,2,5.26,0.678,7.5,198.6,517.3,99.0,143.0,0.186,0.003,48.7,92.4,77.1,1
Sikkim,26.03,1635.5,1,6.93,0.44,8.9,30.1,53.3,53.7,77.6,0.018,0.017,30.1,27.7,28.5,0
Sikkim,10.37,2476.9,2,4.05,0.684,20.7,55.0,106.1,72.5,101.2,0.007,0.009,47.1,42.3,44.0,0
Mizoram,46.78,2191.8,2,1.3,0.439,18.7,5.0,11.2,9.5,11.8,0.004,0.031,76.8,7.2,31.5,0
Sikkim,39.82,3340.5,1,9.9,0.369,5.8,64.9,159.4,78.2,115.3,0.012,0.007,39.3,46.6,44.0,0
Arunachal Pradesh,30.14,4022.7,2,7.5,0.772,89.5,68.9,191.3,75.7,130.1,0.098,0.019,61.8,57.7,59.1,1
Mizoram,36.35,963.5,3,0.78,0.76,82.8,2.4,3.5,19.1,27.8,0.137,0.016,64.2,8.6,28.1,0
Nagaland,40.47,1323.2,3,7.88,0.793,76.3,30.9,66.8,26.3,33.8,0.01,0.025,53.2,19.7,31.4,0
Sikkim,45.04,3261.1,2,16.19,0.478,47.9,262.1,567.9,99.0,137.0,0.793,0.026,68.1,90.4,82.6,1
Arunachal Pradesh,44.82,2869.0,2,4.56,0.659,42.5,262.3,699.8,99.0,163.8,3.177,0.049,73.9,100.0,90.9,1
Arunachal Pradesh,34.28,1869.7,2,1.49,0.633,42.5,187.6,324.5,99.0,133.9,2.395,0.018,75.5,96.8,89.4,1
Sikkim,30.35,3457.3,3,4.2,0.731,26.2,48.1,78.1,59.7,73.7,0.028,0.025,53.2,34.8,41.2,0
Sikkim,42.21,3369.1,2,1.89,0.377,60.8,6.8,14.2,45.2,55.7,0.035,0.067,80.6,17.5,39.6,0
Mizoram,26.17,1443.0,2,5.07,0.425,5.9,130.3,314.8,99.0,154.9,0.294,0.025,56.0,78.8,70.8,1
Mizoram,29.16,1248.1,1,3.54,0.735,65.9,58.4,161.3,59.7,103.9,0.028,0.088,38.4,41.8,40.6,0
Mizoram,26.41,1780.5,2,11.93,0.58,51.4,15.0,33.1,10.6,14.3,0.066,0.018,54.6,9.8,25.5,0
Sikkim,32.11,3441.7,1,4.33,0.539,81.7,208.8,504.4,99.0,177.5,0.772,0.087,42.9,96.1,77.5,1
Nagaland,36.04,1735.9,3,1.08,0.722,97.3,88.9,159.1,67.6,90.0,0.002,0.004,62.7,47.2,52.6,1
Arunachal Pradesh,31.65,1925.5,2,5.81,0.632,87.7,64.9,152.3,69.0,97.1,0.025,0.019,68.1,43.4,52.1,0
Meghalaya,36.17,1131.1,2,1.61,0.722,72.0,18.8,32.8,24.5,36.3,0.147,0.009,75.3,10.2,33.0,0
Nagaland,40.42,1833.1,2,1.43,0.553,43.3,60.9,127.5,54.4,68.8,0.123,0.018,79.0,36.3,51.2,0
Arunachal Pradesh,33.33,3998.7,3,2.24,0.805,21.5,3.4,4.9,27.3,37.6,0.018,0.001,56.0,9.8,26.0,0
Arunachal Pradesh,28.9,2402.0,1,0.1,0.683,66.5,18.4,34.0,29.3,45.7,0.039,0.008,46.4,12.5,24.4,0
Manipur,25.8,592.1,2,15.65,0.771,20.2,65.3,162.8,55.6,67.1,0.062,0.0,47.8,39.1,42.2,0
Sikkim,40.36,2377.9,2,3.42,0.461,2.0,71.3,106.6,56.9,84.8,0.002,0.013,75.3,38.6,51.5,0
Mizoram,26.59,1685.8,3,6.68,0.695,57.3,17.3,31.9,20.9,33.4,0.015,0.015,40.9,11.2,21.6,0
Arunachal Pradesh,34.97,4013.4,1,1.34,0.446,39.4,145.2,238.0,99.0,136.5,0.195,0.014,52.1,78.5,69.3,0
Mizoram,34.53,1543.0,2,6.18,0.697,87.6,14.4,32.7,25.6,44.1,0.074,0.049,66.0,15.1,32.9,0
Sikkim,25.09,3590.4,2,3.77,0.633,64.6,48.5,118.5,49.7,67.9,0.009,0.011,63.4,34.0,44.3,0
Arunachal Pradesh,52.04,3136.0,3,2.48,0.689,64.7,95.0,147.7,60.8,106.3,0.023,0.005,73.8,50.2,58.4,0
Mizoram,38.12,1328.0,1,15.88,0.467,78.8,36.1,76.9,27.7,47.2,0.005,0.037,41.5,20.2,27.6,0
Sikkim,37.9,2093.9,2,3.06,0.715,33.6,23.9,56.3,44.1,59.2,0.008,0.054,71.4,24.8,41.1,0
Sikkim,51.51,2685.6,1,4.82,0.711,95.8,10.7,29.8,46.1,57.1,0.006,0.005,62.6,19.3,34.5,0
Arunachal Pradesh,49.78,2813.8,1,0.1,0.515,22.1,9.8,16.8,32.0,39.0,0.108,0.005,58.8,12.1,28.5,0
Arunachal Pradesh,36.19,4134.1,1,1.61,0.812,87.2,7.8,11.7,23.6,39.4,0.039,0.003,48.3,8.3,22.3,0
Sikkim,35.55,3461.5,3,9.88,0.625,91.1,26.3,46.4,34.0,52.2,0.001,0.03,55.7,18.7,31.7,0
Arunachal Pradesh,35.88,3503.0,1,6.4,0.796,3.9,156.0,340.8,99.0,129.3,0.121,0.045,38.2,86.5,69.6,1
Manipur,23.17,742.6,3,3.46,0.419,63.2,153.3,350.6,99.0,128.5,0.348,0.033,50.9,88.8,75.5,1
Arunachal Pradesh,41.79,3194.0,1,10.37,0.526,74.9,11.0,21.3,38.5,54.9,0.031,0.01,50.6,10.2,24.3,0
Meghalaya,19.39,1473.6,3,3.0,0.487,95.4,63.3,127.1,55.8,69.8,0.035,0.004,57.6,40.7,46.7,0
Arunachal Pradesh,41.18,3796.6,2,3.76,0.752,25.1,53.3,115.5,56.7,91.6,0.033,0.06,70.1,38.9,49.8,0
Sikkim,41.13,3669.2,1,2.17,0.543,56.2,45.3,73.3,61.8,109.4,0.048,0.007,55.2,37.6,43.8,0
Assam,5.7,848.2,2,4.35,0.246,77.3,18.7,51.2,33.4,48.4,0.061,0.05,53.6,19.8,31.6,0
Arunachal Pradesh,35.96,2823.5,2,1.73,0.565,14.8,17.2,40.3,36.2,62.3,0.052,0.025,72.2,20.1,38.3,0
Assam,20.29,227.7,2,2.19,0.776,85.3,64.0,136.3,88.1,123.0,0.72,0.05,64.8,52.8,57.0,1
Arunachal Pradesh,24.0,3367.4,2,15.26,0.678,40.4,14.4,35.0,26.3,35.4,0.179,0.023,51.2,16.8,28.8,0
Nagaland,23.48,2139.1,2,0.53,0.706,64.0,86.7,133.3,72.6,101.6,0.012,0.004,66.9,45.2,52.8,0
Meghalaya,26.16,1887.6,2,0.5,0.655,4.2,151.1,378.0,99.0,131.2,0.175,0.012,62.3,85.4,77.3,1
Manipur,23.26,855.3,3,0.2,0.639,22.3,280.0,467.6,99.0,132.9,1.033,0.003,52.4,90.9,77.4,1
Meghalaya,40.81,1862.8,2,1.74,0.762,47.8,0.1,0.1,26.4,42.7,0.065,0.005,71.8,10.6,32.0,0
Meghalaya,35.31,1068.2,3,2.29,0.626,28.9,52.2,137.8,90.1,154.9,1.144,0.009,53.4,53.4,53.4,0
Arunachal Pradesh,38.86,4047.1,3,0.45,0.527,95.8,34.5,82.2,30.8,44.0,0.029,0.003,72.4,26.0,42.2,0
Arunachal Pradesh,43.92,1831.4,1,3.58,0.743,79.5,27.7,40.3,26.9,41.9,0.008,0.007,51.4,16.4,28.6,0
Manipur,5.49,586.1,1,3.94,0.631,86.5,172.0,465.1,99.0,128.3,1.486,0.002,28.3,92.0,69.7,1
Sikkim,47.88,2084.1,2,6.26,0.561,46.6,31.8,89.1,47.1,77.9,0.02,0.001,75.8,32.4,47.6,0
Sikkim,36.75,2865.7,2,16.78,0.428,47.4,27.4,62.2,49.2,61.7,0.021,0.003,66.5,20.3,36.5,0
Nagaland,39.12,1047.0,2,4.35,0.501,80.5,23.1,37.1,13.6,17.8,0.032,0.005,73.5,12.8,34.0,0
Sikkim,43.33,3448.5,2,0.53,0.769,38.8,85.3,181.1,82.9,120.2,0.461,0.006,76.9,58.1,64.7,1
Assam,15.36,201.8,2,0.42,0.62,48.1,173.0,406.2,99.0,125.8,2.375,0.019,61.3,97.3,84.7,1
Nagaland,33.57,951.8,2,6.76,0.664,52.9,41.0,67.9,40.3,70.1,0.046,0.005,69.8,26.8,41.8,0
Mizoram,27.14,1454.8,1,4.73,0.536,60.7,89.9,174.5,73.7,110.3,0.017,0.043,40.3,55.0,49.9,1
Manipur,22.61,421.3,3,0.79,0.545,65.0,173.8,269.9,94.8,130.0,2.525,0.002,51.7,92.1,78.0,1
Arunachal Pradesh,53.27,3348.8,2,1.31,0.666,68.1,41.5,91.9,78.9,101.2,0.056,0.03,89.3,39.0,56.6,1
Sikkim,41.74,2891.9,2,6.24,0.626,44.4,33.0,62.1,18.4,24.0,0.076,0.032,69.2,21.9,38.4,1
Meghalaya,15.65,2006.7,2,3.76,0.715,29.5,82.6,156.4,69.8,114.4,0.003,0.009,51.8,53.2,52.7,0
Sikkim,31.07,2393.3,1,3.96,0.485,92.0,9.4,19.2,29.4,50.9,0.003,0.02,46.6,15.1,26.1,0
Nagaland,38.13,1303.7,2,1.06,0.812,82.7,44.7,78.5,49.5,78.6,0.001,0.018,80.1,34.5,50.5,0
Manipur,14.8,862.3,1,4.46,0.584,0.3,100.0,226.3,99.0,140.0,0.953,0.047,25.5,70.8,54.9,1
Meghalaya,40.48,863.2,1,6.63,0.745,51.3,202.0,472.6,99.0,134.3,1.298,0.075,43.3,96.4,77.8,1
Sikkim,29.22,2541.0,2,9.74,0.756,27.5,71.5,125.2,76.8,114.5,0.088,0.008,51.7,48.6,49.7,0
Assam,26.34,970.3,1,6.01,0.497,64.3,2.9,7.3,13.7,19.0,0.044,0.014,41.3,7.7,19.5,0
Meghalaya,28.34,1445.2,2,3.87,0.788,50.3,84.9,125.2,69.6,104.2,0.014,0.003,63.6,46.1,52.2,0
Meghalaya,35.82,2154.3,2,5.03,0.655,2.1,5.9,14.0,18.4,22.2,0.052,0.028,59.2,7.3,25.5,0
Sikkim,45.54,3690.0,1,2.99,0.827,72.8,8.7,17.5,17.7,30.5,0.272,0.053,52.9,10.2,25.2,0
Manipur,21.27,581.9,1,1.16,0.763,27.5,81.5,185.0,86.9,135.0,1.603,0.002,39.1,59.3,52.2,1
Meghalaya,29.07,823.0,3,9.62,0.76,26.0,158.1,309.3,99.0,147.9,0.308,0.028,45.8,89.0,73.9,1
Nagaland,33.75,2096.5,1,3.42,0.745,3.2,199.3,384.5,99.0,147.3,0.046,0.014,36.3,91.6,72.2,1
Nagaland,30.97,1918.4,2,4.06,0.646,82.8,15.7,25.2,34.3,56.9,0.001,0.069,67.0,18.1,35.2,0
Sikkim,38.16,3788.3,2,20.77,0.693,57.9,171.6,411.4,99.0,151.3,1.134,0.002,63.3,91.7,81.8,1
Meghalaya,21.38,2006.8,3,18.9,0.672,48.5,47.3,86.0,64.6,102.4,0.079,0.042,36.3,40.9,39.3,0
Manipur,24.0,550.1,3,3.97,0.609,67.6,5.1,10.2,28.3,47.5,0.103,0.017,53.8,10.3,25.5,0
Sikkim,39.54,3900.4,3,0.16,0.64,34.5,38.5,94.7,52.9,90.6,0.09,0.018,64.2,28.8,41.2,0
Nagaland,19.83,2083.0,1,2.27,0.564,56.9,116.3,200.2,92.8,142.1,0.826,0.002,39.8,71.8,60.6,0
Assam,17.85,449.1,3,12.46,0.727,24.9,85.8,174.3,70.4,109.1,0.067,0.007,31.7,52.1,45.0,0
Mizoram,17.51,1728.0,1,1.53,0.404,6.3,85.7,158.3,88.9,143.1,0.733,0.007,31.7,60.7,50.5,0
Nagaland,32.29,2193.0,1,30.0,0.518,56.1,16.2,39.0,32.7,48.5,0.058,0.004,35.0,21.3,26.1,0
Nagaland,35.6,870.9,2,0.4,0.674,22.1,54.4,149.4,63.5,110.7,0.05,0.007,69.8,38.8,49.6,0
Manipur,16.03,598.1,2,3.78,0.64,75.0,68.2,186.1,87.1,132.9,2.236,0.005,56.5,60.4,59.0,1
Sikkim,31.8,3583.9,1,3.26,0.532,45.2,237.6,498.0,99.0,173.7,0.852,0.016,45.2,92.9,76.2,0
Arunachal Pradesh,34.53,2087.0,1,1.33,0.713,25.0,13.8,22.6,22.5,37.9,0.044,0.008,41.0,13.8,23.3,0
Sikkim,31.75,3084.3,3,13.36,0.614,60.8,64.4,177.2,84.4,119.6,0.691,0.012,49.4,57.9,54.9,0
Mizoram,25.68,1723.5,3,4.34,0.378,11.7,11.9,31.5,23.9,38.1,0.022,0.01,51.3,15.0,27.7,0
Meghalaya,18.97,2037.8,2,1.18,0.367,76.1,62.3,101.0,57.0,93.0,0.055,0.009,66.8,32.8,44.7,0
Nagaland,26.65,1902.8,2,2.18,0.763,45.2,115.1,205.1,69.8,103.3,0.034,0.0,64.7,59.5,61.3,0
Sikkim,25.33,3391.8,3,5.75,0.626,81.3,65.3,101.6,53.7,87.2,0.07,0.02,45.9,33.5,37.8,0
Mizoram,40.11,1981.1,3,1.59,0.764,13.8,10.9,29.7,21.9,29.5,0.003,0.022,60.1,14.8,30.6,0
Arunachal Pradesh,49.53,3522.6,2,9.53,0.656,38.3,2.2,3.4,10.9,15.0,0.016,0.024,64.6,5.3,26.0,0
Nagaland,35.17,1600.4,2,0.82,0.683,18.0,21.1,41.1,22.4,35.6,0.009,0.028,75.2,18.1,38.1,0
Meghalaya,39.71,1089.5,1,1.38,0.747,6.1,10.2,26.3,15.9,23.7,0.004,0.024,44.4,6.0,19.4,0
Arunachal Pradesh,30.85,3604.6,2,0.7,0.649,95.5,21.7,46.8,37.5,53.7,0.009,0.012,76.3,22.6,41.4,0
Sikkim,42.29,2776.9,2,0.5,0.677,72.7,114.1,242.3,99.0,122.8,1.855,0.006,82.4,81.9,82.1,1
Nagaland,35.34,1069.5,2,1.61,0.821,32.6,196.0,379.5,99.0,177.2,0.096,0.015,66.9,90.3,82.1,1
Meghalaya,33.86,2040.8,2,30.0,0.501,24.6,166.9,235.7,87.6,117.1,1.099,0.1,55.4,82.2,72.9,1
Arunachal Pradesh,34.29,3257.3,1,0.45,0.73,20.4,17.7,28.5,29.1,45.8,0.015,0.006,45.8,10.9,23.1,0
Assam,19.82,635.3,3,1.08,0.762,4.3,256.5,566.6,99.0,165.9,0.934,0.014,46.0,95.5,78.2,1
Mizoram,33.57,1888.1,1,1.43,0.533,10.3,232.7,587.2,99.0,149.0,1.367,0.007,44.2,95.9,77.8,1
Assam,21.2,722.7,2,4.34,0.741,10.3,41.7,96.1,73.4,113.6,0.186,0.009,52.7,37.6,42.9,0
Meghalaya,25.29,2046.1,3,6.16,0.706,66.6,19.9,49.1,29.1,44.2,0.008,0.013,43.2,18.8,27.3,0
Meghalaya,40.99,1398.2,2,6.27,0.623,59.5,70.7,119.5,66.4,105.0,0.078,0.026,64.2,45.2,51.8,0
Manipur,20.28,480.1,2,0.1,0.502,56.8,49.0,107.3,46.5,67.4,0.073,0.03,66.4,28.8,42.0,0
Meghalaya,37.15,2180.1,2,4.75,0.489,73.4,37.4,71.8,30.0,42.4,0.016,0.004,76.6,22.8,41.7,1
Mizoram,28.01,1158.9,3,4.48,0.742,25.1,196.9,367.8,99.0,177.3,2.379,0.028,51.0,98.7,82.0,1
Sikkim,41.71,2181.0,3,3.28,0.826,34.2,6.5,13.0,26.6,37.8,0.025,0.023,56.6,12.1,27.7,0
Meghalaya,32.8,899.4,2,2.15,0.566,12.7,119.8,313.8,99.0,145.3,0.002,0.024,61.5,77.0,71.6,1
Arunachal Pradesh,30.64,2206.8,3,7.19,0.47,58.8,280.0,738.9,99.0,128.4,0.098,0.016,58.6,89.5,78.7,1
Arunachal Pradesh,37.87,1840.1,1,1.9,0.75,93.3,19.7,49.3,9.5,16.2,0.001,0.006,55.6,8.6,25.1,0
Arunachal Pradesh,35.25,4075.5,3,1.18,0.606,86.3,202.9,390.8,99.0,164.8,0.259,0.009,63.5,89.9,80.6,1
Arunachal Pradesh,36.07,2252.1,3,1.67,0.798,55.5,71.5,102.5,44.2,72.5,0.037,0.026,63.6,39.1,47.7,0
Tripura,25.53,709.6,2,2.61,0.726,64.5,243.5,466.0,99.0,170.4,1.133,0.001,67.9,93.4,84.5,1
Sikkim,36.9,3168.7,3,1.08,0.769,99.2,112.3,286.9,99.0,119.9,0.151,0.001,71.9,69.2,70.2,1
Mizoram,37.98,2028.7,2,4.21,0.335,51.7,10.1,15.5,20.6,24.9,0.053,0.028,74.5,11.6,33.6,0
Nagaland,35.74,1699.7,2,9.7,0.504,87.1,13.6,31.7,48.8,87.1,0.008,0.017,58.7,24.3,36.4,0
Meghalaya,32.63,1188.2,3,4.07,0.799,50.1,13.6,35.4,24.6,32.3,0.015,0.003,51.1,17.1,29.0,0
Arunachal Pradesh,46.37,3876.2,2,2.66,0.582,4.8,4.5,9.2,15.0,25.9,0.018,0.001,72.2,2.0,26.6,0
Nagaland,38.27,856.2,2,7.17,0.736,93.5,143.8,209.8,84.2,141.2,0.15,0.015,74.4,72.1,72.9,1
Mizoram,32.64,1356.5,2,6.2,0.682,11.2,20.3,42.6,56.9,86.0,0.036,0.059,61.5,22.0,35.8,0
Nagaland,33.16,1705.7,3,2.06,0.618,70.4,19.0,44.9,57.5,70.5,0.025,0.028,62.1,20.3,34.9,0
Nagaland,38.98,2017.5,3,4.17,0.389,23.8,19.3,44.8,29.6,39.1,0.023,0.018,61.9,18.3,33.6,0
Tripura,23.6,984.0,1,5.89,0.444,90.1,2.9,6.1,11.9,14.7,0.004,0.038,36.7,3.1,14.8,0
Meghalaya,40.9,1759.9,2,1.27,0.781,20.0,9.3,20.8,29.5,49.1,0.008,0.008,77.2,11.3,34.4,0
Sikkim,36.73,2539.2,3,2.05,0.783,14.0,15.8,28.2,23.3,35.0,0.003,0.017,59.7,14.9,30.5,0
Mizoram,24.19,1895.8,2,0.5,0.664,43.9,243.6,413.5,99.0,177.4,0.082,0.054,60.8,92.9,81.7,1
Arunachal Pradesh,32.13,2241.8,3,19.78,0.691,49.7,117.5,310.3,99.0,150.7,0.23,0.007,49.4,79.2,68.8,1
Manipur,9.22,621.4,3,0.4,0.73,81.9,15.1,27.3,20.2,25.6,0.003,0.003,41.0,6.2,18.4,0
Arunachal Pradesh,31.62,2135.9,2,0.83,0.756,76.2,53.3,126.3,59.6,75.1,0.009,0.022,68.3,37.6,48.3,1
Sikkim,43.0,3641.1,2,2.94,0.66,32.8,220.1,364.7,99.0,149.9,1.024,0.023,72.9,93.5,86.3,1
Nagaland,31.06,832.3,2,9.02,0.547,38.5,117.9,236.0,91.8,142.3,0.324,0.009,59.9,72.4,68.0,1
Mizoram,25.89,1285.5,2,1.98,0.438,57.7,142.2,227.4,93.7,121.2,0.368,0.001,63.9,72.6,69.6,1
Sikkim,33.34,3898.5,2,6.59,0.743,55.2,167.6,303.7,99.0,127.9,0.739,0.018,61.1,87.8,78.4,1
Meghalaya,33.86,2073.3,3,5.07,0.727,86.2,8.0,13.2,34.3,60.1,0.206,0.001,55.7,10.5,26.3,0
Manipur,16.99,104.6,3,4.58,0.614,47.2,127.6,349.5,99.0,169.0,0.512,0.006,44.7,79.0,67.0,0
Sikkim,35.92,2603.0,2,8.39,0.664,89.4,46.0,65.4,51.1,61.6,0.016,0.003,69.2,32.1,45.1,0
Manipur,11.21,853.0,3,0.1,0.645,20.5,94.1,177.6,68.2,112.3,0.047,0.002,42.8,51.9,48.7,1
Arunachal Pradesh,47.63,3434.8,2,11.91,0.756,86.8,15.8,36.1,31.3,47.5,0.024,0.001,73.6,13.3,34.4,0
Nagaland,41.03,2116.7,2,7.95,0.465,30.4,111.8,293.9,99.0,157.1,0.533,0.027,66.5,77.2,73.5,0
Manipur,15.05,183.8,2,12.5,0.596,78.9,84.1,235.2,99.0,121.2,0.755,0.06,54.5,66.4,62.2,1
Arunachal Pradesh,34.95,2844.6,3,7.1,0.629,56.5,13.8,31.1,21.9,32.0,0.061,0.014,52.3,10.8,25.3,0
Meghalaya,18.74,1559.1,2,9.49,0.798,87.6,67.0,179.8,70.4,104.4,0.029,0.03,47.5,49.0,48.5,1
Arunachal Pradesh,46.83,3241.7,2,1.02,0.474,23.1,79.3,216.4,87.3,111.4,1.554,0.012,80.3,59.2,66.6,1
Mizoram,23.33,1609.0,2,1.73,0.707,70.1,17.7,38.1,26.7,46.9,0.025,0.012,66.5,15.4,33.3,0
Meghalaya,31.58,1298.7,1,1.7,0.502,84.9,4.7,7.3,37.3,45.0,0.21,0.029,48.8,13.7,26.0,0
Mizoram,24.92,1487.5,2,0.52,0.628,77.7,85.5,179.8,94.2,118.4,1.917,0.024,64.7,64.8,64.8,1
Arunachal Pradesh,37.68,1537.7,1,5.88,0.754,56.6,156.8,325.8,99.0,152.6,1.27,0.003,39.5,92.0,73.6,1
Arunachal Pradesh,44.98,2684.9,3,0.66,0.623,67.5,29.3,63.5,44.7,53.7,0.017,0.051,74.5,21.6,40.1,0
Arunachal Pradesh,42.48,2886.2,1,0.24,0.654,19.7,9.7,18.4,37.4,67.1,0.062,0.079,52.7,20.2,31.6,0
Sikkim,43.13,2174.4,2,6.72,0.629,21.6,118.1,275.8,99.0,120.6,0.826,0.001,65.3,71.7,69.4,1
Meghalaya,49.05,2199.8,1,10.58,0.588,26.7,5.1,10.5,30.7,48.5,0.23,0.003,44.5,10.4,22.4,0
Manipur,11.99,679.8,3,6.5,0.745,82.8,5.6,12.3,5.0,7.1,0.019,0.058,43.2,3.8,17.6,0
Mizoram,31.4,1296.3,2,7.85,0.764,16.7,54.4,99.2,54.7,69.3,0.036,0.016,55.0,32.6,40.5,0
Meghalaya,45.59,1938.1,3,4.07,0.662,29.9,10.4,20.9,30.0,51.5,0.035,0.025,64.6,11.9,30.4,0
Assam,21.24,511.4,3,9.84,0.541,92.0,6.4,15.3,15.5,23.7,0.105,0.009,44.8,8.7,21.3,0
Mizoram,31.99,895.2,3,3.09,0.697,75.5,8.3,12.8,34.4,55.2,0.015,0.009,65.1,13.5,31.6,0
Assam,18.32,325.5,3,20.03,0.731,73.3,40.8,102.8,42.9,71.7,0.024,0.021,35.8,30.1,32.1,0
Meghalaya,32.79,1295.2,1,0.49,0.681,45.5,11.3,22.6,12.6,19.3,0.149,0.024,49.2,11.7,24.8,0
Sikkim,37.65,1577.3,2,7.45,0.78,70.2,21.3,58.9,46.9,63.4,0.006,0.001,72.3,21.8,39.5,0
Arunachal Pradesh,52.58,3165.5,2,4.61,0.585,56.6,206.0,441.6,99.0,137.3,0.203,0.087,87.6,92.8,91.0,1
Nagaland,37.28,1499.4,3,3.91,0.698,7.1,8.7,12.9,24.4,41.4,0.029,0.023,51.6,12.6,26.2,0
Arunachal Pradesh,36.65,3414.2,3,5.82,0.714,57.7,204.8,433.2,99.0,165.5,1.07,0.001,61.6,93.3,82.2,1
Sikkim,43.95,3446.6,3,8.25,0.295,45.2,67.2,143.9,75.7,91.5,0.038,0.001,61.7,41.7,48.7,1
Meghalaya,26.72,2065.7,1,8.94,0.57,11.4,80.1,186.8,70.2,108.7,0.026,0.06,29.7,53.9,45.5,0
Meghalaya,31.6,1750.8,2,0.87,0.458,34.4,19.2,31.3,35.6,58.9,0.038,0.007,72.8,21.4,39.4,0
Mizoram,28.49,933.2,2,0.99,0.613,89.5,28.8,59.5,26.6,33.5,0.082,0.008,74.8,18.1,37.9,0
Arunachal Pradesh,43.35,2677.0,1,0.1,0.794,80.4,55.2,107.3,51.0,79.9,0.03,0.013,54.5,35.1,41.9,0
Sikkim,36.92,4160.6,1,0.64,0.709,91.4,1.7,4.6,26.7,39.5,0.003,0.004,56.1,9.6,25.9,0
Mizoram,32.69,1613.4,2,1.38,0.703,71.7,109.9,199.4,81.5,108.5,0.717,0.001,72.3,63.5,66.6,0
Assam,18.8,550.5,3,5.75,0.493,63.3,5.8,8.2,25.6,40.5,0.145,0.008,44.3,8.6,21.1,0
Nagaland,34.18,1162.6,2,2.91,0.504,13.9,82.6,173.1,83.2,114.8,0.402,0.003,66.1,54.1,58.3,1
Assam,23.87,911.5,2,6.38,0.632,10.7,179.3,492.7,99.0,130.7,1.606,0.019,54.4,94.2,80.3,1
Nagaland,41.06,1344.4,2,3.0,0.713,24.7,45.4,104.4,48.5,71.2,0.019,0.003,71.9,32.9,46.5,1
Mizoram,29.96,1991.3,2,3.65,0.674,31.4,43.8,98.1,40.1,62.5,0.064,0.066,66.0,29.8,42.5,0
Arunachal Pradesh,29.84,3254.1,3,0.53,0.609,60.7,11.6,29.7,25.6,37.4,0.116,0.029,61.4,17.3,32.7,0
Mizoram,34.56,1067.9,2,6.74,0.816,87.7,49.6,80.2,65.3,114.1,0.002,0.04,64.5,37.5,47.0,0
Mizoram,23.64,830.8,1,6.39,0.569,89.1,6.4,12.0,13.8,24.1,0.145,0.022,34.8,3.4,14.4,0
Mizoram,29.77,1096.6,2,1.65,0.601,68.2,267.4,452.4,99.0,140.7,1.075,0.051,64.8,97.5,86.0,1
Meghalaya,21.98,1502.1,3,1.79,0.767,57.4,13.1,25.4,5.5,7.3,0.12,0.011,47.1,0.1,16.5,0
Meghalaya,51.77,1146.8,2,1.12,0.611,24.4,78.9,116.6,53.2,92.6,0.04,0.002,88.2,39.7,56.7,0
Sikkim,47.72,2466.5,2,7.57,0.488,93.8,113.7,224.6,90.3,130.9,0.095,0.019,77.6,67.5,71.0,1
Meghalaya,39.25,2033.6,1,6.18,0.534,67.1,8.5,13.6,14.4,20.0,0.09,0.035,49.0,12.0,25.0,0
Arunachal Pradesh,49.48,2248.8,1,4.23,0.715,53.3,0.4,1.0,8.4,14.9,0.059,0.046,59.3,8.8,26.5,0
Nagaland,38.39,800.9,3,1.23,0.694,10.4,93.3,193.4,74.1,110.8,0.17,0.007,56.9,55.2,55.8,0
Arunachal Pradesh,39.8,1832.6,2,0.85,0.606,82.6,65.0,151.7,57.1,98.5,0.02,0.002,79.7,39.2,53.4,0
Arunachal Pradesh,40.04,2510.1,2,0.23,0.766,34.9,7.5,15.2,17.0,20.5,0.009,0.009,72.6,8.9,31.2,0
Meghalaya,40.66,2004.5,2,0.21,0.535,90.1,79.8,181.8,79.4,97.9,0.203,0.011,82.0,51.1,61.9,1
Mizoram,41.19,996.4,3,0.93,0.482,16.8,74.8,115.2,56.2,83.6,0.099,0.002,66.2,43.4,51.3,1
Meghalaya,25.81,1345.4,1,0.48,0.381,4.9,27.8,45.4,26.8,42.6,0.073,0.011,36.2,18.4,24.6,0
Sikkim,36.69,1540.8,3,3.65,0.68,43.5,211.5,582.6,99.0,147.3,0.479,0.013,54.5,90.1,77.6,1
Meghalaya,32.45,1989.7,2,1.99,0.676,7.8,39.3,101.2,59.3,88.1,0.048,0.022,66.7,34.9,46.0,1
Sikkim,46.05,1661.7,3,2.65,0.585,6.2,26.3,57.5,11.1,15.5,0.015,0.003,65.6,11.4,30.4,0
Assam,15.52,448.0,3,4.06,0.796,71.4,74.3,207.9,95.8,141.1,0.376,0.011,46.1,57.7,53.7,0
Assam,14.92,822.6,2,4.84,0.664,25.7,137.4,199.2,99.0,168.3,0.556,0.182,51.1,75.0,66.6,0
Meghalaya,23.16,891.0,1,4.7,0.629,63.9,6.2,17.1,21.2,35.0,0.111,0.007,33.0,11.5,19.0,0
Sikkim,33.88,1714.6,1,1.36,0.786,57.1,15.8,23.5,20.0,26.7,0.035,0.005,44.7,12.1,23.5,0
Nagaland,29.69,1816.7,3,7.46,0.475,14.1,58.8,135.3,87.4,142.5,1.206,0.001,43.5,51.0,48.4,0
Arunachal Pradesh,51.22,3342.2,1,11.24,0.509,38.6,0.2,0.5,26.1,42.0,0.005,0.002,43.5,9.5,21.4,0
Meghalaya,37.74,1329.2,2,1.71,0.531,6.6,126.1,331.0,99.0,126.7,0.372,0.015,73.1,81.8,78.8,0
Sikkim,46.04,1709.0,1,0.1,0.759,42.2,128.9,285.7,99.0,170.1,0.681,0.008,58.8,76.8,70.5,1
Assam,14.06,193.8,2,10.32,0.816,18.2,1.0,1.8,10.0,12.3,0.032,0.033,39.4,5.4,17.3,0
Arunachal Pradesh,36.21,3920.4,1,11.57,0.528,9.6,46.2,78.6,41.1,49.5,0.155,0.0,31.6,24.2,26.8,0
Meghalaya,36.79,1284.2,3,0.24,0.744,31.7,41.6,100.9,44.2,74.4,0.049,0.031,64.1,33.5,44.2,0
Nagaland,32.94,1748.0,3,0.1,0.672,0.3,59.6,153.2,81.2,129.0,0.423,0.033,59.4,53.9,55.8,1
Meghalaya,35.5,981.4,2,7.63,0.517,75.8,158.5,329.8,99.0,130.1,0.711,0.004,65.2,85.3,78.3,1
Arunachal Pradesh,27.39,1505.6,2,1.61,0.769,15.8,173.2,438.0,99.0,161.8,0.012,0.039,59.7,84.1,75.6,1
Tripura,20.57,934.2,2,11.07,0.591,62.6,29.3,47.4,22.6,39.0,0.04,0.002,51.3,17.1,29.1,0
Meghalaya,37.18,1267.4,3,1.1,0.822,83.3,11.2,24.0,21.7,28.4,0.091,0.016,61.0,12.3,29.3,0
Mizoram,25.28,1788.5,2,8.88,0.501,91.7,3.9,8.1,6.6,9.3,0.109,0.018,61.1,4.2,24.1,0
Sikkim,23.86,3027.7,2,0.32,0.758,55.8,88.7,227.3,79.6,134.8,0.017,0.019,63.3,58.3,60.0,1
Meghalaya,25.03,1052.3,2,1.36,0.74,78.8,52.9,142.1,70.5,116.8,0.099,0.014,69.4,48.5,55.9,0
Meghalaya,40.56,1514.6,3,16.28,0.48,45.5,5.9,9.2,19.6,30.7,0.008,0.021,53.0,8.2,23.9,0
Arunachal Pradesh,28.38,2045.1,2,1.18,0.616,49.0,88.1,195.2,79.0,113.3,0.074,0.011,72.4,58.3,63.3,0
Arunachal Pradesh,38.13,2602.0,2,0.64,0.295,54.7,89.5,177.5,87.5,126.8,1.525,0.113,84.9,68.5,74.2,1
Nagaland,20.14,1008.0,2,8.75,0.4,67.0,144.7,299.1,99.0,144.5,1.261,0.017,53.6,84.2,73.5,1
Sikkim,30.8,1511.8,2,0.56,0.694,67.0,70.5,181.0,86.0,150.9,3.097,0.003,71.4,68.9,69.8,1
Arunachal Pradesh,39.65,3318.9,2,0.46,0.71,78.5,38.0,88.8,46.4,70.2,0.022,0.013,78.3,23.8,42.9,1
Meghalaya,31.96,896.4,2,1.76,0.707,61.7,91.5,193.2,78.4,118.1,0.034,0.042,72.0,56.2,61.7,1
Nagaland,39.28,2057.6,2,4.54,0.691,88.3,108.5,237.2,94.3,133.8,0.115,0.004,78.7,65.3,70.0,1
Arunachal Pradesh,41.35,2709.4,3,5.58,0.589,70.9,54.1,140.4,60.5,95.8,0.087,0.017,60.8,40.7,47.8,1
Meghalaya,25.28,1033.4,1,9.59,0.598,92.9,78.9,203.0,77.6,119.0,0.119,0.038,29.4,61.9,50.5,0
Arunachal Pradesh,36.09,2703.7,2,3.5,0.641,75.0,19.7,36.9,8.7,13.9,0.024,0.021,75.2,12.1,34.2,0
Arunachal Pradesh,34.43,2658.8,2,2.25,0.685,73.9,69.1,107.7,54.4,96.0,0.006,0.005,76.1,30.6,46.5,0
Arunachal Pradesh,20.36,3240.1,2,2.0,0.59,86.0,10.4,16.9,43.6,73.4,0.044,0.015,64.4,24.1,38.2,0
Nagaland,43.1,1101.6,2,8.45,0.458,65.6,9.7,18.0,17.4,21.5,0.01,0.022,77.0,10.7,33.9,0
Arunachal Pradesh,38.32,3737.9,3,5.79,0.526,18.0,75.1,206.5,85.1,152.3,0.042,0.001,58.2,60.1,59.4,0
Arunachal Pradesh,39.77,1785.9,2,10.61,0.47,8.3,37.3,101.0,53.4,71.9,0.087,0.019,59.4,30.3,40.5,0
Meghalaya,36.55,2053.4,3,14.96,0.553,31.6,171.7,457.0,99.0,157.0,0.06,0.028,49.8,89.0,75.3,1
Manipur,23.99,133.1,3,1.61,0.518,81.4,33.4,73.0,53.5,84.1,0.002,0.016,58.1,26.2,37.3,1
Sikkim,44.59,3657.2,2,3.39,0.754,2.2,171.6,359.8,99.0,121.5,0.036,0.012,69.8,83.2,78.5,1
Meghalaya,29.42,1608.0,3,4.5,0.738,15.0,101.1,176.7,65.4,117.1,0.125,0.016,49.8,49.6,49.7,1
Arunachal Pradesh,33.92,2215.4,2,0.81,0.72,10.6,144.6,339.7,99.0,144.4,0.11,0.001,61.9,86.3,77.7,1
Meghalaya,39.58,951.4,2,0.25,0.702,3.7,114.8,302.4,99.0,167.0,1.001,0.011,71.3,79.0,76.3,1
Meghalaya,43.31,1718.4,3,9.1,0.75,81.0,42.9,110.5,55.0,78.7,0.184,0.003,60.0,38.6,46.1,0
Meghalaya,20.12,1443.5,2,3.45,0.611,28.0,70.4,173.5,75.8,108.0,0.074,0.026,57.6,51.0,53.3,0
Sikkim,46.85,2274.9,1,3.81,0.674,72.9,93.1,162.2,83.3,133.2,0.765,0.04,53.7,62.9,59.7,0
Sikkim,36.09,4150.2,2,3.64,0.788,14.2,7.1,15.7,17.1,24.0,0.087,0.023,66.6,9.8,29.7,0
Arunachal Pradesh,37.41,3187.0,2,6.33,0.729,40.9,44.5,76.3,46.8,68.3,0.01,0.013,66.2,28.9,41.9,0
Sikkim,17.47,2956.3,1,0.71,0.808,11.6,11.6,29.3,13.1,19.4,0.101,0.002,36.2,13.2,21.2,0
Arunachal Pradesh,38.12,2526.3,3,4.28,0.726,0.2,112.8,303.5,99.0,144.4,0.168,0.011,58.0,75.9,69.7,1
Nagaland,28.11,1186.4,2,2.85,0.442,61.3,8.5,22.9,26.8,37.1,0.112,0.047,69.8,14.4,33.8,0
Assam,7.06,262.0,3,10.23,0.61,48.1,225.8,607.0,99.0,165.9,1.041,0.005,29.6,94.3,71.7,1
Tripura,27.14,237.5,1,3.3,0.518,41.7,48.7,87.6,37.8,63.5,0.006,0.031,35.3,28.4,30.8,0
Manipur,21.18,129.5,2,12.89,0.604,7.9,90.4,153.2,61.6,102.6,0.141,0.008,46.7,47.8,47.4,0
Mizoram,34.41,2100.9,1,1.96,0.736,58.8,130.1,197.1,67.4,81.7,0.045,0.052,48.7,61.4,57.0,0
Mizoram,40.27,1423.4,2,15.34,0.591,78.0,122.3,299.4,99.0,149.6,0.64,0.025,65.8,78.3,73.9,1
Sikkim,43.81,2521.0,2,9.36,0.704,6.7,7.1,19.4,30.3,51.0,0.076,0.011,60.5,16.4,31.8,0
Mizoram,22.99,1676.9,3,3.95,0.789,41.3,149.5,234.3,99.0,119.2,1.237,0.001,47.8,79.6,68.5,1
Meghalaya,38.42,1186.0,2,1.96,0.741,31.2,29.7,61.4,46.3,62.2,0.015,0.002,67.6,23.4,38.9,0
Meghalaya,21.38,871.4,2,2.12,0.595,89.2,70.0,124.8,81.7,124.0,0.208,0.028,62.5,52.9,56.3,0
Nagaland,36.21,976.3,2,6.67,0.333,26.3,0.7,1.6,26.0,37.1,0.002,0.041,64.3,7.2,27.2,0
Sikkim,53.83,2010.9,1,3.91,0.761,94.4,116.8,305.0,99.0,165.6,0.499,0.044,51.6,78.5,69.1,1
Sikkim,43.19,1967.0,2,2.31,0.724,82.8,23.5,44.5,44.2,67.8,0.007,0.052,82.4,26.4,46.0,0
Assam,18.02,930.6,1,4.55,0.407,10.0,44.9,105.8,49.6,80.4,0.018,0.02,26.0,36.7,32.9,0
Arunachal Pradesh,53.46,1797.7,3,5.95,0.825,48.1,280.0,548.2,99.0,120.6,0.157,0.003,66.0,86.8,79.5,1
Meghalaya,33.35,1176.6,3,0.1,0.587,64.9,218.8,596.9,99.0,126.9,1.778,0.001,63.0,90.8,81.1,1
Manipur,14.4,216.2,2,0.42,0.709,59.3,20.2,28.4,51.9,78.1,0.004,0.005,54.4,25.2,35.4,0
Mizoram,27.61,1126.6,2,0.45,0.783,67.9,29.8,73.8,33.7,57.1,0.01,0.006,69.7,18.1,36.2,0
Meghalaya,27.39,1575.3,1,1.19,0.743,42.6,66.1,96.6,48.3,59.9,0.074,0.051,36.9,38.6,38.0,0
Sikkim,55.84,1830.4,3,2.51,0.375,90.5,135.4,326.9,99.0,119.9,1.118,0.03,78.9,86.8,84.0,1
Sikkim,43.04,1558.3,3,7.33,0.609,27.0,120.3,328.5,99.0,157.3,2.137,0.011,59.8,84.6,75.9,1
Manipur,23.78,445.2,3,1.95,0.735,9.4,0.5,1.3,10.8,15.9,0.028,0.01,48.0,5.8,20.6,0
Meghalaya,35.16,1131.0,2,0.1,0.766,97.8,10.0,15.6,31.7,43.7,0.015,0.001,73.4,11.5,33.1,0
Meghalaya,33.87,1438.8,2,2.97,0.733,65.2,11.3,16.9,30.2,38.9,0.134,0.056,66.9,17.2,34.6,0
Arunachal Pradesh,34.02,2910.1,2,25.62,0.794,65.9,13.0,34.9,27.0,37.1,0.009,0.007,58.4,15.4,30.5,0
Arunachal Pradesh,28.25,1644.0,3,1.93,0.762,81.8,4.6,8.1,5.0,6.8,0.04,0.001,58.1,4.0,22.9,0
Assam,22.15,846.1,3,14.63,0.842,42.1,73.9,121.7,79.1,97.4,0.032,0.005,39.3,46.2,43.8,0
Sikkim,53.13,2233.8,2,0.48,0.452,38.6,18.8,32.4,28.8,45.0,0.003,0.005,85.0,14.4,39.1,0
Mizoram,34.14,1066.2,3,0.86,0.589,94.9,67.2,144.6,57.7,98.8,0.088,0.073,69.2,47.7,55.3,0
Arunachal Pradesh,49.02,3328.0,3,5.8,0.488,38.7,120.7,180.4,71.7,117.3,0.026,0.008,63.7,60.3,61.5,1
Mizoram,19.94,1757.1,2,3.13,0.739,7.8,16.9,24.3,30.9,48.5,0.084,0.042,52.4,17.3,29.6,0
Assam,21.87,981.4,3,6.52,0.832,30.8,27.2,60.4,39.9,55.0,0.002,0.021,42.2,23.1,29.8,0
Meghalaya,28.3,1558.6,2,8.96,0.447,87.4,4.1,8.3,18.0,27.4,0.027,0.01,65.4,5.9,26.7,0
Arunachal Pradesh,29.67,1959.6,2,1.3,0.576,9.5,15.7,41.8,39.6,54.0,0.058,0.008,62.4,17.9,33.5,0
Mizoram,42.55,2134.5,1,5.17,0.57,71.7,35.6,77.6,42.0,54.2,0.083,0.009,50.3,24.5,33.5,0
Nagaland,29.14,2179.7,2,4.21,0.552,26.6,8.9,19.8,9.9,12.4,0.016,0.009,63.7,4.5,25.3,0
Sikkim,43.02,1595.6,3,8.9,0.611,74.6,34.7,93.1,57.4,71.8,0.0,0.022,58.7,29.9,40.0,0
Manipur,19.39,771.3,2,2.53,0.772,51.5,16.9,25.9,20.6,30.4,0.032,0.013,53.1,10.9,25.6,0
Mizoram,22.97,1510.2,1,0.24,0.699,63.7,207.4,423.5,99.0,161.6,1.216,0.033,40.1,95.3,76.0,1
Manipur,24.41,216.6,2,3.84,0.473,24.3,21.2,41.6,26.0,38.5,0.139,0.036,60.6,14.6,30.7,0
Mizoram,29.61,1676.5,2,14.36,0.803,16.8,1.8,4.5,20.4,31.7,0.011,0.059,49.5,9.6,23.5,0
Arunachal Pradesh,45.59,1928.7,2,0.1,0.676,6.3,28.8,57.3,28.2,43.4,0.056,0.002,74.2,18.9,38.3,0
Sikkim,30.86,2858.3,2,1.24,0.625,82.6,140.8,292.5,99.0,137.0,0.307,0.025,75.5,78.6,77.5,1
Arunachal Pradesh,33.66,2835.6,1,1.71,0.384,71.0,20.8,42.8,45.1,78.9,0.045,0.009,48.2,16.0,27.3,0
Manipur,23.3,425.6,3,6.53,0.553,29.3,20.8,52.2,50.0,82.1,0.15,0.009,43.9,22.5,30.0,0
Nagaland,26.63,1060.9,3,1.76,0.767,83.7,235.2,550.7,99.0,161.7,0.257,0.014,57.9,91.7,79.9,1
Mizoram,37.02,1817.1,2,1.23,0.807,83.4,31.0,62.0,44.1,66.4,0.046,0.076,75.4,29.6,45.6,0
Sikkim,21.92,2801.1,3,4.71,0.747,13.8,13.1,19.7,33.4,43.8,0.047,0.015,43.6,13.3,23.9,0
Arunachal Pradesh,28.36,3969.7,3,0.21,0.589,71.4,70.8,181.7,78.3,114.1,0.019,0.007,62.8,55.7,58.2,1
Nagaland,32.56,2100.2,2,0.84,0.762,29.2,26.4,73.6,38.9,52.0,0.001,0.002,69.0,17.1,35.2,0
Meghalaya,47.42,2192.5,2,2.36,0.475,46.7,70.1,171.1,62.2,81.8,0.012,0.016,78.8,49.9,60.0,1
Sikkim,43.37,4189.4,3,1.98,0.429,43.0,280.0,561.6,99.0,124.8,0.0,0.014,69.6,88.6,81.9,1
Mizoram,32.88,1921.2,2,1.92,0.63,60.0,1.2,2.4,28.6,38.9,0.02,0.012,63.6,7.1,26.8,0
Arunachal Pradesh,42.31,2599.4,2,0.52,0.652,34.7,55.6,124.3,57.8,92.8,0.028,0.013,74.9,41.4,53.1,1
Sikkim,34.61,1896.6,3,2.01,0.728,7.3,220.7,375.0,99.0,164.8,0.2,0.005,59.0,84.4,75.5,1
Meghalaya,18.29,1299.9,2,7.2,0.68,67.3,19.7,31.8,22.5,39.7,0.073,0.009,50.6,15.6,27.8,0
Arunachal Pradesh,35.61,3970.7,3,2.4,0.804,96.1,7.7,12.0,5.0,7.5,0.01,0.013,64.7,3.2,24.7,0
Tripura,18.45,893.8,2,3.97,0.429,66.8,25.8,71.2,32.0,51.0,0.081,0.001,54.0,23.9,34.4,0
Arunachal Pradesh,48.18,2835.2,2,0.8,0.537,54.0,29.6,68.9,43.5,76.8,0.041,0.005,83.9,26.9,46.8,0
Arunachal Pradesh,43.91,4176.7,2,0.33,0.671,16.4,280.0,609.8,99.0,158.7,0.694,0.018,74.1,97.2,89.1,1
Arunachal Pradesh,29.0,3987.7,2,9.54,0.41,62.5,0.9,2.3,5.0,8.1,0.02,0.032,58.3,1.0,21.0,0
Nagaland,16.73,1584.0,3,1.81,0.681,61.1,48.0,89.3,62.6,104.5,0.007,0.056,46.6,38.2,41.2,0
Meghalaya,31.24,1383.1,2,1.94,0.563,61.9,73.4,155.2,56.9,76.6,0.082,0.046,65.6,48.8,54.6,1
Meghalaya,28.26,2151.7,3,9.46,0.682,89.2,43.3,69.1,45.5,75.6,0.034,0.009,43.7,29.3,34.3,0
Arunachal Pradesh,52.33,3425.8,2,5.54,0.626,71.6,44.7,100.6,70.9,123.1,0.012,0.003,83.9,42.0,56.7,1
Arunachal Pradesh,48.48,3579.1,2,6.35,0.243,78.3,177.1,470.7,99.0,122.7,0.36,0.005,84.1,87.1,86.0,1
Meghalaya,22.97,2023.7,3,5.16,0.714,31.3,37.5,91.7,55.4,96.6,0.01,0.03,42.0,34.0,36.8,0
Nagaland,36.64,1825.0,1,0.5,0.75,27.0,96.0,211.4,95.8,132.3,1.065,0.004,45.7,66.4,59.1,0
Manipur,22.96,956.3,3,14.26,0.708,20.7,10.6,22.6,14.7,25.2,0.018,0.051,36.7,10.5,19.7,0
Arunachal Pradesh,41.85,1908.1,1,10.79,0.6,77.8,32.7,73.3,46.1,56.8,0.01,0.022,46.4,23.7,31.6,0
Meghalaya,50.91,1261.0,3,1.21,0.542,69.9,1.5,3.5,9.3,16.3,0.045,0.011,79.7,0.0,27.9,0
Manipur,19.54,855.5,2,7.33,0.39,34.2,73.2,165.3,64.6,89.8,0.001,0.016,50.9,40.0,43.8,0
Sikkim,44.72,4192.3,3,2.37,0.644,14.1,67.6,138.8,60.4,100.4,0.088,0.011,63.8,43.5,50.6,1
Nagaland,38.58,1163.1,3,5.18,0.783,84.7,34.8,79.3,35.2,44.1,0.061,0.025,60.6,20.9,34.8,0
Arunachal Pradesh,41.1,2345.1,1,0.81,0.747,38.4,22.7,48.3,29.2,49.2,0.014,0.001,57.4,15.5,30.1,0
Assam,30.02,244.5,1,3.48,0.659,19.0,20.8,41.4,28.2,39.8,0.089,0.0,31.0,14.0,20.0,0
Nagaland,33.49,1954.9,2,0.61,0.614,14.4,10.1,21.5,28.3,49.2,0.113,0.003,70.6,11.4,32.1,0
Assam,25.28,590.8,2,3.46,0.82,92.0,25.1,64.0,43.8,66.1,0.066,0.004,64.5,21.0,36.2,0
Mizoram,27.37,1334.2,1,1.26,0.737,13.0,16.3,43.5,46.4,81.0,0.003,0.03,39.5,25.1,30.2,0
Sikkim,28.31,4126.9,1,2.71,0.496,36.0,38.8,89.0,46.8,70.7,0.031,0.013,36.1,30.0,32.2,0
Assam,23.26,456.0,2,4.96,0.715,63.2,205.8,536.3,99.0,170.5,0.931,0.041,59.0,98.0,84.3,1
Sikkim,37.77,1571.0,1,9.43,0.732,40.8,53.3,75.0,64.5,97.1,0.001,0.007,38.1,33.4,35.1,0
Sikkim,38.25,1704.1,3,0.81,0.767,47.7,32.5,88.2,44.8,65.5,0.013,0.01,63.4,21.8,36.3,0
Mizoram,29.87,1201.0,3,10.07,0.727,80.3,133.6,188.5,98.9,163.8,0.063,0.048,47.9,69.6,62.0,1
Nagaland,38.0,1763.7,3,2.22,0.305,99.9,9.9,26.8,38.8,55.0,0.024,0.008,71.7,13.8,34.1,0
Assam,21.16,973.9,1,8.35,0.622,46.7,46.0,75.9,42.8,70.4,0.086,0.015,23.1,23.2,23.2,0
Arunachal Pradesh,57.18,3056.0,1,3.23,0.662,37.9,4.1,6.3,7.5,10.9,0.107,0.045,59.9,10.7,27.9,0
Nagaland,33.12,1478.0,2,8.92,0.693,40.7,50.3,132.8,59.8,78.4,0.019,0.05,59.9,37.4,45.3,0
Nagaland,34.9,1921.8,3,4.89,0.72,36.9,58.1,82.8,30.0,53.5,0.111,0.079,57.7,29.4,39.3,0
Arunachal Pradesh,46.42,3623.2,2,3.2,0.705,47.4,68.7,175.7,76.9,104.9,0.047,0.006,79.9,47.2,58.7,1
Sikkim,42.55,2039.0,2,1.69,0.616,33.3,119.8,201.7,99.0,140.2,0.963,0.007,79.6,71.0,74.0,1
Sikkim,28.63,3075.0,1,15.62,0.771,46.3,93.7,183.6,75.6,114.7,0.068,0.006,25.9,54.1,44.2,1
Sikkim,36.52,3718.3,2,7.26,0.798,94.5,2.0,2.9,28.0,47.0,0.028,0.062,73.5,10.2,32.4,0
Tripura,15.65,859.7,2,2.16,0.698,28.6,56.4,155.6,67.6,99.7,0.047,0.005,60.1,44.5,50.0,0
Mizoram,35.37,1252.0,1,0.82,0.807,65.2,72.0,145.5,78.2,105.1,0.033,0.006,45.0,41.5,42.7,0
Mizoram,34.01,923.4,2,6.8,0.658,48.7,1.5,3.0,9.5,15.3,0.195,0.011,62.5,8.9,27.6,0
Tripura,25.52,405.7,2,20.7,0.637,73.2,7.3,10.5,23.0,38.4,0.06,0.022,54.1,9.6,25.2,0
Sikkim,47.08,2525.7,2,1.47,0.537,47.2,70.3,116.7,44.1,74.3,0.012,0.038,81.2,37.0,52.5,1
Nagaland,26.91,854.7,2,11.14,0.317,16.1,154.6,258.8,99.0,150.7,0.362,0.024,51.5,83.0,72.0,0
Meghalaya,39.32,1839.6,3,0.6,0.497,87.2,122.3,173.0,75.8,122.2,0.057,0.078,73.0,68.4,70.0,1
Manipur,27.29,736.9,2,13.68,0.543,67.6,7.5,12.3,29.1,40.9,0.037,0.057,52.1,15.8,28.5,0
Arunachal Pradesh,30.14,2943.9,2,6.16,0.64,52.6,17.4,47.4,40.3,51.9,0.155,0.021,63.2,17.4,33.5,1
Assam,22.49,358.0,3,1.92,0.612,83.1,68.4,151.6,53.7,69.3,0.032,0.027,55.0,38.9,44.6,0
Arunachal Pradesh,50.08,3482.1,3,1.63,0.483,97.6,35.3,50.2,23.1,28.3,0.04,0.01,81.7,15.4,38.6,0
Sikkim,36.39,3934.4,2,4.64,0.758,40.9,2.7,4.6,27.7,37.1,0.072,0.033,70.2,11.3,31.9,0
Nagaland,32.24,1563.9,1,4.05,0.593,35.3,16.6,32.9,34.2,54.5,0.087,0.007,36.5,13.8,21.8,0
Sikkim,41.47,2622.5,3,11.31,0.424,75.4,62.9,103.2,56.8,99.2,0.052,0.016,58.1,37.3,44.6,0
Mizoram,11.45,1429.2,1,6.54,0.637,45.5,97.6,158.1,78.1,130.9,0.071,0.023,23.0,59.3,46.6,1
Meghalaya,33.23,977.1,3,3.5,0.736,8.6,25.5,69.9,40.4,67.0,0.076,0.028,49.6,24.7,33.4,0
Nagaland,33.68,1654.4,1,11.81,0.709,35.4,105.9,295.6,99.0,172.8,0.08,0.002,30.3,71.2,56.9,0
Sikkim,43.73,2445.9,3,4.04,0.514,80.9,280.0,636.4,99.0,132.3,0.922,0.038,70.8,90.5,83.6,0
Arunachal Pradesh,44.09,2504.0,2,8.53,0.644,70.7,63.7,166.5,87.4,107.9,0.134,0.002,76.9,52.5,61.0,1
Sikkim,38.0,3040.5,3,8.27,0.596,86.3,12.4,24.8,28.7,41.6,0.017,0.004,59.8,12.1,28.8,0
Meghalaya,44.54,1798.1,2,11.32,0.597,14.7,12.5,17.7,9.7,13.8,0.018,0.028,66.2,9.5,29.3,0
Arunachal Pradesh,31.8,1896.3,3,0.31,0.717,24.4,147.3,326.6,99.0,154.3,2.34,0.025,58.1,91.1,79.5,1
Sikkim,45.54,2287.8,1,3.94,0.503,21.5,125.1,204.3,84.1,125.2,0.362,0.065,47.3,67.6,60.5,1
Sikkim,19.78,3034.6,2,2.84,0.736,97.1,69.1,152.6,70.8,116.8,0.079,0.03,56.9,48.9,51.7,0
Arunachal Pradesh,38.87,1644.4,1,3.03,0.558,16.9,13.3,35.2,43.2,72.4,0.061,0.02,48.1,27.5,34.7,1
Mizoram,15.9,1548.5,3,2.77,0.601,59.8,48.5,118.9,63.8,98.6,0.017,0.01,46.9,34.1,38.6,1
Manipur,21.02,480.3,2,8.18,0.661,63.3,42.7,75.2,30.9,40.9,0.019,0.008,51.4,22.1,32.4,0
Arunachal Pradesh,42.44,1998.9,2,1.73,0.444,61.9,18.8,47.5,36.2,62.5,0.196,0.06,78.1,19.4,39.9,0
Mizoram,30.05,1753.9,2,2.8,0.552,69.2,9.9,23.6,24.5,33.3,0.019,0.022,68.2,10.2,30.5,0
Mizoram,32.51,2027.0,3,1.01,0.442,48.4,44.0,119.3,56.7,94.1,0.012,0.031,67.2,36.2,47.0,1
Sikkim,44.76,1837.1,2,1.3,0.835,8.4,6.3,14.3,34.3,51.6,0.025,0.007,77.1,10.7,33.9,0
Mizoram,10.34,811.4,2,4.86,0.674,70.1,161.7,448.3,99.0,151.9,0.863,0.001,49.9,85.8,73.3,1
Sikkim,34.2,2696.8,3,0.56,0.697,28.1,21.8,46.5,48.3,62.7,0.022,0.001,64.6,22.7,37.3,0
Meghalaya,42.2,2113.7,3,0.94,0.432,7.6,37.7,80.5,47.6,73.4,0.089,0.059,65.0,32.0,43.6,0
Arunachal Pradesh,28.45,1731.6,1,3.38,0.734,17.0,58.6,83.6,53.3,90.7,0.026,0.04,38.3,35.0,36.2,0
Mizoram,27.65,1437.3,1,0.2,0.757,28.7,52.3,141.7,67.0,98.0,0.243,0.005,43.6,44.4,44.1,0
Mizoram,18.59,1884.7,1,0.61,0.658,43.2,21.4,42.9,28.3,39.5,0.008,0.003,33.6,16.0,22.1,0
Arunachal Pradesh,34.27,3417.3,2,8.96,0.584,86.1,47.8,125.1,48.4,65.8,0.001,0.001,57.5,34.5,42.6,1
Sikkim,37.55,3889.0,2,8.42,0.652,53.7,104.3,202.3,72.3,107.3,0.023,0.039,62.7,59.2,60.4,0
Tripura,35.89,246.6,2,1.92,0.683,47.2,30.6,82.7,51.1,68.9,0.014,0.012,73.2,24.4,41.5,0
Meghalaya,35.18,1108.9,3,1.92,0.673,19.1,43.0,117.3,62.0,90.7,0.025,0.008,59.7,37.6,45.4,0
Meghalaya,29.25,2099.4,2,12.41,0.74,95.9,61.4,87.7,53.0,79.5,0.007,0.019,53.5,36.1,42.2,0
Manipur,10.99,569.6,3,0.12,0.585,90.9,134.7,322.3,99.0,128.9,0.161,0.028,52.1,80.0,70.2,1
Mizoram,27.71,1337.6,2,3.91,0.783,81.6,4.8,6.9,36.8,63.1,0.099,0.049,61.4,12.0,29.3,0
Mizoram,26.35,1672.6,1,4.09,0.656,32.3,145.2,223.3,95.8,156.4,1.487,0.024,38.1,82.4,66.9,1
Nagaland,17.53,1590.6,2,6.98,0.704,56.2,192.7,280.7,99.0,167.4,0.967,0.001,50.7,90.1,76.3,1
Manipur,13.08,317.7,3,13.64,0.24,38.9,122.7,177.0,62.8,107.8,0.069,0.007,40.1,59.4,52.7,0
Meghalaya,29.48,1270.9,1,1.98,0.607,40.3,95.4,188.5,84.1,126.6,0.647,0.053,41.6,61.1,54.3,1
Meghalaya,30.46,1882.1,2,2.59,0.74,7.2,48.1,97.8,44.5,76.9,0.072,0.016,62.2,35.0,44.5,0
Sikkim,44.59,3801.8,1,5.01,0.429,14.0,64.8,133.4,55.6,86.6,0.038,0.067,43.5,40.5,41.6,0
Assam,29.07,353.9,2,15.39,0.665,96.1,5.6,9.0,18.8,33.4,0.045,0.078,60.3,9.4,27.2,0
Mizoram,30.31,1361.3,2,9.97,0.823,61.0,18.5,32.9,34.7,50.6,0.131,0.016,59.4,17.7,32.3,0
Arunachal Pradesh,45.85,2594.4,3,4.95,0.701,0.6,204.2,501.2,99.0,165.0,0.013,0.02,65.8,90.4,81.8,1
Manipur,17.65,387.4,3,8.74,0.771,80.9,52.3,98.8,66.5,93.7,0.124,0.007,43.3,36.0,38.6,0
Meghalaya,25.78,904.6,2,0.4,0.622,8.7,89.9,158.7,66.3,84.6,0.041,0.023,62.4,51.7,55.5,0
Arunachal Pradesh,44.12,2416.5,3,2.13,0.627,70.8,61.0,114.3,42.9,73.8,0.034,0.035,67.4,39.4,49.2,1
Meghalaya,29.15,973.2,2,0.1,0.764,62.1,244.2,647.8,99.0,160.3,2.359,0.007,68.4,99.0,88.3,1
Sikkim,31.46,4124.0,3,0.88,0.65,6.3,16.7,44.1,16.2,25.2,0.055,0.047,57.5,11.2,27.4,0
Manipur,14.4,260.9,2,4.48,0.604,53.1,51.9,104.4,60.7,107.4,0.018,0.006,49.3,37.1,41.4,0
Arunachal Pradesh,24.29,4017.4,3,9.75,0.77,4.7,4.4,11.5,31.5,52.7,0.009,0.021,38.5,12.8,21.8,0
Nagaland,32.49,2174.1,3,4.51,0.576,6.4,2.7,5.2,14.8,18.3,0.054,0.058,53.9,11.1,26.1,0
Meghalaya,28.02,1364.9,3,4.91,0.773,5.1,39.7,59.9,33.5,41.1,0.039,0.009,42.0,19.5,27.4,0
Arunachal Pradesh,46.21,2154.2,1,0.49,0.811,25.5,30.5,62.1,43.1,66.6,0.02,0.019,54.9,24.7,35.3,0
Tripura,30.88,249.0,2,4.92,0.618,80.2,135.3,360.7,99.0,145.9,0.015,0.001,69.8,82.7,78.2,1
Meghalaya,25.42,1408.9,3,2.73,0.788,36.2,68.2,102.0,43.6,53.6,0.011,0.033,54.6,32.3,40.1,0
Sikkim,26.54,2465.5,3,4.74,0.719,64.0,166.6,291.2,99.0,124.6,0.759,0.012,51.7,87.3,74.9,1
Meghalaya,42.83,801.4,2,1.78,0.592,12.5,32.3,47.5,43.5,61.2,0.057,0.028,72.7,27.7,43.4,1
Manipur,21.03,972.5,1,3.92,0.799,93.3,63.4,156.3,66.5,96.8,0.032,0.036,33.8,52.6,46.0,0
Sikkim,39.14,3442.0,2,2.48,0.795,50.4,14.2,36.1,15.3,24.9,0.009,0.012,72.9,7.5,30.4,0
Arunachal Pradesh,23.58,4198.1,2,3.68,0.635,2.5,20.2,53.6,36.2,60.1,0.068,0.025,50.5,18.1,29.4,0
Arunachal Pradesh,41.05,3092.3,3,0.72,0.671,53.7,101.2,153.2,65.6,99.8,0.144,0.013,69.9,54.2,59.7,1
Sikkim,47.84,3782.2,3,2.27,0.355,18.5,145.6,336.9,99.0,127.5,0.883,0.057,71.4,87.7,82.0,1
Nagaland,40.05,813.5,1,2.11,0.589,19.6,42.4,90.6,52.7,74.4,0.19,0.054,43.7,38.4,40.3,0
Meghalaya,36.68,2053.2,3,6.0,0.701,60.0,30.9,54.4,39.1,65.9,0.003,0.02,60.7,20.7,34.7,0
Sikkim,28.4,3350.4,1,5.52,0.628,22.6,8.3,19.5,10.3,18.1,0.22,0.039,35.6,12.3,20.5,0
Arunachal Pradesh,22.75,3492.5,2,10.78,0.751,21.4,142.5,202.9,73.7,101.9,0.052,0.019,45.1,64.6,57.7,1
Sikkim,28.47,3501.3,1,4.5,0.747,54.1,8.3,13.1,26.7,32.9,0.152,0.036,31.8,15.9,21.4,0
Assam,10.71,932.6,3,1.7,0.384,23.5,62.3,166.9,75.2,102.7,0.01,0.005,47.4,47.6,47.5,0
Sikkim,44.76,2990.1,3,6.88,0.591,11.1,4.4,10.2,25.4,43.0,0.032,0.013,51.5,11.2,25.3,0
Tripura,16.19,409.6,2,3.09,0.756,40.8,23.2,35.9,31.5,45.4,0.189,0.005,53.9,20.2,32.0,0
Meghalaya,36.52,2024.4,2,0.97,0.579,5.2,12.3,28.5,30.9,39.5,0.025,0.049,72.3,17.9,36.9,0
Arunachal Pradesh,38.15,2800.6,1,6.19,0.415,90.5,35.9,63.1,37.6,60.7,0.057,0.023,52.4,25.0,34.6,0
Manipur,16.11,776.1,2,0.64,0.659,45.2,32.2,60.4,42.8,72.8,0.011,0.039,60.2,26.5,38.3,0
Meghalaya,25.55,2096.6,2,0.88,0.815,1.3,183.2,284.5,99.0,156.4,0.096,0.0,58.5,86.6,76.8,1
Mizoram,26.99,1600.4,1,6.4,0.769,22.5,66.7,161.3,66.0,110.1,0.015,0.014,38.6,46.5,43.7,0
Tripura,11.99,897.0,3,6.62,0.694,95.8,125.4,226.3,95.1,162.3,1.788,0.007,44.2,79.0,66.8,1
Arunachal Pradesh,53.71,3539.0,2,7.04,0.667,49.6,117.4,189.8,97.0,132.4,1.036,0.034,77.9,74.8,75.9,1
Arunachal Pradesh,37.17,3875.4,2,1.56,0.793,35.9,136.0,376.5,99.0,159.9,0.693,0.024,67.9,83.6,78.2,1
Nagaland,32.13,1422.5,1,9.06,0.763,31.5,101.5,166.1,58.6,99.0,0.073,0.012,36.5,53.9,47.8,0
Sikkim,37.93,3374.4,1,5.77,0.509,41.7,99.0,225.2,88.0,106.3,0.136,0.023,41.1,61.5,54.4,1
Arunachal Pradesh,44.52,1687.1,2,8.08,0.328,21.2,111.2,175.8,75.7,127.8,0.037,0.018,67.2,60.7,63.0,1
Arunachal Pradesh,31.17,2448.7,2,5.55,0.656,74.9,10.7,29.3,24.0,39.0,0.001,0.003,66.7,14.4,32.7,0
Arunachal Pradesh,48.34,1820.4,2,3.9,0.42,50.8,54.9,112.1,68.3,104.7,0.025,0.032,77.7,44.3,56.0,0
Nagaland,29.8,1259.5,3,0.52,0.683,75.1,66.8,150.2,65.0,78.1,0.001,0.011,67.1,43.5,51.8,0
Arunachal Pradesh,34.99,3908.3,2,5.58,0.728,25.4,5.2,7.7,19.5,24.4,0.115,0.0,59.2,7.2,25.4,0
Meghalaya,41.76,915.8,2,5.28,0.708,0.1,137.7,375.0,99.0,139.8,0.101,0.005,68.7,81.1,76.8,1
Mizoram,26.27,1627.5,3,1.69,0.519,96.6,239.9,558.7,99.0,129.6,1.245,0.005,58.0,89.9,78.7,1
Meghalaya,34.95,1984.7,2,5.99,0.433,51.2,125.2,200.1,99.0,129.4,0.137,0.021,66.7,71.2,69.6,1
Arunachal Pradesh,37.86,2728.0,2,3.6,0.499,8.0,7.6,16.2,19.8,27.3,0.029,0.014,76.3,8.4,32.2,1
Nagaland,27.42,1587.3,2,3.69,0.604,10.4,183.3,470.7,99.0,119.3,1.609,0.027,64.6,96.7,85.5,1
Arunachal Pradesh,42.99,1701.5,1,2.06,0.599,43.5,19.0,46.5,38.9,49.4,0.161,0.014,48.8,23.1,32.1,0
Nagaland,23.63,1806.5,1,0.56,0.745,69.5,120.2,322.4,99.0,144.0,1.562,0.009,39.0,85.9,69.5,1
Manipur,16.02,541.1,2,1.1,0.407,39.7,23.5,64.1,36.1,57.9,0.007,0.007,63.2,18.3,34.0,0
Meghalaya,32.71,921.1,3,6.59,0.766,82.0,187.9,271.6,99.0,146.5,0.385,0.031,53.5,88.6,76.3,1
Meghalaya,43.58,1829.5,3,1.43,0.389,32.9,45.6,104.7,62.7,112.2,0.016,0.004,63.8,35.8,45.6,0
Meghalaya,42.78,1852.9,2,0.1,0.613,4.6,14.2,21.0,37.8,46.1,0.0,0.012,78.2,15.1,37.2,0
Sikkim,41.71,1920.5,2,26.17,0.814,0.8,34.5,48.6,29.5,47.7,0.056,0.172,57.2,24.4,35.9,0
Manipur,18.24,998.1,2,1.06,0.478,85.9,23.7,35.9,31.1,49.5,0.015,0.018,67.9,14.7,33.3,0
Manipur,8.07,487.9,2,4.79,0.616,98.4,21.1,58.9,37.0,59.6,0.158,0.004,56.2,21.0,33.3,0
Sikkim,45.96,2052.1,1,11.77,0.672,13.3,89.8,125.9,49.3,71.5,0.01,0.005,42.3,46.5,45.0,1
Mizoram,39.66,881.9,2,4.12,0.604,6.2,6.8,15.7,27.5,39.3,0.016,0.024,70.8,12.5,32.9,0
Assam,31.03,998.4,2,7.22,0.687,91.4,23.8,53.7,39.1,67.2,0.042,0.006,64.8,26.0,39.6,0
Assam,22.53,422.7,1,16.85,0.575,10.1,0.3,0.8,21.8,28.3,0.138,0.001,23.5,6.9,12.7,0
Meghalaya,30.26,1765.2,1,8.86,0.78,22.8,13.7,32.0,30.1,41.6,0.021,0.038,29.2,14.1,19.4,0
Meghalaya,37.84,1637.6,2,3.67,0.768,80.2,43.7,118.8,57.8,74.5,0.032,0.005,73.3,38.5,50.7,0
Sikkim,37.62,3513.7,2,2.03,0.729,99.8,4.1,10.7,24.4,31.1,0.005,0.016,77.0,12.5,35.1,1
Assam,19.01,255.5,2,2.96,0.77,48.6,14.2,25.5,28.0,40.4,0.005,0.005,55.0,10.8,26.3,0
Arunachal Pradesh,24.84,3651.9,1,8.3,0.752,21.1,95.5,250.9,92.9,162.6,0.701,0.002,26.3,74.5,57.6,1
Meghalaya,37.43,1917.8,1,8.64,0.671,84.8,53.0,94.9,50.0,87.3,0.015,0.068,44.0,33.8,37.4,0
Sikkim,39.17,2268.3,2,8.41,0.722,39.4,3.3,7.6,23.7,37.8,0.059,0.001,59.3,7.2,25.5,0
Sikkim,51.03,3685.5,1,4.09,0.536,27.3,219.5,382.6,99.0,148.4,0.074,0.036,50.6,98.3,81.6,1
Sikkim,32.99,1996.7,2,2.92,0.582,49.0,130.6,354.5,99.0,153.2,0.318,0.055,69.2,80.6,76.6,1
Tripura,14.72,706.8,1,1.68,0.795,85.6,6.9,16.4,11.4,18.1,0.049,0.014,34.0,11.9,19.6,0
Arunachal Pradesh,47.21,2622.1,3,0.1,0.709,23.3,114.7,237.6,93.0,139.5,1.468,0.004,68.1,72.1,70.7,1
Meghalaya,41.26,940.2,2,6.51,0.716,42.4,35.9,90.7,47.4,72.0,0.02,0.004,73.9,24.2,41.6,0
Arunachal Pradesh,38.14,2598.8,2,1.46,0.737,44.4,119.3,171.5,65.2,109.8,0.019,0.004,74.7,59.5,64.8,1
Arunachal Pradesh,45.51,3089.8,1,1.8,0.705,83.3,155.0,354.9,99.0,168.7,0.867,0.003,52.1,87.0,74.8,1
Meghalaya,29.77,1367.7,1,8.35,0.715,67.6,53.2,76.8,10.1,15.3,0.023,0.042,32.5,19.6,24.1,0
Meghalaya,30.14,1118.1,1,0.24,0.363,78.0,15.5,26.6,29.9,46.3,0.055,0.025,50.6,17.5,29.1,0
Sikkim,41.64,2933.0,3,11.82,0.587,69.3,116.4,213.8,72.9,95.0,0.08,0.008,60.3,58.3,59.0,1
Sikkim,35.63,2805.4,3,0.1,0.748,59.3,38.3,94.0,43.2,61.5,0.019,0.002,64.2,26.8,39.9,0
Arunachal Pradesh,40.26,1802.9,1,12.6,0.677,13.2,153.8,413.2,99.0,151.1,0.595,0.035,31.6,87.6,68.0,1
Sikkim,38.95,3750.5,2,2.73,0.759,83.3,95.4,182.9,66.6,97.5,0.004,0.01,75.1,51.8,59.9,1
Assam,13.41,367.4,2,0.48,0.634,60.7,23.5,53.1,36.3,60.3,0.052,0.041,61.6,19.0,33.9,0
Assam,21.56,534.1,1,5.05,0.678,70.1,211.9,527.3,99.0,131.7,0.321,0.008,35.2,92.0,72.1,1
Sikkim,28.9,2944.2,3,10.18,0.428,77.9,77.1,199.3,81.8,109.4,1.69,0.013,51.0,57.8,55.4,0
Meghalaya,37.56,1758.5,1,2.59,0.499,31.2,124.8,343.0,99.0,173.8,1.156,0.004,47.1,83.5,70.8,1
Manipur,26.62,882.5,2,5.29,0.69,43.7,125.3,312.8,99.0,125.6,0.525,0.008,57.4,78.1,70.9,1
Arunachal Pradesh,36.68,2770.9,2,17.46,0.744,54.1,102.5,148.1,76.5,102.7,0.001,0.024,59.1,55.2,56.5,1
Nagaland,43.64,1467.0,2,1.24,0.688,34.3,42.4,65.4,48.7,80.1,0.003,0.018,71.5,35.7,48.2,0
Assam,27.81,212.4,3,7.73,0.836,25.9,75.8,194.6,97.2,147.3,0.55,0.031,45.9,69.4,61.2,1
Arunachal Pradesh,40.36,3843.4,3,1.57,0.445,77.7,32.6,58.3,27.2,34.6,0.047,0.002,71.1,18.1,36.7,0
Arunachal Pradesh,35.79,3319.5,3,2.5,0.675,75.4,34.4,52.2,29.8,47.4,0.021,0.092,62.4,22.9,36.7,0
Assam,26.02,282.6,2,1.49,0.324,83.2,12.4,33.9,41.4,55.2,0.068,0.026,71.3,21.0,38.6,0
Meghalaya,43.8,1399.6,1,2.66,0.604,69.7,27.7,53.5,34.7,45.6,0.039,0.001,55.5,18.3,31.3,0
Arunachal Pradesh,41.04,1550.2,3,0.1,0.695,31.2,136.8,261.6,99.0,135.6,0.389,0.007,59.5,78.0,71.5,1
Sikkim,54.01,4074.6,3,1.63,0.479,32.7,14.4,22.5,26.4,37.7,0.054,0.005,74.7,16.5,36.9,0
Meghalaya,28.66,1663.0,2,2.65,0.385,52.8,22.3,57.1,48.8,85.0,0.092,0.009,70.7,31.3,45.1,0
Mizoram,36.81,2092.5,3,4.5,0.69,83.6,2.2,4.5,22.5,33.8,0.016,0.09,55.6,7.7,24.4,0
Nagaland,32.05,1438.7,1,4.56,0.56,34.6,139.5,254.4,97.4,126.9,1.497,0.003,38.4,80.2,65.6,0
Tripura,14.46,469.2,2,3.94,0.788,76.6,110.5,282.8,99.0,176.4,0.594,0.038,53.1,78.7,69.8,1
Sikkim,34.68,1671.9,1,1.56,0.638,30.6,177.3,460.3,99.0,141.6,1.015,0.051,47.3,88.5,74.1,1
Meghalaya,39.68,892.2,2,13.25,0.651,33.9,185.5,445.0,99.0,174.6,1.982,0.012,58.7,98.0,84.2,1
Meghalaya,31.28,1805.8,3,2.24,0.522,75.2,152.5,304.3,99.0,140.7,0.795,0.014,56.0,89.3,77.7,0
Sikkim,33.59,2050.1,2,1.1,0.414,67.9,164.5,299.2,99.0,123.9,2.01,0.011,73.0,94.3,86.8,1
Arunachal Pradesh,49.55,2189.0,3,3.64,0.614,20.8,15.0,31.8,35.1,55.5,0.412,0.011,65.1,20.4,36.0,0
Tripura,26.38,640.5,2,6.22,0.668,82.7,142.9,311.7,99.0,174.5,0.015,0.066,65.8,83.3,77.2,1
Manipur,17.89,403.0,2,0.1,0.588,78.5,216.6,475.1,99.0,160.5,0.153,0.004,69.6,87.8,81.4,1
Meghalaya,45.63,1666.8,3,1.46,0.626,79.7,46.3,113.4,44.9,55.0,0.051,0.075,72.7,37.2,49.6,0
Mizoram,31.61,1348.4,1,7.84,0.659,47.0,78.4,116.3,61.0,82.6,0.018,0.037,40.4,42.8,42.0,0
Sikkim,41.09,2753.5,3,3.18,0.302,32.9,83.5,192.8,84.0,129.6,0.503,0.024,65.4,56.9,59.8,0
Meghalaya,32.69,1260.2,1,2.36,0.595,85.0,115.0,300.8,99.0,119.1,1.508,0.0,51.4,83.6,72.3,1
Mizoram,26.49,970.0,2,12.02,0.704,58.8,182.9,289.7,99.0,150.6,1.35,0.023,61.4,96.2,84.0,1
Meghalaya,31.06,1362.5,2,0.42,0.545,93.1,7.1,15.4,43.6,73.3,0.069,0.004,79.7,15.3,37.8,0
Tripura,19.95,195.2,3,4.3,0.611,25.4,117.0,276.5,99.0,177.5,1.084,0.0,47.1,78.6,67.6,0
Mizoram,19.7,1491.0,2,1.88,0.781,97.6,12.6,34.6,36.6,55.7,0.024,0.086,63.2,19.2,34.6,0
Sikkim,40.64,2678.9,2,0.33,0.662,37.9,7.8,11.9,25.3,40.7,0.036,0.049,76.3,9.7,33.0,0
Nagaland,38.43,977.1,3,1.08,0.638,38.4,88.1,212.9,88.0,113.7,0.444,0.011,61.2,58.7,59.6,1
Arunachal Pradesh,29.0,1643.3,2,4.45,0.448,23.9,67.7,150.1,60.9,77.4,0.022,0.026,61.1,36.4,45.0,0
Sikkim,44.09,2846.0,3,0.13,0.693,96.5,95.8,179.9,61.6,97.7,0.002,0.05,71.2,56.4,61.6,1
Sikkim,47.82,2763.0,2,4.04,0.675,4.0,49.7,73.2,32.7,42.4,0.016,0.005,70.8,22.2,39.2,0
Meghalaya,11.87,1350.0,1,14.14,0.816,47.3,8.0,14.9,21.9,36.2,0.038,0.053,11.6,8.4,9.5,0
Nagaland,31.17,1499.6,2,7.13,0.482,36.5,155.1,396.5,99.0,160.0,1.761,0.009,61.3,89.6,79.7,1
Meghalaya,45.47,1795.7,1,1.91,0.739,15.9,2.8,6.4,22.8,32.5,0.207,0.026,48.6,5.4,20.5,0
Nagaland,34.0,1328.7,1,0.67,0.727,71.3,269.1,462.8,99.0,158.5,0.304,0.001,52.6,89.2,76.4,1
Meghalaya,19.43,1551.2,2,2.82,0.788,89.8,4.9,13.7,27.2,38.7,0.088,0.01,59.7,15.8,31.1,0
Sikkim,27.55,2724.1,1,2.25,0.637,24.4,4.3,10.4,20.7,32.5,0.001,0.013,46.3,10.3,22.9,0
Nagaland,34.33,2058.1,2,16.05,0.519,49.8,139.1,231.4,99.0,158.0,0.412,0.0,61.1,76.1,70.8,0
Sikkim,43.6,3414.7,2,20.66,0.61,57.8,18.1,45.3,56.1,91.2,0.028,0.034,69.4,25.4,40.8,1
Sikkim,38.66,4101.6,2,2.38,0.724,39.0,98.3,252.1,87.0,131.9,0.233,0.005,74.1,68.0,70.1,1
Meghalaya,33.9,1021.4,2,0.72,0.507,92.2,80.1,209.9,89.2,126.8,1.081,0.044,81.0,61.9,68.6,1
Sikkim,38.91,4155.4,3,10.87,0.757,46.2,91.2,222.1,89.0,139.8,0.214,0.033,52.4,62.9,59.2,1
Arunachal Pradesh,32.83,2627.5,1,7.1,0.666,98.3,59.8,90.4,47.6,70.8,0.053,0.029,45.8,33.9,38.1,0
Mizoram,32.77,1708.3,2,3.22,0.52,29.5,156.6,397.5,99.0,122.3,2.0,0.023,64.5,93.2,83.2,1
Meghalaya,21.66,1241.3,2,2.05,0.642,7.3,3.0,8.0,22.2,33.2,0.185,0.011,58.8,10.1,27.1,0
Meghalaya,29.85,1257.4,2,2.68,0.411,57.5,3.0,6.3,5.0,7.1,0.201,0.001,66.6,6.9,27.8,0
Assam,23.51,434.4,2,10.45,0.716,82.3,72.8,179.6,90.5,111.8,1.254,0.059,53.5,58.1,56.5,1
Meghalaya,26.09,1866.7,3,0.92,0.557,38.8,48.2,101.4,62.5,79.1,0.057,0.015,57.1,33.5,41.7,0
Manipur,18.66,428.8,3,7.4,0.687,18.5,178.3,409.6,99.0,152.7,0.522,0.029,37.2,91.9,72.8,1
Arunachal Pradesh,39.53,2551.7,3,0.1,0.667,73.8,46.4,107.0,53.7,90.8,0.098,0.02,67.2,37.3,47.8,1
Meghalaya,44.94,1525.9,1,11.4,0.619,27.1,12.9,26.2,18.5,27.5,0.021,0.038,46.0,6.8,20.5,0
Manipur,26.34,183.7,2,3.12,0.723,77.0,4.2,8.0,34.2,42.1,0.041,0.026,61.7,13.1,30.1,0
Mizoram,21.43,1669.6,3,1.16,0.38,26.2,20.5,41.2,31.1,53.1,0.115,0.009,57.9,21.1,34.0,0
Mizoram,47.0,1397.2,2,0.1,0.711,55.7,120.5,266.8,99.0,158.3,0.813,0.042,83.2,77.9,79.7,1
Sikkim,50.24,1695.2,3,3.69,0.639,88.8,44.5,95.2,45.1,78.9,0.098,0.004,73.5,31.7,46.4,0
Arunachal Pradesh,40.08,1812.4,2,1.26,0.644,20.5,4.5,10.4,35.3,63.4,0.009,0.01,71.4,16.3,35.6,0
Meghalaya,38.04,1515.3,3,4.49,0.541,82.1,66.6,97.6,64.4,109.9,0.019,0.013,62.9,40.6,48.4,0
Sikkim,31.9,3138.5,3,1.49,0.699,26.5,53.7,109.7,48.6,84.9,0.055,0.063,53.2,36.5,42.3,0
Manipur,19.97,827.5,2,0.41,0.707,66.1,206.4,309.4,99.0,164.4,0.09,0.009,60.4,88.1,78.4,1
Sikkim,31.43,3828.2,1,3.16,0.578,24.4,151.5,372.2,99.0,173.3,0.332,0.014,40.1,85.5,69.6,1
Assam,23.89,408.3,2,3.74,0.757,11.5,47.3,84.0,50.9,75.5,0.122,0.011,55.1,29.8,38.6,0
Assam,35.16,322.9,3,2.71,0.453,66.4,69.9,131.7,72.7,127.6,0.017,0.031,67.5,44.4,52.5,0
Sikkim,34.95,3582.7,3,2.76,0.656,59.5,4.0,9.3,35.3,46.9,0.073,0.001,60.8,14.9,31.0,0
Sikkim,37.05,3142.6,1,4.01,0.696,40.1,244.7,461.4,99.0,125.8,0.316,0.016,48.2,89.6,75.1,1
Manipur,20.18,542.3,2,3.36,0.725,3.7,11.1,26.9,15.0,22.2,0.004,0.013,52.9,10.2,25.1,0
Assam,18.16,587.0,3,0.64,0.567,47.5,30.6,79.7,52.8,71.6,0.011,0.012,50.8,29.4,36.8,0
Meghalaya,36.11,1243.1,2,0.99,0.74,14.9,141.7,324.7,99.0,157.7,0.113,0.015,63.4,80.2,74.3,1
Sikkim,47.71,2845.7,3,0.69,0.743,35.9,86.8,140.5,67.0,113.2,0.015,0.035,70.0,50.5,57.4,0
Meghalaya,28.31,1355.2,3,5.32,0.712,58.6,1.6,3.3,13.6,18.0,0.146,0.008,55.6,8.0,24.6,0
Mizoram,32.12,1454.4,3,3.38,0.485,93.9,15.9,38.5,19.4,24.0,0.037,0.013,70.1,14.8,34.2,0
Sikkim,44.15,3315.6,1,2.53,0.812,51.1,7.7,13.6,20.1,31.4,0.039,0.044,50.9,9.7,24.1,0
Nagaland,26.01,2104.9,1,7.21,0.809,19.5,196.2,535.3,99.0,158.0,0.321,0.049,29.1,96.2,72.7,1
Arunachal Pradesh,28.08,3332.0,1,1.77,0.738,94.6,14.7,39.9,19.2,29.7,0.01,0.037,47.9,15.7,27.0,0
Arunachal Pradesh,33.36,2968.2,3,3.78,0.608,2.6,2.9,5.5,29.8,48.1,0.104,0.025,49.4,9.4,23.4,0
Sikkim,44.62,4122.8,2,0.35,0.681,64.3,100.6,227.3,99.0,122.2,1.689,0.067,81.9,79.2,80.2,1
Sikkim,30.33,2879.4,1,6.14,0.731,26.2,2.3,4.4,37.4,60.2,0.007,0.038,33.8,11.3,19.2,0
Sikkim,33.9,2547.1,2,5.35,0.604,75.8,86.2,208.3,70.8,106.5,0.008,0.043,72.6,53.4,60.1,0
Meghalaya,32.18,1884.5,2,7.3,0.412,33.1,12.4,31.0,33.9,46.5,0.123,0.002,67.1,18.5,35.5,0
Sikkim,39.6,3819.4,3,9.71,0.796,42.9,1.1,1.7,35.1,51.4,0.077,0.002,50.2,10.7,24.5,0
Arunachal Pradesh,37.06,1925.6,3,6.39,0.563,77.0,8.1,17.3,18.8,24.6,0.006,0.021,57.5,6.6,24.4,0
Sikkim,38.41,1691.7,2,8.37,0.579,89.8,195.5,368.4,99.0,120.2,0.303,0.042,70.0,88.9,82.3,1
Tripura,11.57,158.1,1,1.91,0.797,18.3,96.6,260.3,99.0,130.5,0.502,0.004,28.2,73.9,57.9,1
Sikkim,33.04,2930.6,3,1.89,0.737,29.6,1.1,1.8,28.2,42.5,0.038,0.008,60.4,13.6,30.0,0
Meghalaya,38.02,811.3,1,13.0,0.641,0.4,45.2,123.3,52.1,76.2,0.005,0.067,34.6,33.3,33.8,0
Meghalaya,27.39,1979.5,2,11.07,0.787,85.7,85.1,169.2,68.2,121.0,0.033,0.021,58.2,52.3,54.4,0
Tripura,21.3,288.2,1,3.58,0.714,94.7,164.0,430.0,99.0,172.3,0.2,0.02,42.6,87.7,71.9,1
Sikkim,38.99,4185.3,1,2.05,0.687,27.9,100.0,205.0,87.5,117.9,0.057,0.019,49.0,62.4,57.7,0
Mizoram,37.22,1305.5,1,9.04,0.498,38.5,20.3,45.8,26.8,38.8,0.068,0.023,39.1,17.4,25.0,1
Mizoram,38.31,1564.1,2,1.76,0.67,42.9,17.2,47.9,46.8,83.4,0.034,0.003,78.8,21.0,41.2,0
Mizoram,40.36,1787.0,2,0.75,0.669,41.0,42.7,103.5,64.6,93.0,0.007,0.025,73.8,36.8,49.8,0
Arunachal Pradesh,50.98,1722.4,1,4.59,0.662,39.3,31.1,52.0,18.4,32.9,0.072,0.002,53.1,20.5,31.9,0
Mizoram,25.76,1164.9,2,0.2,0.681,47.6,51.1,90.3,42.3,56.6,0.014,0.006,68.1,29.1,42.7,0
Arunachal Pradesh,21.44,1966.1,3,2.14,0.764,15.4,123.6,253.2,99.0,154.5,1.269,0.028,44.3,81.5,68.5,1
Mizoram,29.52,1490.8,1,7.42,0.568,5.8,71.4,158.4,63.9,105.8,0.008,0.015,29.7,49.8,42.8,1
Nagaland,25.29,888.2,1,1.57,0.523,72.4,122.0,181.2,60.2,76.8,0.053,0.01,40.8,58.1,52.1,0
Arunachal Pradesh,31.45,3130.3,2,12.05,0.659,84.7,140.3,205.0,99.0,176.9,0.462,0.021,60.1,76.7,70.9,1
Manipur,23.26,576.8,3,14.04,0.476,81.0,208.8,426.0,99.0,159.6,2.274,0.072,50.1,97.6,81.0,0
Arunachal Pradesh,47.57,1918.8,2,7.61,0.495,62.7,17.5,37.3,12.1,15.0,0.02,0.003,76.7,11.4,34.3,0
Manipur,21.46,113.7,3,19.77,0.713,96.9,14.6,22.0,5.0,6.2,0.027,0.003,36.8,4.5,15.8,0
Meghalaya,27.66,961.6,2,3.4,0.682,0.2,23.3,48.0,32.6,45.0,0.043,0.008,60.9,16.9,32.3,0
Arunachal Pradesh,40.5,3510.6,2,3.79,0.47,32.0,68.8,171.5,86.7,154.2,1.441,0.038,70.2,62.8,65.4,0
Arunachal Pradesh,44.66,3977.0,1,8.14,0.715,31.0,138.8,301.1,99.0,168.5,0.058,0.021,43.5,77.3,65.5,0
Assam,11.61,384.8,2,3.05,0.516,35.0,123.7,255.9,99.0,163.1,0.3,0.026,50.6,73.1,65.2,1
Arunachal Pradesh,35.56,1852.2,1,2.35,0.561,80.0,7.5,11.3,21.8,29.5,0.028,0.03,52.3,11.7,25.9,0
Arunachal Pradesh,36.24,1668.0,2,4.29,0.667,35.1,10.8,30.1,14.1,24.1,0.003,0.011,66.0,4.8,26.2,0
Sikkim,36.83,2366.3,1,4.82,0.743,52.7,23.4,50.5,43.0,65.6,0.008,0.007,43.2,20.6,28.5,0
Mizoram,26.15,1789.2,2,6.25,0.832,61.4,20.5,41.6,43.1,77.3,0.017,0.024,56.7,20.2,33.0,0
Meghalaya,34.23,1542.9,3,4.96,0.665,84.5,12.2,18.4,39.1,53.4,0.014,0.013,59.8,10.7,27.9,0
Arunachal Pradesh,41.52,1776.6,3,6.16,0.691,61.6,85.4,207.7,74.9,129.6,0.018,0.08,62.7,58.5,59.9,0
Sikkim,30.27,1731.3,1,5.05,0.658,38.1,14.8,26.4,20.8,25.7,0.019,0.007,39.9,12.3,22.0,0
Sikkim,49.82,3774.7,2,2.95,0.636,69.5,40.4,61.1,43.8,74.1,0.065,0.012,83.1,26.7,46.5,0
Arunachal Pradesh,28.32,3852.9,2,0.65,0.708,51.6,29.4,70.7,25.5,39.3,0.003,0.002,70.4,16.6,35.4,0
Sikkim,32.44,3935.8,1,6.93,0.53,52.8,253.9,526.4,99.0,146.7,0.209,0.007,40.0,88.4,71.5,1
Mizoram,23.43,1611.5,2,0.14,0.679,33.5,44.6,66.0,40.4,53.8,0.007,0.011,64.9,26.5,40.0,0
Arunachal Pradesh,26.46,3480.3,2,22.02,0.682,0.2,172.9,447.6,99.0,128.8,0.021,0.008,46.1,85.3,71.6,1
Sikkim,39.19,4072.6,2,7.93,0.725,35.6,45.8,92.8,35.0,49.6,0.241,0.008,60.3,25.5,37.7,0
Sikkim,32.42,2207.7,3,5.0,0.64,30.3,17.3,27.7,31.3,40.7,0.048,0.073,50.1,16.3,28.2,0
Tripura,25.45,314.9,1,15.3,0.752,10.0,139.5,261.4,99.0,133.0,0.025,0.019,24.3,76.5,58.2,0
Assam,15.05,763.9,1,4.27,0.586,19.9,29.9,43.0,49.9,89.4,0.0,0.005,25.6,22.7,23.7,0
Nagaland,27.49,1802.2,2,0.26,0.291,98.1,88.5,245.4,99.0,169.0,0.192,0.0,81.0,64.6,70.3,1
Sikkim,44.45,3692.7,3,3.69,0.318,28.0,107.9,264.4,85.3,104.4,0.086,0.045,68.2,68.6,68.4,1
Arunachal Pradesh,29.08,1748.3,3,1.46,0.515,51.8,35.3,51.9,46.2,64.2,0.161,0.019,62.5,21.8,36.0,0
Sikkim,34.2,3053.5,1,2.08,0.64,54.9,54.1,94.0,45.3,58.9,0.003,0.007,50.1,34.9,40.2,0
Sikkim,49.65,2254.7,2,2.77,0.809,56.0,42.5,87.7,59.6,78.0,0.006,0.007,80.3,28.6,46.7,0
Meghalaya,15.19,1028.3,2,6.7,0.634,4.7,74.9,180.1,91.7,119.0,0.49,0.006,42.0,59.3,53.2,0
Nagaland,12.09,1530.7,2,3.15,0.596,77.1,4.9,11.2,20.2,31.1,0.028,0.005,52.2,10.0,24.8,0
Manipur,11.62,957.5,2,2.9,0.562,73.0,23.1,46.6,30.3,39.5,0.042,0.003,51.0,16.8,28.8,0
Manipur,29.44,215.2,3,1.62,0.694,97.7,13.1,28.4,25.0,44.9,0.152,0.002,60.0,14.3,30.3,0
Sikkim,51.13,4190.5,1,3.49,0.473,18.5,0.3,0.4,28.5,37.5,0.047,0.007,58.4,8.8,26.1,0
Mizoram,35.03,1380.0,2,1.28,0.742,55.4,79.7,223.1,92.8,159.8,1.115,0.041,75.2,66.1,69.3,1
Sikkim,40.66,2855.7,3,1.36,0.535,80.4,6.5,16.9,22.8,38.1,0.044,0.002,69.6,8.0,29.5,0
Arunachal Pradesh,26.15,3361.6,3,6.37,0.587,12.4,17.6,32.6,27.4,48.6,0.032,0.006,48.7,17.3,28.3,0
Mizoram,32.7,2064.2,2,1.89,0.601,79.0,90.7,140.7,58.0,102.3,0.114,0.007,73.9,45.3,55.3,0
Arunachal Pradesh,30.41,3184.4,2,0.24,0.598,27.0,57.5,131.1,76.8,116.1,0.001,0.007,69.2,44.3,53.0,0
Sikkim,45.97,3378.5,2,1.89,0.675,28.1,37.7,101.3,48.8,87.6,0.051,0.005,83.0,32.8,50.4,1
Sikkim,46.41,2985.0,2,4.58,0.761,94.6,16.7,39.4,33.6,58.7,0.083,0.003,80.8,16.1,38.7,0
Mizoram,28.09,2016.6,3,7.57,0.591,31.4,32.6,48.7,29.5,43.8,0.014,0.006,49.1,20.1,30.2,0
Nagaland,35.58,828.2,3,14.71,0.583,58.4,2.6,5.0,29.6,43.9,0.003,0.045,53.7,8.9,24.6,0
Sikkim,41.11,2157.5,3,6.17,0.615,44.0,149.1,358.7,99.0,162.1,0.395,0.014,64.8,84.6,77.7,1
Nagaland,31.15,2045.9,2,2.52,0.753,7.8,165.9,288.5,99.0,148.8,0.465,0.052,64.1,88.2,79.7,1
Sikkim,30.69,2762.4,3,1.6,0.584,95.0,151.4,348.1,99.0,172.3,0.066,0.023,64.2,82.3,75.9,1
Meghalaya,28.91,1275.4,1,0.62,0.595,21.4,4.5,9.9,32.0,40.5,0.012,0.014,41.7,6.7,18.9,0
Nagaland,38.25,2053.8,1,4.45,0.455,26.8,55.8,85.7,54.5,96.5,0.031,0.01,42.1,34.6,37.2,0
Mizoram,41.72,1131.3,2,3.21,0.567,37.7,101.8,247.5,89.4,160.1,0.627,0.041,76.8,69.5,72.0,1
Tripura,17.87,953.9,2,5.1,0.686,49.9,27.4,55.1,32.7,58.6,0.143,0.015,53.0,21.4,32.5,0
Sikkim,50.83,1741.7,3,1.22,0.816,14.4,3.9,6.4,11.4,18.3,0.022,0.008,71.1,4.8,28.0,0
Mizoram,35.04,1489.7,2,1.76,0.728,63.0,130.6,352.3,99.0,120.1,0.069,0.0,75.6,78.2,77.3,1
Mizoram,31.38,1420.6,2,1.55,0.715,51.5,26.7,65.2,29.6,49.6,0.015,0.016,72.5,21.0,39.0,0
Manipur,18.78,255.0,2,7.19,0.712,30.3,3.8,9.1,35.9,59.4,0.011,0.019,53.8,10.9,25.9,0
Arunachal Pradesh,31.17,2435.9,3,0.85,0.8,69.3,9.4,19.0,23.2,30.0,0.024,0.019,62.3,10.1,28.4,0
Nagaland,36.1,1728.6,2,4.22,0.734,51.4,5.7,13.2,36.4,49.9,0.015,0.038,72.8,15.0,35.2,0
Meghalaya,43.99,2145.7,1,0.24,0.681,84.1,120.0,275.7,99.0,130.9,0.762,0.015,59.5,74.0,68.9,0
Sikkim,36.91,1814.7,3,3.59,0.507,85.5,7.6,12.1,29.8,52.1,0.117,0.03,70.1,14.2,33.7,0
Meghalaya,25.17,1380.3,2,0.3,0.834,98.0,115.3,303.5,99.0,139.4,0.36,0.029,64.5,74.9,71.3,1
Sikkim,44.44,1588.7,1,0.87,0.49,6.7,10.6,26.9,22.3,39.4,0.12,0.002,52.0,13.6,27.0,0
Meghalaya,29.17,1278.8,2,0.54,0.617,40.5,26.3,41.8,21.8,31.0,0.052,0.012,68.4,12.5,32.1,0
Manipur,15.1,909.6,1,1.92,0.441,50.2,58.9,109.1,65.8,93.5,0.074,0.013,36.9,41.9,40.2,0
Meghalaya,21.94,1258.7,3,1.9,0.574,23.4,50.9,76.1,46.3,64.8,0.086,0.026,45.8,28.9,34.8,0
Mizoram,35.86,1247.8,2,7.88,0.705,92.2,141.0,265.6,99.0,168.5,0.308,0.008,73.1,81.8,78.8,1
Meghalaya,40.35,1543.1,3,1.15,0.671,8.8,152.2,368.6,99.0,131.2,0.244,0.033,66.6,80.2,75.4,1
Arunachal Pradesh,27.83,2540.6,2,0.41,0.688,42.9,38.1,53.5,29.0,46.8,0.038,0.018,70.6,20.1,37.8,0
Sikkim,35.42,3620.7,3,4.16,0.308,18.5,210.0,443.0,99.0,123.5,0.476,0.002,58.1,92.9,80.7,1
Meghalaya,30.48,957.5,1,5.23,0.356,68.2,22.0,57.4,26.4,47.4,0.048,0.014,37.7,18.3,25.1,0
Sikkim,31.6,1698.1,1,1.57,0.727,70.5,174.1,319.5,99.0,147.5,2.009,0.033,48.3,95.8,79.2,0
Arunachal Pradesh,50.55,3694.4,1,4.16,0.753,87.3,5.0,12.0,10.0,12.8,0.043,0.052,57.8,7.9,25.4,0
Meghalaya,21.67,2052.6,2,6.73,0.4,40.9,50.4,74.4,33.9,49.9,0.016,0.001,51.2,29.5,37.1,0
Sikkim,41.78,1622.2,1,1.92,0.641,77.5,14.2,31.0,37.9,47.3,0.041,0.018,56.7,24.3,35.7,0
Sikkim,43.46,3415.3,2,3.35,0.713,55.0,86.4,227.1,81.7,131.5,0.023,0.032,79.2,57.0,64.8,1
Meghalaya,26.68,1205.0,2,0.71,0.767,81.2,4.7,9.2,29.1,43.5,0.05,0.01,71.2,15.1,34.7,0
Arunachal Pradesh,29.58,2893.4,2,0.11,0.652,8.5,57.7,131.0,51.5,65.7,0.1,0.01,62.5,38.7,47.0,1
Assam,16.36,919.2,2,17.92,0.494,46.3,100.2,229.2,94.2,147.5,0.159,0.031,51.1,68.9,62.7,1
Manipur,9.22,769.7,1,1.6,0.292,15.1,154.8,375.3,99.0,136.0,0.278,0.001,24.3,85.3,63.9,1
Mizoram,44.23,2152.2,3,1.47,0.789,79.0,106.4,182.9,81.7,144.2,3.464,0.005,73.0,75.8,74.8,1
Arunachal Pradesh,33.49,3964.8,2,16.29,0.648,15.3,138.6,339.2,99.0,157.7,0.184,0.073,55.5,85.0,74.7,1
Nagaland,29.18,1736.5,3,5.86,0.435,0.8,71.1,123.1,52.7,76.0,0.153,0.019,46.8,40.9,43.0,0
Nagaland,45.73,1843.9,2,3.96,0.809,93.0,185.1,414.0,99.0,127.1,0.152,0.034,76.3,88.5,84.2,1
Nagaland,20.38,1882.2,3,5.41,0.365,48.5,66.6,108.1,40.4,65.4,0.096,0.03,46.7,37.7,40.9,0
Arunachal Pradesh,36.83,2292.2,2,5.57,0.781,98.5,104.8,254.7,92.8,137.6,0.377,0.04,68.4,73.6,71.8,1
Mizoram,37.51,1695.5,3,6.49,0.493,45.3,120.6,217.4,74.8,123.4,0.051,0.019,59.7,68.3,65.3,1
Nagaland,44.25,1388.0,1,0.31,0.745,59.1,196.1,453.5,99.0,157.3,0.557,0.004,52.9,91.0,77.6,1
Meghalaya,21.09,1014.2,3,2.4,0.455,74.4,22.0,35.5,29.9,47.0,0.002,0.018,61.0,14.4,30.7,0
Mizoram,45.47,1919.0,3,1.57,0.76,28.1,10.0,17.2,7.6,12.4,0.018,0.008,70.0,2.0,25.8,0
Meghalaya,29.84,1490.7,1,0.33,0.792,13.3,139.7,355.3,99.0,139.9,0.044,0.03,38.6,83.1,67.5,1
Meghalaya,29.9,1900.8,2,2.39,0.736,66.1,39.4,60.3,51.3,91.3,0.066,0.021,69.5,29.4,43.5,1
Arunachal Pradesh,27.98,2614.7,3,4.31,0.604,51.1,214.4,329.4,99.0,174.4,0.594,0.003,53.5,91.8,78.4,1
Mizoram,32.5,1137.7,2,0.88,0.802,82.7,75.1,186.5,62.0,101.1,0.075,0.035,74.7,46.2,56.2,0
Arunachal Pradesh,54.41,3649.6,1,1.64,0.789,4.5,143.1,225.0,89.5,113.8,1.369,0.015,54.9,75.3,68.1,1
Meghalaya,32.36,1092.4,2,4.59,0.601,54.5,58.3,154.8,74.0,124.9,0.021,0.021,66.3,44.1,51.9,0
Sikkim,30.75,1681.1,1,3.9,0.633,18.6,19.4,31.0,38.7,54.0,0.179,0.005,32.9,15.7,21.7,0
Meghalaya,27.32,1789.7,3,9.14,0.643,61.7,123.6,290.9,99.0,126.8,0.529,0.019,42.4,74.0,62.9,1
Arunachal Pradesh,68.0,3510.8,1,7.05,0.775,76.0,28.2,63.1,32.5,52.0,0.046,0.006,60.4,21.6,35.2,0
Mizoram,27.64,1684.4,1,15.17,0.746,26.3,122.2,295.7,99.0,164.8,0.862,0.014,27.4,79.2,61.1,1
Nagaland,42.99,1607.7,2,4.09,0.8,48.2,9.7,23.1,33.3,57.2,0.055,0.013,71.6,16.8,36.0,0
Arunachal Pradesh,53.58,4057.6,2,5.39,0.689,42.0,16.3,31.2,35.7,45.5,0.002,0.026,80.9,10.2,35.0,0
Arunachal Pradesh,25.43,2020.8,3,8.86,0.734,75.5,0.1,0.3,25.9,34.3,0.05,0.002,41.6,8.7,20.2,0
Arunachal Pradesh,28.57,3191.2,1,8.25,0.612,60.0,48.5,102.5,67.7,117.9,0.165,0.002,34.2,39.8,37.9,0
Manipur,13.98,218.1,1,5.71,0.486,12.1,41.9,115.5,56.1,74.8,0.022,0.015,27.9,35.3,32.7,0
Meghalaya,28.03,2106.1,2,3.12,0.757,97.7,23.2,44.9,24.1,37.5,0.083,0.002,69.6,16.3,35.0,0
Meghalaya,46.51,1963.0,3,1.44,0.712,91.2,280.0,598.7,99.0,129.9,0.653,0.032,74.7,93.3,86.8,1
Arunachal Pradesh,54.19,3030.7,2,9.44,0.699,57.9,53.2,117.9,49.0,62.8,0.044,0.038,82.3,37.3,53.1,0
Mizoram,31.95,1623.1,2,6.75,0.792,77.7,12.5,27.4,35.2,47.3,0.009,0.007,65.1,18.6,34.9,0
Manipur,17.3,170.3,2,8.19,0.742,2.0,146.2,340.2,99.0,132.4,0.244,0.019,42.7,86.6,71.3,0
Nagaland,17.94,1300.3,2,0.68,0.761,20.1,32.6,58.8,45.8,60.3,0.005,0.009,59.7,25.1,37.2,0
Mizoram,33.45,2148.3,2,1.7,0.253,76.8,35.5,52.9,24.2,30.5,0.077,0.003,82.6,20.7,42.3,0
Arunachal Pradesh,38.76,3000.5,2,2.49,0.774,10.6,14.5,24.3,33.4,41.5,0.066,0.077,68.8,13.3,32.8,0
Arunachal Pradesh,27.69,3377.3,3,8.2,0.673,4.3,12.9,28.2,59.6,82.8,0.108,0.031,41.8,24.4,30.5,0
Arunachal Pradesh,41.5,1690.8,3,10.05,0.518,61.6,16.0,41.6,28.8,40.2,0.033,0.115,56.2,19.7,32.5,0
Sikkim,46.14,2337.8,3,1.51,0.781,3.4,148.8,307.3,99.0,165.1,0.039,0.001,64.3,83.2,76.6,1
Arunachal Pradesh,27.59,1634.6,2,5.22,0.726,18.3,20.0,37.1,31.9,54.2,0.034,0.006,53.7,19.1,31.2,0
Sikkim,33.63,1670.4,2,0.36,0.686,8.0,21.1,51.1,39.7,51.2,0.03,0.002,70.1,18.5,36.6,0
Sikkim,45.65,1701.9,1,2.37,0.784,53.4,57.3,112.0,49.0,82.0,0.006,0.011,53.6,31.5,39.3,0
Assam,15.68,796.9,3,3.0,0.57,67.7,8.0,20.4,38.5,52.3,0.109,0.023,48.4,18.3,28.8,0
Mizoram,28.11,1250.4,2,6.53,0.797,18.3,46.4,65.7,60.5,90.6,0.093,0.024,58.7,33.5,42.3,0
Nagaland,28.55,1490.0,3,10.01,0.331,46.9,49.4,77.1,32.7,40.9,0.007,0.065,46.5,23.7,31.7,0
Mizoram,35.22,1763.3,1,1.85,0.557,2.0,3.0,4.6,21.5,31.0,0.011,0.024,40.1,9.1,19.9,0
Arunachal Pradesh,47.45,3997.0,3,3.38,0.763,26.5,9.5,13.7,23.2,28.6,0.02,0.017,63.1,10.1,28.6,0
Nagaland,43.7,1119.9,2,4.69,0.757,18.0,93.2,152.5,60.0,72.2,0.011,0.003,72.5,46.2,55.4,0
Sikkim,46.73,1710.3,2,1.79,0.568,16.6,81.2,225.9,99.0,174.2,0.686,0.036,77.0,66.3,70.1,0
Mizoram,31.88,878.2,2,19.06,0.71,22.5,59.3,123.0,61.6,103.5,0.009,0.007,52.8,38.3,43.4,0
Sikkim,43.46,2201.7,3,9.39,0.513,80.5,240.0,477.9,99.0,131.4,0.646,0.006,60.5,89.8,79.5,1
Tripura,12.28,271.2,3,1.58,0.695,95.0,184.2,492.5,99.0,135.7,0.767,0.006,45.5,89.7,74.2,1
Sikkim,57.05,2171.1,3,3.19,0.773,70.6,32.2,81.0,46.9,59.9,0.032,0.012,77.7,29.8,46.6,0
Sikkim,31.09,2311.9,1,1.18,0.695,7.2,43.8,78.0,44.8,57.8,0.04,0.0,37.8,25.9,30.1,0
Assam,23.36,707.3,3,3.25,0.574,62.8,114.1,288.3,99.0,153.4,0.287,0.007,49.9,78.9,68.7,1
Arunachal Pradesh,39.21,3613.8,2,5.17,0.423,73.4,60.8,92.2,54.6,84.4,0.06,0.019,77.0,35.5,50.1,1
Mizoram,22.34,1436.0,2,0.4,0.128,11.1,130.5,313.6,99.0,152.3,0.716,0.015,71.6,82.3,78.5,0
Nagaland,26.35,1930.0,1,9.19,0.544,29.4,19.4,27.7,29.4,36.0,0.125,0.004,20.1,12.9,15.4,0
Nagaland,40.31,2184.3,1,4.05,0.579,42.8,20.6,34.8,42.7,68.7,0.002,0.024,45.9,19.1,28.5,0
Tripura,19.1,164.8,1,20.55,0.563,31.1,30.8,81.3,51.0,61.9,0.034,0.04,22.2,29.6,27.0,1
Tripura,14.19,883.6,3,0.12,0.772,51.8,20.3,39.0,48.3,86.7,0.047,0.035,49.1,22.9,32.0,0
Arunachal Pradesh,35.42,1562.5,1,8.01,0.653,13.1,151.0,310.7,99.0,168.1,0.081,0.089,36.8,89.8,71.2,1
Nagaland,25.22,2104.2,1,7.07,0.638,44.5,40.7,93.8,55.2,96.9,0.085,0.083,29.1,37.5,34.5,0
Mizoram,28.04,1737.3,2,0.64,0.399,73.3,237.6,563.4,99.0,166.1,0.683,0.04,73.3,97.8,89.2,1
Mizoram,20.87,1071.2,2,1.84,0.731,46.1,30.5,49.0,35.8,49.8,0.001,0.018,60.3,16.9,32.1,0
Arunachal Pradesh,37.85,2101.9,1,9.72,0.645,21.0,11.1,30.0,38.1,50.2,0.239,0.034,36.8,20.3,26.1,0
Mizoram,32.93,1698.9,1,3.29,0.646,80.2,75.5,165.7,69.5,103.9,0.078,0.085,46.2,57.1,53.2,0
Tripura,16.7,698.7,1,2.31,0.523,39.4,63.4,142.0,59.8,100.2,0.004,0.014,28.5,40.3,36.2,0
Manipur,27.09,580.3,2,10.62,0.371,42.5,54.2,124.5,74.1,112.2,0.151,0.007,52.0,42.4,45.8,0
Meghalaya,28.54,947.7,1,0.44,0.71,35.8,50.5,131.1,61.1,84.3,0.051,0.016,38.3,36.5,37.1,0
Arunachal Pradesh,36.72,2816.3,2,2.88,0.725,29.0,201.9,342.2,99.0,134.3,0.663,0.04,67.6,94.5,85.0,1
Sikkim,32.83,1895.5,1,4.75,0.504,60.2,79.8,213.6,93.2,138.9,1.76,0.009,51.1,65.0,60.1,1
Nagaland,29.17,1896.2,1,4.22,0.675,18.8,214.1,533.7,99.0,142.5,0.449,0.005,35.8,93.0,73.0,1
Mizoram,36.82,1739.4,2,1.38,0.639,76.9,42.4,72.6,41.0,64.5,0.005,0.014,78.6,26.3,44.6,0
Meghalaya,23.18,1109.0,1,3.73,0.737,48.2,22.5,56.7,55.2,66.6,0.058,0.048,32.7,24.6,27.4,0
Arunachal Pradesh,41.41,1627.8,1,5.55,0.581,88.4,4.2,8.9,32.0,50.5,0.041,0.004,52.1,14.4,27.6,0
Meghalaya,26.91,1966.4,2,3.96,0.583,93.9,57.7,127.2,57.5,85.4,0.099,0.011,68.4,39.8,49.8,0
Meghalaya,23.46,1312.9,2,5.19,0.488,38.3,6.9,19.1,14.6,24.6,0.024,0.015,57.3,5.7,23.8,0
Assam,17.77,806.4,3,1.33,0.681,15.9,91.3,129.5,49.4,67.8,0.007,0.012,41.9,42.1,42.0,0
Mizoram,42.96,2166.8,1,8.05,0.76,50.5,23.4,63.5,45.3,75.7,0.009,0.003,40.4,23.6,29.5,0
Sikkim,42.67,3178.9,3,2.69,0.606,27.0,94.0,227.0,99.0,175.6,0.448,0.002,63.8,65.4,64.9,0
Meghalaya,29.24,1944.2,3,19.62,0.82,42.7,32.9,62.1,24.9,36.7,0.028,0.006,40.4,19.7,27.0,0
Arunachal Pradesh,30.07,2115.8,3,0.11,0.723,37.7,142.8,345.8,99.0,140.5,1.387,0.009,64.2,91.3,81.8,1
Tripura,31.15,163.0,2,2.15,0.616,45.0,20.3,34.2,16.0,27.3,0.085,0.002,67.9,12.4,31.8,0
Sikkim,40.21,3492.7,3,0.9,0.461,49.9,2.8,6.0,42.0,56.3,0.009,0.011,72.6,11.6,32.9,0
Meghalaya,32.13,1258.3,1,3.65,0.757,62.7,0.5,1.3,26.6,43.6,0.08,0.01,44.3,5.6,19.2,0
Sikkim,42.4,2260.4,1,1.25,0.633,0.4,32.0,54.1,34.5,53.3,0.054,0.023,49.7,20.1,30.5,0
Mizoram,36.4,820.0,1,6.02,0.389,25.6,256.1,559.5,99.0,144.4,0.409,0.013,42.2,91.9,74.5,1
Mizoram,28.45,1199.3,3,9.61,0.469,17.0,39.7,57.9,38.8,51.1,0.049,0.029,41.7,27.1,32.2,0
Mizoram,37.84,1910.0,2,1.07,0.579,71.0,89.2,229.5,88.3,106.7,2.877,0.014,82.0,66.4,71.8,1
Sikkim,25.96,2919.5,3,0.79,0.624,83.2,280.0,529.3,99.0,150.8,0.047,0.046,64.1,88.6,80.0,1
Sikkim,42.94,2130.5,2,9.37,0.589,72.6,8.9,16.5,27.9,34.5,0.001,0.023,67.1,12.3,31.5,0
Arunachal Pradesh,34.2,3751.0,3,2.02,0.647,97.5,48.5,85.3,23.5,29.7,0.128,0.043,68.7,19.4,36.6,0
Mizoram,40.53,1334.3,3,2.57,0.641,7.7,136.5,328.5,99.0,154.7,0.425,0.001,58.8,84.2,75.3,1
Arunachal Pradesh,33.63,2688.4,3,1.12,0.534,46.5,10.5,17.3,12.5,16.9,0.0,0.056,63.0,12.3,30.1,0
Mizoram,39.0,1661.7,2,2.49,0.782,89.9,12.4,18.0,38.3,61.7,0.126,0.001,74.0,15.4,35.9,0
Manipur,21.75,855.5,3,1.18,0.731,31.9,12.6,22.6,5.0,6.4,0.243,0.059,47.0,10.2,23.1,0
Manipur,36.49,879.2,3,4.93,0.631,80.2,58.9,137.0,60.6,75.2,0.162,0.027,62.7,38.6,47.0,0
Meghalaya,37.52,890.6,2,3.11,0.622,56.2,19.7,29.0,27.6,41.8,0.004,0.03,75.4,17.3,37.6,0
Meghalaya,32.29,958.5,2,6.98,0.721,97.9,13.3,26.6,39.5,53.1,0.015,0.005,66.2,17.1,34.3,0
Arunachal Pradesh,23.49,2753.4,3,1.69,0.671,37.1,97.7,247.1,99.0,144.2,0.78,0.023,52.7,70.6,64.4,1
Mizoram,39.93,1259.3,2,3.17,0.774,41.7,1.6,3.1,32.3,40.9,0.006,0.02,67.5,11.8,31.3,0
Nagaland,40.45,1630.9,3,1.35,0.722,16.4,59.9,130.1,60.8,83.7,0.061,0.007,60.4,43.6,49.5,0
Sikkim,34.97,4192.8,1,12.26,0.79,16.0,145.5,290.7,99.0,122.3,0.799,0.012,24.5,80.7,61.0,1
Meghalaya,27.14,1170.1,2,3.32,0.745,86.1,163.0,267.9,96.3,162.4,0.095,0.026,65.4,80.0,74.9,1
Nagaland,38.15,1270.3,1,0.86,0.509,40.7,35.7,98.6,35.1,42.3,0.073,0.017,50.3,23.5,32.8,0
Manipur,21.65,675.9,2,1.43,0.654,62.0,147.3,245.5,99.0,175.8,0.105,0.006,66.1,75.6,72.3,0
Sikkim,36.45,2112.5,2,0.39,0.694,75.2,31.5,71.4,49.1,67.0,0.1,0.003,77.4,25.3,43.5,0
Meghalaya,35.25,2051.3,3,0.13,0.696,43.8,112.5,200.5,72.9,90.9,0.077,0.004,66.5,55.2,59.2,1
Arunachal Pradesh,34.94,2191.6,1,3.36,0.79,95.4,67.7,172.9,80.3,137.6,0.923,0.069,50.3,57.7,55.1,0
Arunachal Pradesh,48.12,3581.7,3,1.85,0.399,93.8,75.2,188.8,72.9,116.7,0.001,0.003,77.7,52.9,61.6,0
Manipur,18.3,832.5,3,14.93,0.711,68.0,117.6,239.7,99.0,169.5,1.396,0.011,44.5,74.5,64.0,0
Nagaland,38.16,1256.3,2,0.85,0.528,99.5,33.2,55.4,33.6,51.3,0.073,0.016,80.5,28.8,46.9,1
Nagaland,32.28,1019.3,1,7.11,0.724,0.3,88.5,129.8,60.0,81.3,0.014,0.012,26.0,49.8,41.5,0
Arunachal Pradesh,40.91,3807.4,1,1.71,0.703,0.9,44.1,91.1,49.3,62.0,0.131,0.002,47.9,30.6,36.6,0
Manipur,30.91,173.0,2,1.14,0.794,6.8,29.5,48.1,48.7,74.4,0.117,0.019,62.3,30.4,41.6,1
Meghalaya,28.61,1716.8,1,15.73,0.682,94.4,102.8,280.4,99.0,157.3,0.943,0.007,34.2,76.5,61.7,0
Sikkim,44.84,1608.3,2,7.3,0.741,60.5,152.8,243.2,94.4,138.6,0.73,0.03,72.9,87.0,82.1,1
Meghalaya,42.61,1316.3,3,4.48,0.716,92.8,12.1,20.9,12.1,17.0,0.038,0.02,65.5,7.8,28.0,0
Arunachal Pradesh,44.5,2081.6,1,5.37,0.74,12.7,9.1,22.5,20.1,34.4,0.005,0.058,40.2,13.1,22.6,0
Nagaland,40.79,1253.0,2,21.39,0.749,3.2,163.3,327.1,99.0,156.8,2.347,0.003,55.5,98.8,83.6,1
Mizoram,32.99,1153.5,3,4.05,0.658,54.3,140.2,266.5,93.1,120.2,0.04,0.015,55.7,72.1,66.3,1
Arunachal Pradesh,43.98,1847.1,3,0.48,0.737,17.5,84.7,161.6,92.3,161.6,2.404,0.057,67.4,67.0,67.2,1
Arunachal Pradesh,46.45,4159.2,3,0.3,0.604,86.0,140.7,301.3,99.0,129.0,0.221,0.013,76.3,82.6,80.4,1
Arunachal Pradesh,38.15,2532.0,3,4.94,0.549,42.0,0.9,1.9,10.5,18.3,0.032,0.008,56.9,5.6,23.5,0
Arunachal Pradesh,59.04,3926.4,2,4.82,0.78,77.0,24.7,45.7,18.4,22.5,0.02,0.037,93.9,13.1,41.3,0
Mizoram,26.29,971.4,3,6.21,0.701,51.6,1.9,4.4,24.3,43.4,0.064,0.001,49.4,7.8,22.4,0
Manipur,14.15,783.2,3,0.52,0.562,52.9,10.5,18.9,17.6,26.4,0.015,0.022,44.7,10.3,22.3,0
Arunachal Pradesh,52.23,2089.9,2,13.04,0.645,68.2,29.4,51.0,39.3,50.1,0.003,0.006,76.9,22.9,41.8,0
Arunachal Pradesh,50.46,3258.2,2,3.6,0.759,33.5,1.8,4.6,25.5,32.3,0.001,0.003,82.4,7.9,34.0,0
Meghalaya,27.29,1921.9,2,4.72,0.47,94.9,76.2,118.6,63.4,92.0,0.008,0.056,64.1,39.1,47.9,0
Nagaland,40.79,1288.3,2,0.16,0.605,40.0,7.6,20.9,14.3,20.9,0.05,0.027,77.3,9.2,33.1,0
Sikkim,42.03,4149.4,1,14.6,0.762,39.8,28.0,61.3,36.4,56.3,0.043,0.042,37.3,24.1,28.7,0
Sikkim,38.44,2260.7,2,3.72,0.75,70.7,164.3,443.3,99.0,140.0,1.295,0.015,74.3,93.1,86.5,1
Mizoram,27.08,2022.7,2,3.73,0.722,63.6,4.4,12.2,14.1,21.3,0.011,0.006,62.8,6.1,25.9,0
Sikkim,37.2,3035.1,2,12.94,0.609,99.6,43.8,86.8,40.9,63.9,0.043,0.017,69.2,28.8,43.0,0
Arunachal Pradesh,30.47,4056.3,1,11.93,0.444,85.0,30.9,51.7,34.3,58.9,0.042,0.069,36.2,24.1,28.3,0
Nagaland,30.16,1542.3,3,1.12,0.63,28.5,150.1,407.1,99.0,175.8,0.271,0.004,56.3,85.9,75.5,1
Mizoram,25.64,1179.0,1,12.04,0.652,10.2,1.6,4.0,14.8,25.5,0.023,0.045,26.5,9.2,15.2,0
Mizoram,22.78,1642.5,1,6.0,0.693,10.7,11.3,18.7,28.3,35.3,0.052,0.012,24.9,14.1,17.9,0
Nagaland,40.99,1392.3,2,0.1,0.756,36.2,51.9,83.7,49.3,68.1,0.087,0.011,82.6,32.9,50.3,0
Mizoram,30.91,1153.2,2,1.23,0.344,47.7,147.6,411.4,99.0,126.5,0.364,0.013,67.2,84.8,78.6,0
Arunachal Pradesh,41.22,4026.7,1,2.4,0.677,63.7,36.5,80.7,53.8,83.6,0.015,0.038,52.1,30.3,37.9,0
Sikkim,33.47,2881.8,2,3.93,0.704,85.8,2.1,4.3,5.0,8.1,0.088,0.017,71.2,0.0,24.9,0
Arunachal Pradesh,36.28,3633.1,3,5.44,0.615,99.0,13.4,30.5,33.0,53.6,0.023,0.028,63.7,17.1,33.4,0
Arunachal Pradesh,30.04,2684.5,2,1.06,0.772,40.9,128.4,329.8,99.0,145.8,1.37,0.018,69.4,86.4,80.4,1
Mizoram,43.8,1614.4,2,8.15,0.806,54.6,0.6,0.8,6.0,9.4,0.136,0.002,69.1,7.4,29.0,0
Manipur,7.88,870.7,1,8.41,0.653,60.1,41.5,63.9,52.7,72.2,0.014,0.022,12.0,25.6,20.8,0
Assam,25.54,609.3,2,4.54,0.788,55.9,8.9,20.9,13.7,21.9,0.074,0.006,63.4,11.6,29.7,0
Mizoram,28.15,1220.7,3,11.43,0.724,9.0,3.1,7.2,6.0,7.7,0.015,0.002,34.2,0.0,12.0,0
Arunachal Pradesh,30.0,3181.3,2,7.54,0.637,11.5,129.9,361.0,99.0,124.9,0.018,0.004,57.1,78.4,70.9,1
Arunachal Pradesh,26.2,2123.2,3,1.13,0.676,88.9,124.4,178.8,74.8,106.6,0.108,0.02,60.8,59.3,59.8,0
Nagaland,32.98,2088.0,2,7.21,0.653,67.6,64.6,97.5,46.5,77.6,0.018,0.031,60.7,39.5,46.9,0
Meghalaya,37.48,865.0,3,13.78,0.657,67.9,8.5,17.5,50.1,68.0,0.009,0.008,52.1,20.1,31.3,0
Mizoram,36.68,851.3,3,0.67,0.725,81.5,72.1,167.3,69.9,92.2,0.012,0.011,64.6,49.4,54.7,0
Nagaland,29.05,1410.6,3,17.32,0.581,8.4,30.6,53.9,25.3,44.1,0.04,0.011,38.3,18.9,25.7,0
Mizoram,30.53,1974.4,3,0.11,0.454,41.5,122.5,215.5,94.7,146.0,0.979,0.013,64.6,68.3,67.0,1
Nagaland,25.23,1672.3,2,3.32,0.752,24.7,172.6,251.0,83.5,110.1,0.807,0.013,54.6,81.9,72.4,1
Arunachal Pradesh,31.06,4049.9,3,6.69,0.615,66.1,72.5,106.2,38.2,50.1,0.007,0.0,50.5,32.1,38.6,0
Nagaland,40.97,1793.0,2,7.03,0.534,21.5,31.3,47.7,47.0,59.7,0.177,0.038,67.2,23.4,38.7,0
Manipur,9.8,926.8,3,5.97,0.675,69.2,102.2,153.0,81.6,103.9,1.69,0.009,39.7,59.5,52.6,1
Sikkim,22.64,3056.3,1,3.39,0.711,38.8,70.5,185.6,67.6,113.6,0.04,0.024,30.3,48.0,41.8,0
Mizoram,27.3,1113.2,2,4.74,0.697,43.9,170.0,334.9,99.0,166.5,0.583,0.001,65.7,86.5,79.2,1
Sikkim,52.2,3453.6,3,5.42,0.348,81.8,70.3,173.1,70.1,124.3,0.013,0.047,79.2,49.9,60.2,1
Assam,20.19,661.6,1,3.07,0.493,34.8,162.4,256.3,88.5,122.0,0.091,0.035,28.8,78.6,61.2,1
Arunachal Pradesh,59.05,2062.4,2,4.08,0.541,25.7,10.1,14.3,29.0,44.8,0.102,0.022,87.3,14.1,39.7,0
Meghalaya,29.74,1368.4,3,8.43,0.825,85.0,54.2,151.7,64.0,97.4,0.152,0.0,53.8,42.4,46.4,0
Arunachal Pradesh,44.01,3682.7,2,1.69,0.657,68.5,130.5,328.3,99.0,124.9,0.836,0.039,74.8,83.4,80.4,1
Mizoram,39.83,2097.3,2,3.33,0.696,40.4,89.7,230.0,84.7,128.3,0.011,0.026,70.9,64.6,66.8,1
Arunachal Pradesh,56.88,2947.3,2,0.1,0.513,49.9,21.5,48.3,26.9,35.6,0.089,0.059,93.4,19.5,45.4,0
Sikkim,32.98,1687.4,2,5.23,0.738,34.8,90.8,152.2,74.3,100.0,0.062,0.035,62.3,54.2,57.0,0
Meghalaya,32.13,810.4,1,0.98,0.661,55.1,178.0,255.1,99.0,167.6,1.139,0.061,44.4,87.9,72.7,1
Manipur,18.94,521.7,1,2.95,0.545,13.9,47.2,115.5,57.1,78.8,0.012,0.012,27.8,32.7,31.0,0
Arunachal Pradesh,44.77,3782.5,1,1.06,0.652,88.8,135.1,342.5,99.0,165.1,1.32,0.036,59.8,86.0,76.8,1
Arunachal Pradesh,51.04,2300.6,2,0.11,0.255,55.4,84.7,175.6,73.3,90.7,0.009,0.015,91.3,51.8,65.6,1
Nagaland,42.71,1967.5,1,2.97,0.705,38.5,10.1,23.0,33.1,50.5,0.032,0.067,51.3,20.9,31.5,0
Meghalaya,27.72,1195.2,3,2.49,0.49,57.2,23.3,64.5,51.9,82.4,0.022,0.001,58.5,24.9,36.7,0
Manipur,15.13,703.5,2,2.49,0.711,16.1,44.0,82.4,59.4,99.3,0.06,0.006,55.0,34.2,41.4,0
Arunachal Pradesh,43.75,1746.1,3,1.05,0.622,7.8,7.4,19.1,19.4,32.2,0.01,0.001,70.8,6.6,29.1,0
Mizoram,24.43,1006.1,1,13.24,0.65,54.8,16.9,44.3,33.3,45.2,0.039,0.013,32.8,18.7,23.6,0
Sikkim,45.0,3820.8,2,0.1,0.558,7.0,219.8,333.4,99.0,157.1,0.29,0.029,77.4,89.1,85.0,1
Arunachal Pradesh,38.15,4115.6,2,10.0,0.695,66.1,19.0,39.3,57.9,75.8,0.017,0.018,56.6,21.9,34.0,0
Mizoram,41.34,1675.0,3,6.01,0.806,80.0,240.1,531.0,99.0,128.3,0.405,0.031,65.4,86.3,79.0,1
Mizoram,39.99,1671.9,3,0.85,0.467,98.8,23.5,37.7,16.5,21.7,0.003,0.015,72.1,14.4,34.6,0
Nagaland,33.01,1340.5,3,2.88,0.515,76.9,11.2,22.1,44.7,59.2,0.164,0.001,64.5,16.2,33.1,0
Sikkim,28.15,2694.9,1,20.23,0.578,97.4,10.6,21.6,20.2,26.1,0.012,0.037,40.3,11.2,21.4,0
Meghalaya,24.41,1303.3,3,4.64,0.67,2.2,201.8,361.0,99.0,138.5,0.663,0.015,42.5,92.6,75.1,1
Sikkim,38.59,1671.3,2,0.61,0.819,55.9,20.7,31.5,16.4,26.7,0.042,0.026,77.1,16.1,37.5,1
Tripura,22.96,534.4,3,2.75,0.716,16.5,12.2,23.0,29.7,49.6,0.006,0.007,49.5,11.6,24.9,0
Sikkim,35.42,1866.2,2,2.84,0.668,24.5,169.0,381.3,99.0,139.4,0.663,0.116,69.3,95.8,86.5,1
Sikkim,30.36,2040.6,2,7.29,0.666,73.5,24.6,47.3,24.7,40.5,0.031,0.01,67.5,19.7,36.5,0
Sikkim,35.7,1640.5,1,11.15,0.636,25.3,84.2,145.6,77.2,128.3,0.031,0.046,35.5,53.3,47.1,1
Meghalaya,41.4,1620.4,2,0.39,0.697,18.0,35.8,60.1,52.1,74.7,0.044,0.004,74.9,27.8,44.3,1
Sikkim,35.7,3137.1,2,1.7,0.549,37.2,231.1,455.3,99.0,177.9,1.76,0.023,75.8,95.8,88.8,1
Manipur,16.52,860.7,1,1.6,0.424,8.3,21.1,58.2,33.5,51.3,0.04,0.013,31.7,18.5,23.1,0
Sikkim,28.56,1737.2,1,24.9,0.604,14.6,14.9,34.0,29.7,48.1,0.06,0.077,24.7,17.2,19.8,0
Manipur,19.68,853.4,3,3.69,0.721,14.6,46.5,72.0,36.1,45.6,0.01,0.022,40.7,29.4,33.4,0
Arunachal Pradesh,47.8,2358.6,2,9.53,0.494,22.6,55.5,88.3,40.6,62.5,0.038,0.005,73.8,34.1,48.0,0
Mizoram,40.46,1899.0,3,2.5,0.829,87.1,0.8,1.7,28.3,46.4,0.005,0.009,70.7,8.2,30.1,0
Manipur,15.36,306.7,3,5.77,0.712,29.5,49.8,87.0,56.3,85.5,0.098,0.015,45.1,35.7,39.0,0
Arunachal Pradesh,39.29,3451.4,3,1.52,0.787,27.4,9.0,23.1,27.3,46.6,0.067,0.041,60.8,11.0,28.4,0
Assam,15.88,964.8,3,10.93,0.612,12.6,234.8,351.6,99.0,123.2,0.524,0.014,38.5,92.0,73.3,1
Meghalaya,29.53,1644.1,3,2.73,0.8,1.6,38.6,66.8,41.6,72.1,0.01,0.002,54.4,25.5,35.7,0
Assam,19.58,360.7,2,7.33,0.736,16.0,6.1,13.9,19.6,32.5,0.059,0.003,47.9,9.1,22.7,0
Mizoram,28.65,890.3,1,1.33,0.673,72.3,156.3,362.6,99.0,119.0,0.175,0.012,42.7,85.2,70.3,1
Sikkim,14.34,2812.2,2,5.32,0.579,97.0,95.3,228.5,84.9,106.1,1.617,0.003,61.6,62.9,62.5,0
Arunachal Pradesh,52.35,3243.3,2,2.34,0.707,74.4,85.6,223.6,93.1,117.6,0.448,0.011,83.9,61.8,69.5,0
Sikkim,33.02,2000.1,1,0.14,0.504,85.3,91.6,252.5,99.0,143.2,1.366,0.007,49.9,72.3,64.5,0
Arunachal Pradesh,32.39,1983.2,2,2.4,0.667,78.7,4.1,6.9,11.6,14.9,0.127,0.001,68.7,3.6,26.4,0
Arunachal Pradesh,31.37,3274.5,2,3.59,0.73,29.6,22.2,39.2,38.4,47.0,0.024,0.074,63.1,20.8,35.6,0
Arunachal Pradesh,25.61,2344.0,3,0.74,0.71,73.1,153.0,298.7,99.0,167.7,0.799,0.028,54.2,86.3,75.0,0
Meghalaya,44.08,2075.5,2,0.91,0.71,75.1,125.8,243.5,95.1,126.3,0.582,0.019,83.7,68.1,73.6,0
Nagaland,31.98,1206.3,2,2.81,0.762,25.9,90.2,170.8,85.4,133.4,0.61,0.007,67.6,60.9,63.2,1
Arunachal Pradesh,42.3,3579.3,2,1.89,0.74,92.1,62.6,93.1,32.4,50.3,0.091,0.003,82.7,32.1,49.8,0
Arunachal Pradesh,41.11,3711.2,2,2.62,0.813,99.8,166.4,433.9,99.0,166.5,0.426,0.01,78.6,91.4,87.0,1
Mizoram,28.45,974.9,3,2.78,0.439,56.1,18.8,43.7,56.5,86.2,0.097,0.0,58.9,26.6,37.9,0
Arunachal Pradesh,37.94,2164.4,1,0.68,0.739,31.7,47.0,117.5,65.0,115.9,0.023,0.016,51.1,41.6,44.9,0
Arunachal Pradesh,44.25,3071.4,2,0.9,0.51,35.8,16.7,46.8,20.8,31.6,0.064,0.0,82.0,9.2,34.7,0
Arunachal Pradesh,26.46,2643.9,2,8.48,0.654,58.2,91.0,189.8,81.5,130.7,1.198,0.007,56.1,62.9,60.5,0
Assam,17.78,697.5,2,0.8,0.623,0.8,17.9,28.3,40.9,71.3,0.064,0.004,54.6,12.8,27.4,0
Nagaland,30.54,824.9,2,4.93,0.614,30.8,30.2,77.5,30.1,49.2,0.022,0.043,60.3,18.0,32.8,0
Sikkim,33.44,3523.6,2,2.44,0.708,4.9,148.8,363.1,99.0,162.1,0.195,0.04,66.3,90.9,82.3,1
Mizoram,28.12,2150.6,1,15.52,0.507,62.4,5.7,14.0,45.9,56.7,0.083,0.03,33.2,16.7,22.5,0
Meghalaya,33.25,831.7,2,0.31,0.622,60.4,6.4,10.3,22.6,28.2,0.062,0.026,74.9,10.4,33.0,0
Mizoram,41.81,1903.1,3,7.98,0.378,59.1,19.0,46.6,27.8,38.0,0.06,0.031,61.8,14.8,31.3,0
Mizoram,35.19,848.0,2,3.04,0.738,15.1,131.6,293.4,99.0,152.2,0.24,0.002,69.7,77.6,74.8,1
Mizoram,26.38,862.8,1,0.1,0.711,94.5,27.5,40.4,36.3,62.9,0.04,0.027,45.5,22.6,30.6,0
Sikkim,61.4,3017.3,2,1.38,0.644,53.4,14.1,25.5,28.3,35.4,0.009,0.038,94.9,12.7,41.4,0
Arunachal Pradesh,50.0,2590.5,1,2.36,0.601,55.6,14.3,24.5,24.4,31.4,0.015,0.006,58.4,11.8,28.1,0
Meghalaya,28.72,1757.0,3,1.7,0.364,54.4,26.5,48.0,50.4,76.5,0.043,0.018,62.2,24.8,37.9,0
Manipur,28.58,649.4,2,2.03,0.797,52.4,178.4,299.6,99.0,127.0,0.052,0.016,65.4,85.1,78.2,1
Meghalaya,33.41,1604.9,3,11.18,0.665,93.8,180.5,353.3,99.0,146.6,1.653,0.006,55.1,93.9,80.3,1
Nagaland,24.07,1306.7,2,2.01,0.771,60.2,248.2,422.9,99.0,172.5,0.047,0.001,64.1,91.8,82.1,1
Tripura,27.65,382.8,3,2.44,0.74,48.5,208.0,406.6,99.0,163.2,0.019,0.046,55.7,89.1,77.4,0
Arunachal Pradesh,31.17,1535.2,2,6.44,0.305,76.6,0.5,0.7,23.0,37.8,0.02,0.017,66.4,8.2,28.5,0
Mizoram,35.53,1634.7,1,7.11,0.751,25.1,128.5,312.2,99.0,143.6,0.448,0.012,36.1,82.6,66.3,0
Mizoram,33.02,1896.1,1,0.4,0.551,19.2,100.7,189.9,62.5,100.3,0.074,0.04,41.3,54.3,49.7,0
Tripura,23.55,705.5,2,5.48,0.687,43.9,124.3,224.0,92.4,151.7,0.675,0.025,54.5,72.8,66.4,1
Tripura,30.92,841.7,2,2.96,0.707,1.6,143.7,373.9,99.0,120.0,0.332,0.004,67.4,81.1,76.3,1
Mizoram,31.85,1114.6,2,0.65,0.825,29.4,19.4,47.5,14.4,24.3,0.026,0.014,64.1,5.5,26.0,0
Sikkim,28.27,2720.9,3,1.38,0.564,42.0,174.0,453.7,99.0,171.8,0.438,0.02,61.6,92.8,81.9,1
Nagaland,27.25,2039.1,1,0.21,0.398,57.9,90.8,238.2,99.0,126.0,0.709,0.025,50.2,69.0,62.4,0
Arunachal Pradesh,27.73,3823.0,2,2.01,0.625,54.3,2.2,5.3,12.9,22.0,0.265,0.019,69.5,5.1,27.6,0
Nagaland,21.57,1521.5,3,1.33,0.719,36.7,2.2,3.2,13.3,18.8,0.077,0.013,49.0,3.8,19.6,0
Manipur,26.77,541.5,2,2.17,0.408,34.3,76.9,117.9,72.1,100.3,0.062,0.0,62.4,43.4,50.1,1
Sikkim,38.94,3340.2,3,3.91,0.702,0.1,3.3,4.9,19.3,30.1,0.025,0.009,57.1,7.0,24.6,1
Mizoram,31.03,2152.0,2,5.93,0.757,88.1,85.9,150.1,73.1,123.3,0.085,0.018,65.5,52.0,56.7,0
Meghalaya,14.03,2158.9,2,4.18,0.607,23.1,116.3,303.6,99.0,142.4,0.275,0.012,49.3,75.2,66.1,1
Meghalaya,28.87,2149.6,1,5.1,0.735,35.8,1.1,1.6,22.7,35.9,0.031,0.0,36.9,5.3,16.3,0
Sikkim,45.24,3361.2,3,9.03,0.768,2.0,11.2,16.5,48.0,81.4,0.004,0.001,54.8,18.9,31.5,0
Nagaland,42.95,823.1,3,9.32,0.496,95.7,1.1,1.7,5.0,8.4,0.19,0.058,61.5,9.0,27.4,0
Assam,15.02,231.5,3,8.87,0.648,49.5,3.4,7.5,26.5,36.2,0.048,0.005,38.8,13.3,22.2,0
Assam,22.77,427.8,2,0.75,0.609,2.3,34.4,63.5,62.4,101.4,0.014,0.028,61.0,39.0,46.7,0
Arunachal Pradesh,46.9,2851.8,3,1.3,0.554,25.1,58.9,160.2,72.5,114.7,0.049,0.019,65.5,42.4,50.5,0
Manipur,21.48,458.3,2,3.14,0.577,87.9,29.4,46.7,43.4,70.1,0.075,0.026,64.6,26.1,39.6,0
Nagaland,37.33,968.5,2,2.0,0.56,37.6,21.9,55.4,45.4,66.1,0.073,0.001,72.6,24.4,41.2,0
Sikkim,28.18,2846.2,3,0.64,0.742,68.9,10.4,24.0,29.5,35.8,0.0,0.004,62.7,13.1,30.5,1
Arunachal Pradesh,16.15,3887.1,1,1.53,0.473,61.4,12.1,28.1,45.3,63.6,0.071,0.02,33.5,19.7,24.5,0
Sikkim,51.58,2551.4,1,16.68,0.694,47.2,39.3,74.4,40.1,65.9,0.037,0.002,44.3,25.0,31.8,0
Manipur,25.14,126.2,2,1.92,0.368,83.3,87.1,122.5,49.4,82.2,0.085,0.029,71.8,39.8,51.0,0
Mizoram,35.96,1982.3,3,2.44,0.515,4.0,23.3,44.6,18.1,31.2,0.011,0.08,61.4,15.1,31.3,0
Nagaland,38.77,1640.8,2,0.1,0.631,91.2,126.3,283.2,99.0,132.5,1.071,0.014,83.6,82.1,82.7,1
Sikkim,35.48,4122.5,2,5.72,0.829,71.8,2.4,5.9,30.8,49.1,0.003,0.01,71.7,11.1,32.3,0
Mizoram,25.02,1291.6,3,2.4,0.544,86.4,79.5,172.9,77.3,102.1,0.019,0.001,61.2,52.1,55.3,1
Arunachal Pradesh,27.79,1639.3,2,0.49,0.389,1.7,18.6,51.6,48.1,62.7,0.026,0.005,67.0,21.0,37.1,0
Sikkim,26.64,1821.6,1,15.57,0.725,8.5,91.4,203.0,94.9,153.8,1.931,0.094,24.4,72.0,55.4,1
Mizoram,35.13,888.8,2,6.76,0.658,20.6,113.3,171.8,63.4,82.7,0.057,0.005,60.1,50.7,54.0,1
Arunachal Pradesh,34.55,2306.5,3,5.83,0.746,59.4,54.2,140.9,65.4,79.8,0.118,0.002,50.7,40.6,44.1,0
Nagaland,42.64,1324.1,1,14.25,0.683,9.2,19.7,45.7,43.2,67.6,0.002,0.05,41.4,21.2,28.3,0
Sikkim,48.72,2062.3,2,2.36,0.603,93.2,27.5,58.4,49.7,60.7,0.02,0.019,89.1,29.2,50.1,0
Mizoram,37.95,994.0,1,5.7,0.703,74.9,36.1,89.9,44.6,67.9,0.009,0.002,40.3,27.9,32.2,0
Sikkim,43.12,2814.4,2,1.04,0.767,80.8,128.3,303.5,99.0,166.6,0.164,0.015,84.1,81.1,82.1,1
Mizoram,27.22,1828.1,2,5.37,0.614,58.4,70.5,192.3,96.3,118.1,1.435,0.02,66.9,65.5,66.0,1
Arunachal Pradesh,33.61,2952.9,2,0.1,0.515,63.1,66.4,136.2,59.1,94.7,0.037,0.014,74.0,43.4,54.1,1
Arunachal Pradesh,32.16,4110.0,2,0.61,0.751,22.1,0.6,1.4,20.0,24.9,0.043,0.023,66.9,8.0,28.6,0
Manipur,13.84,863.8,3,2.49,0.484,91.0,7.4,15.1,17.5,27.5,0.005,0.006,53.6,10.7,25.7,0
Sikkim,37.08,3184.3,3,0.1,0.76,64.9,117.0,209.4,79.7,137.2,0.121,0.001,71.5,67.2,68.7,0
Nagaland,39.22,1327.5,3,2.79,0.597,41.8,50.2,92.8,45.3,66.0,0.012,0.064,63.8,27.3,40.1,0
Tripura,18.97,634.6,2,3.33,0.576,88.2,138.3,308.3,99.0,141.3,1.382,0.021,67.8,86.9,80.2,1
Arunachal Pradesh,31.76,2275.3,1,4.37,0.499,86.4,17.5,29.0,24.6,41.7,0.054,0.004,45.4,13.0,24.4,0
Sikkim,36.55,2491.2,2,0.48,0.526,0.1,27.9,58.8,33.9,53.5,0.079,0.0,66.0,15.5,33.2,0
Mizoram,33.19,974.9,3,0.9,0.725,92.5,40.1,95.0,45.8,67.3,0.03,0.005,64.8,30.6,42.5,0
Assam,17.08,345.3,2,4.28,0.766,36.3,104.4,224.6,88.2,139.1,0.154,0.011,55.0,67.9,63.4,1
Manipur,19.4,460.7,3,4.83,0.464,42.2,73.5,160.7,64.9,89.6,0.108,0.071,50.2,47.2,48.3,0
Meghalaya,51.1,1185.0,1,0.12,0.796,8.5,20.0,34.0,32.7,57.1,0.007,0.026,54.8,16.6,30.0,0
Nagaland,22.46,1532.3,2,3.5,0.684,87.8,65.7,152.6,82.6,99.4,1.278,0.007,59.4,54.9,56.5,1
Arunachal Pradesh,21.03,3741.5,2,6.92,0.83,53.9,80.4,179.9,66.1,89.9,0.036,0.036,49.2,51.9,50.9,1
Tripura,20.59,591.1,2,0.32,0.584,90.6,33.2,71.4,32.1,54.7,0.03,0.024,70.5,17.7,36.2,0
Assam,22.4,860.6,2,2.4,0.464,78.1,139.4,331.1,99.0,130.6,1.619,0.015,63.1,88.3,79.5,1
Arunachal Pradesh,36.73,4153.0,2,1.78,0.712,89.8,129.0,307.1,99.0,132.7,1.918,0.001,77.7,89.3,85.2,1
Sikkim,29.93,2258.3,2,11.02,0.76,94.8,147.5,349.3,99.0,152.2,0.795,0.018,60.7,88.7,78.9,1
Arunachal Pradesh,50.74,3291.0,2,0.92,0.648,88.6,11.4,18.3,17.5,28.1,0.032,0.003,84.8,15.5,39.7,0
Sikkim,38.32,3880.4,1,1.72,0.506,21.0,69.2,153.9,81.3,99.6,1.005,0.037,51.4,52.7,52.2,0
Nagaland,33.01,1260.7,3,10.29,0.549,7.0,1.9,4.6,32.2,54.6,0.039,0.004,45.2,10.8,22.8,0
Sikkim,45.07,3543.5,2,1.81,0.571,62.0,0.1,0.2,21.0,32.3,0.045,0.006,76.6,8.2,32.1,0
Arunachal Pradesh,36.38,4149.8,2,3.41,0.643,15.5,19.5,32.6,14.0,17.3,0.004,0.008,66.8,14.0,32.5,0
Sikkim,35.61,2933.9,2,0.15,0.782,86.3,27.9,40.0,27.5,42.0,0.05,0.03,74.6,20.5,39.5,0
Tripura,28.99,910.5,3,18.87,0.466,94.7,35.6,80.1,46.3,60.1,0.052,0.012,54.8,26.1,36.1,0
Mizoram,20.6,1409.9,2,7.84,0.549,12.1,21.4,36.5,27.4,35.1,0.101,0.038,50.5,16.5,28.4,0
Sikkim,40.92,2894.1,3,4.53,0.637,23.6,6.2,15.9,32.1,49.3,0.037,0.009,56.2,14.8,29.3,0
Arunachal Pradesh,40.14,1795.3,2,0.28,0.544,62.5,19.0,51.6,27.8,45.1,0.016,0.006,78.8,17.4,38.9,0
Tripura,17.5,464.4,2,0.35,0.741,72.5,77.6,199.8,82.3,112.9,0.283,0.045,56.4,58.0,57.4,0
Nagaland,30.96,1978.8,2,3.54,0.455,51.2,18.4,30.2,21.7,37.9,0.035,0.035,75.6,17.2,37.6,0
Sikkim,49.83,2423.1,2,1.51,0.581,36.9,109.5,278.7,96.9,140.7,0.991,0.025,80.1,73.5,75.8,1
Arunachal Pradesh,31.15,4158.8,2,4.39,0.49,30.6,51.4,84.8,37.9,53.7,0.035,0.003,63.7,30.1,41.8,0
Arunachal Pradesh,44.45,2856.2,2,4.1,0.691,66.6,170.5,309.9,99.0,153.0,1.823,0.005,74.4,91.8,85.7,1
Arunachal Pradesh,38.06,2774.1,1,8.21,0.54,74.5,30.1,77.1,32.8,54.7,0.098,0.06,46.1,25.9,33.0,0
Mizoram,36.49,1428.8,2,1.49,0.78,28.9,6.0,9.7,35.8,44.7,0.178,0.01,66.2,13.1,31.7,0
Assam,22.5,507.3,3,3.88,0.481,32.6,103.8,172.7,81.8,139.7,1.088,0.022,49.8,65.9,60.2,1
Meghalaya,17.7,851.4,2,6.76,0.394,46.0,91.0,235.1,88.8,133.1,2.037,0.007,52.6,70.7,64.4,1
Manipur,15.03,880.7,2,3.04,0.731,45.0,124.4,346.0,99.0,149.8,1.369,0.009,58.8,85.8,76.4,1
Meghalaya,27.16,1638.4,3,7.99,0.658,84.3,66.9,153.2,75.7,128.5,0.037,0.008,45.5,48.8,47.7,1
Mizoram,25.29,1364.6,2,0.63,0.666,43.7,64.9,146.9,51.3,78.8,0.005,0.007,70.2,42.6,52.3,0
Nagaland,27.97,1459.1,1,5.96,0.62,97.8,102.0,220.0,73.1,107.3,0.003,0.064,40.1,60.9,53.7,0
Arunachal Pradesh,39.2,2288.9,3,12.89,0.701,31.1,1.5,2.7,14.8,25.1,0.098,0.041,47.0,5.7,20.1,0
Sikkim,45.95,3505.1,1,1.81,0.734,69.3,93.4,135.7,51.8,92.1,0.013,0.027,54.8,46.3,49.3,0
Mizoram,23.24,1607.5,3,2.05,0.7,75.9,70.7,143.6,58.8,97.0,0.052,0.017,57.0,45.2,49.3,0
Arunachal Pradesh,38.18,3960.8,1,0.39,0.723,63.0,33.5,86.6,30.2,52.8,0.049,0.053,48.4,27.7,35.0,0
Sikkim,40.46,2518.1,1,4.62,0.619,36.7,118.5,313.3,97.9,163.1,0.587,0.031,47.7,78.5,67.8,1
Meghalaya,39.99,921.8,1,3.62,0.534,25.7,35.4,74.7,46.9,78.6,0.007,0.039,45.3,33.6,37.7,1
Tripura,29.81,424.2,2,0.19,0.644,60.4,168.4,457.3,99.0,131.9,0.013,0.028,70.4,90.3,83.3,1
Meghalaya,30.62,1129.6,1,6.28,0.385,65.9,150.8,330.2,99.0,173.9,0.61,0.049,33.9,86.4,68.0,1
Nagaland,25.43,1002.9,1,7.95,0.678,25.8,55.5,136.8,71.3,90.4,0.047,0.018,27.6,42.2,37.1,0
Meghalaya,34.5,944.5,3,10.69,0.586,33.6,40.8,82.4,54.8,83.3,0.04,0.017,47.1,32.2,37.4,0
Nagaland,25.73,1979.7,3,3.55,0.596,86.2,75.5,114.4,53.0,64.0,0.064,0.015,53.5,39.9,44.7,0
Mizoram,33.9,2190.2,3,2.71,0.423,81.1,180.0,463.1,99.0,140.5,0.652,0.03,64.2,92.2,82.4,1
Manipur,15.58,740.5,3,9.4,0.663,18.4,2.8,7.6,25.1,40.4,0.076,0.002,29.6,9.5,16.5,0
Sikkim,19.95,4030.3,2,2.29,0.78,93.3,162.5,392.1,99.0,120.9,0.091,0.033,65.1,87.3,79.5,1
Mizoram,35.62,1764.5,3,4.79,0.56,62.8,180.0,355.1,99.0,123.1,0.262,0.009,61.1,84.6,76.4,1
Mizoram,27.29,986.5,2,4.3,0.679,49.7,85.6,223.0,92.5,140.6,0.311,0.04,58.7,63.4,61.8,1
Sikkim,50.91,2090.7,2,2.09,0.638,20.1,118.1,269.6,99.0,122.3,0.03,0.014,78.4,76.7,77.3,1
Arunachal Pradesh,38.09,3852.5,3,0.41,0.756,73.0,86.9,122.0,58.8,81.3,0.024,0.015,64.2,42.0,49.8,1
Arunachal Pradesh,24.88,3446.5,1,0.1,0.505,92.1,169.3,458.6,99.0,164.0,0.111,0.033,42.9,92.9,75.4,1
Arunachal Pradesh,46.22,3612.4,3,2.52,0.559,6.5,95.8,196.2,98.8,137.5,0.136,0.014,59.0,61.8,60.8,0
Manipur,18.91,717.4,2,2.95,0.592,52.1,77.7,127.8,63.9,91.9,0.042,0.008,57.1,44.9,49.2,0
Sikkim,43.07,3127.1,1,7.78,0.619,87.7,8.6,14.2,8.9,14.8,0.011,0.002,47.6,0.8,17.2,0
Arunachal Pradesh,46.4,1508.6,1,2.41,0.593,95.3,23.7,44.6,50.4,65.0,0.198,0.056,61.7,23.6,37.0,0
Nagaland,32.45,1195.0,1,1.49,0.681,7.2,14.1,20.6,27.3,46.4,0.039,0.027,46.3,14.7,25.8,0
Sikkim,26.88,3951.2,3,2.79,0.61,79.1,223.0,407.6,99.0,119.4,1.689,0.02,54.8,95.4,81.2,1
Meghalaya,33.09,1706.6,3,1.22,0.654,28.1,168.2,256.9,91.9,123.3,0.665,0.027,62.5,80.2,74.0,1
Arunachal Pradesh,49.51,2717.4,2,0.43,0.434,54.2,161.8,272.2,99.0,142.9,0.917,0.026,88.5,81.0,83.6,1
Assam,19.43,602.8,2,0.54,0.268,78.4,41.5,59.1,42.2,56.1,0.064,0.002,66.4,28.7,41.9,1
Manipur,22.52,531.1,1,1.73,0.548,54.5,42.7,100.4,35.3,60.1,0.01,0.002,41.3,28.0,32.7,0
Manipur,15.21,371.6,3,0.1,0.629,11.0,21.7,47.9,38.8,68.3,0.034,0.016,45.9,22.7,30.8,0
Sikkim,25.61,3997.7,1,1.12,0.754,59.1,12.3,18.8,28.7,39.5,0.008,0.027,44.9,8.6,21.3,0
Nagaland,30.87,875.6,3,6.97,0.631,11.8,19.3,47.9,22.6,28.9,0.01,0.007,45.0,12.0,23.5,0
Arunachal Pradesh,38.3,3171.2,2,1.2,0.581,34.7,88.6,209.4,88.1,148.6,1.018,0.052,69.3,65.9,67.1,1
Arunachal Pradesh,47.51,2317.0,3,0.53,0.651,55.8,52.9,85.5,46.6,83.7,0.013,0.004,73.0,31.1,45.8,0
Arunachal Pradesh,38.83,4174.0,2,13.4,0.771,99.1,24.7,36.0,29.1,45.5,0.155,0.031,63.2,18.9,34.4,0
Mizoram,39.2,1781.9,2,4.38,0.74,72.7,35.9,57.1,37.8,67.7,0.007,0.003,71.0,28.3,43.3,0
Meghalaya,28.98,1268.3,2,0.28,0.66,30.3,66.3,103.7,50.0,60.7,0.203,0.005,68.4,39.7,49.7,0
Meghalaya,22.67,1281.6,3,0.29,0.562,87.7,145.7,328.4,99.0,164.8,0.104,0.011,58.7,85.4,76.1,1
Arunachal Pradesh,42.06,1602.9,3,4.26,0.769,22.6,24.8,36.5,29.6,44.4,0.085,0.013,55.6,15.5,29.5,0
Meghalaya,42.34,2028.4,2,3.5,0.514,38.4,33.0,60.5,54.7,78.6,0.043,0.007,71.2,23.7,40.3,0
Mizoram,28.05,1545.7,2,0.32,0.768,64.7,2.5,4.7,8.6,13.3,0.032,0.004,76.8,2.8,28.7,0
Meghalaya,36.4,1114.0,3,1.14,0.732,41.1,7.4,11.3,5.0,6.7,0.065,0.07,61.2,7.4,26.3,0
Nagaland,36.68,857.2,3,11.91,0.713,73.0,3.0,5.6,5.4,8.0,0.006,0.041,56.1,2.9,21.5,0
Sikkim,25.69,4117.5,2,3.82,0.798,65.1,62.8,137.7,46.2,69.4,0.041,0.019,62.7,34.6,44.4,0
Nagaland,30.57,1521.6,1,2.61,0.436,66.7,16.0,29.7,27.4,45.4,0.114,0.028,57.4,17.3,31.3,0
Mizoram,37.01,1452.6,1,1.3,0.201,42.0,24.7,66.8,33.2,51.0,0.046,0.011,51.5,21.2,31.8,0
Arunachal Pradesh,41.01,2250.9,3,0.65,0.582,5.5,50.2,90.4,57.2,87.8,0.019,0.026,60.9,33.3,43.0,0
Sikkim,44.09,2706.5,1,2.32,0.768,87.3,152.8,353.1,99.0,120.9,0.286,0.006,55.5,87.2,76.1,1
Mizoram,35.74,1045.4,1,11.5,0.54,7.4,75.0,161.5,68.1,116.2,0.062,0.003,34.6,48.4,43.6,0
Nagaland,31.42,925.4,1,0.22,0.609,46.4,2.7,5.2,24.2,35.5,0.003,0.026,47.5,3.6,18.9,0
Sikkim,38.27,3281.3,2,21.19,0.516,30.2,16.4,45.3,29.4,50.8,0.05,0.04,58.8,15.5,30.6,0
Sikkim,47.24,3021.1,2,1.05,0.475,29.6,133.4,347.2,99.0,169.2,0.19,0.005,89.5,82.3,84.8,1
Manipur,20.92,112.3,2,2.36,0.505,22.7,2.9,4.8,5.0,7.8,0.025,0.029,56.2,5.0,23.0,0
Mizoram,27.16,1255.0,1,0.21,0.585,27.2,6.1,16.9,16.9,20.4,0.016,0.019,42.2,5.8,18.5,0
Meghalaya,30.68,2115.8,3,3.96,0.793,95.5,17.4,24.9,26.7,38.9,0.111,0.051,60.7,14.3,30.5,0
Meghalaya,34.91,1150.2,3,2.97,0.649,97.2,11.8,16.8,27.2,36.9,0.086,0.073,65.3,16.2,33.4,1
Arunachal Pradesh,46.63,3556.4,1,4.94,0.787,57.1,19.5,30.0,33.6,43.8,0.095,0.021,54.7,17.1,30.3,0
Mizoram,21.73,1501.9,1,3.52,0.799,52.5,77.7,147.4,79.8,121.4,0.026,0.021,37.7,52.4,47.2,0
Sikkim,35.96,3748.4,2,2.29,0.726,4.8,71.9,137.4,65.8,93.5,0.007,0.034,66.9,42.0,50.7,0
Tripura,25.59,704.5,3,6.02,0.685,80.4,19.4,28.7,37.0,60.8,0.053,0.057,51.0,16.6,28.6,0
Meghalaya,26.33,1939.9,3,0.11,0.743,17.1,48.5,118.4,81.7,110.1,0.057,0.004,47.2,46.3,46.6,0
Meghalaya,26.36,948.2,3,3.5,0.599,14.3,175.6,324.6,99.0,151.8,0.464,0.007,51.3,92.8,78.2,1
Meghalaya,32.14,1962.7,3,0.54,0.611,42.4,21.9,59.9,40.8,61.3,0.004,0.009,62.0,21.4,35.6,0
Manipur,10.81,232.7,1,2.58,0.59,34.8,50.7,141.8,53.4,77.2,0.013,0.002,30.3,36.4,34.3,0
Nagaland,44.49,2004.8,1,7.05,0.544,9.7,21.8,51.6,50.1,86.0,0.001,0.005,49.3,24.6,33.2,0
Meghalaya,34.82,2109.8,2,0.69,0.8,14.8,35.9,56.0,53.6,83.8,0.063,0.006,66.5,27.4,41.1,0
Mizoram,36.38,1407.1,3,12.36,0.67,99.2,91.9,195.2,91.1,151.4,0.18,0.026,52.7,64.1,60.1,0
Mizoram,40.15,957.0,2,9.87,0.76,73.5,34.8,87.0,68.3,115.2,0.107,0.006,68.4,36.4,47.6,0
Meghalaya,48.98,1765.5,3,2.41,0.669,59.9,61.0,163.7,72.8,93.9,0.014,0.013,69.6,48.5,55.9,0
Arunachal Pradesh,37.33,3443.3,3,0.1,0.726,30.4,251.5,502.4,99.0,123.2,0.694,0.076,60.7,96.0,83.6,1
Meghalaya,21.65,2119.1,3,7.02,0.642,42.8,7.2,10.0,33.6,42.0,0.031,0.021,46.1,12.7,24.4,0
Sikkim,40.64,3381.0,1,9.57,0.551,62.8,167.0,329.0,99.0,145.8,0.021,0.007,45.5,88.6,73.5,1
Manipur,15.48,929.7,1,0.86,0.769,78.4,30.0,66.0,67.5,96.6,0.007,0.021,39.6,32.3,34.9,0
Sikkim,28.51,3896.2,3,11.16,0.612,94.6,105.8,164.6,93.0,164.7,1.962,0.005,52.7,68.0,62.6,1
Assam,17.14,143.6,1,11.05,0.636,12.3,131.4,302.7,99.0,144.2,1.259,0.004,16.4,82.5,59.3,0
Meghalaya,31.32,1197.5,1,2.87,0.731,19.2,8.2,17.8,13.3,17.1,0.03,0.01,42.2,9.3,20.8,0
Mizoram,40.29,1687.4,3,7.2,0.679,56.8,6.9,14.2,32.1,41.6,0.054,0.003,56.1,13.1,28.2,0
Meghalaya,44.72,1804.2,3,2.65,0.71,93.8,7.6,16.4,30.8,43.2,0.168,0.01,75.1,9.5,32.5,0
Arunachal Pradesh,29.46,1703.4,1,3.74,0.396,45.3,91.6,132.1,69.5,118.9,0.121,0.039,46.9,50.6,49.3,0
Sikkim,34.52,3230.6,3,1.73,0.485,63.4,43.5,106.8,56.0,90.3,0.022,0.012,61.8,35.0,44.4,1
Arunachal Pradesh,42.91,3706.0,1,0.78,0.704,29.4,24.6,58.4,42.0,69.8,0.01,0.004,49.8,20.9,31.0,0
Mizoram,37.04,1732.2,2,6.18,0.624,81.2,171.5,288.3,99.0,137.5,0.505,0.006,65.8,88.4,80.5,1
Meghalaya,25.67,2190.2,2,0.1,0.428,60.5,15.9,24.0,36.7,55.1,0.054,0.011,73.6,13.6,34.6,0
Nagaland,38.53,1056.4,3,3.9,0.813,38.2,118.3,230.7,66.2,115.2,0.045,0.014,59.4,64.0,62.4,1
Sikkim,32.09,4133.4,1,9.0,0.69,54.3,64.0,157.5,73.4,117.8,0.037,0.022,34.6,50.6,45.0,0
Arunachal Pradesh,30.0,4168.4,2,1.13,0.79,69.5,0.9,1.8,32.3,52.3,0.021,0.039,75.6,10.2,33.1,0
Sikkim,42.52,2904.2,1,1.82,0.472,21.4,95.1,229.2,85.0,109.3,0.336,0.005,47.5,64.9,58.8,1
Assam,27.3,973.6,3,3.98,0.649,34.1,83.2,206.8,94.6,150.0,0.311,0.029,53.3,69.6,63.8,1
Mizoram,34.17,1243.2,2,1.28,0.83,25.1,22.7,33.2,29.8,47.0,0.037,0.021,64.1,15.9,32.8,0
Sikkim,39.16,2401.2,2,8.46,0.729,96.0,195.9,382.8,99.0,164.3,1.091,0.01,69.0,94.0,85.3,1
Meghalaya,31.45,2124.3,1,2.05,0.674,4.3,84.4,234.8,74.6,119.4,0.001,0.004,33.0,57.8,49.1,0
Arunachal Pradesh,38.68,2870.2,2,3.92,0.804,5.6,185.1,265.9,88.5,143.7,0.564,0.028,65.9,86.7,79.4,1
Tripura,18.71,744.4,2,1.15,0.7,35.6,67.7,179.7,78.6,132.4,0.009,0.005,63.2,53.9,57.1,0
Mizoram,35.94,1476.0,3,0.19,0.789,53.8,5.1,8.0,41.1,67.9,0.105,0.014,67.1,20.1,36.5,0
Sikkim,38.69,4111.2,2,0.86,0.588,32.9,46.1,104.0,45.5,73.3,0.042,0.011,71.1,29.9,44.3,0
Mizoram,48.39,1768.9,3,0.21,0.372,85.7,48.7,133.0,47.2,68.5,0.028,0.025,83.7,34.8,51.9,0
Arunachal Pradesh,40.99,2293.9,2,2.85,0.647,16.9,7.2,16.2,36.7,46.8,0.054,0.018,73.6,10.4,32.5,0
Assam,18.72,434.4,2,3.98,0.729,36.5,86.6,144.3,55.6,77.3,0.011,0.006,53.1,49.0,50.4,0
Arunachal Pradesh,29.57,3984.7,2,0.21,0.438,48.8,93.1,157.4,56.0,90.7,0.017,0.028,74.2,50.3,58.7,0
Mizoram,25.84,1927.7,2,0.43,0.726,20.2,24.2,35.0,27.5,49.3,0.016,0.023,61.8,15.6,31.8,0
Sikkim,41.36,3965.2,3,2.99,0.684,29.0,42.1,79.9,62.1,82.1,0.046,0.018,60.6,33.2,42.8,0
Mizoram,28.32,909.9,3,7.22,0.461,94.7,32.2,71.4,37.2,48.1,0.035,0.001,55.6,23.4,34.6,0
Nagaland,33.31,1736.9,2,4.45,0.65,52.0,1.6,4.1,5.0,7.5,0.037,0.06,62.2,0.0,21.8,0
Mizoram,40.97,1490.0,1,0.5,0.544,87.0,4.3,9.4,41.3,69.5,0.17,0.001,61.8,15.6,31.8,0
Mizoram,23.77,1953.0,1,9.83,0.72,26.9,68.1,182.3,79.0,97.8,0.009,0.032,24.0,51.5,41.9,0
Manipur,19.1,382.3,2,11.22,0.407,61.2,30.2,71.4,52.4,89.8,0.012,0.005,48.4,29.1,35.9,0
Arunachal Pradesh,18.96,3585.8,3,1.77,0.621,76.3,138.7,301.6,99.0,129.3,0.92,0.0,50.6,81.0,70.4,1
Sikkim,25.73,2799.1,3,4.31,0.437,42.2,42.7,72.1,39.0,59.5,0.036,0.001,51.7,29.0,36.9,1
Sikkim,39.92,4057.1,1,3.05,0.82,62.5,21.5,53.7,32.8,51.1,0.03,0.001,48.0,18.2,28.7,0
Tripura,11.89,167.3,1,12.81,0.617,86.3,1.3,2.5,5.0,7.0,0.029,0.043,20.8,0.0,7.3,0
Sikkim,27.82,3729.0,2,3.2,0.646,14.1,69.6,128.7,65.2,98.7,0.049,0.028,59.7,48.0,52.1,0
Nagaland,43.71,900.7,3,14.48,0.651,35.5,28.4,44.0,31.5,45.2,0.078,0.014,56.2,15.5,29.8,0
Mizoram,27.65,1677.4,2,1.0,0.741,82.4,6.7,9.9,20.2,35.5,0.024,0.048,74.8,9.5,32.3,0
Arunachal Pradesh,29.98,3350.0,2,1.91,0.711,23.1,75.7,154.2,72.0,87.5,0.035,0.016,66.9,48.1,54.7,0
Sikkim,48.83,2915.4,2,6.84,0.685,55.6,0.8,1.3,25.7,44.2,0.066,0.008,72.9,8.6,31.1,0
Sikkim,29.92,2101.4,1,6.89,0.721,43.8,83.7,156.9,74.0,92.2,0.028,0.0,37.7,46.1,43.2,0
Sikkim,40.85,2569.4,2,5.93,0.634,66.5,117.9,303.3,99.0,151.1,6.094,0.032,71.2,87.6,81.8,1
Sikkim,41.1,3089.2,3,8.84,0.314,66.8,11.8,22.1,16.9,30.4,0.009,0.068,61.0,16.0,31.7,0
Arunachal Pradesh,45.31,2334.4,3,5.46,0.654,57.8,147.9,335.5,99.0,131.1,0.612,0.003,65.6,88.7,80.6,1
Manipur,13.42,859.7,2,4.55,0.373,94.7,45.0,116.6,41.9,61.0,0.06,0.072,59.7,29.9,40.3,0
Assam,15.12,557.5,1,2.76,0.836,17.5,138.0,222.0,93.2,137.0,0.115,0.005,27.2,71.8,56.2,1
Sikkim,32.82,2050.0,2,2.83,0.642,83.5,50.4,137.4,65.6,105.2,0.038,0.017,73.8,44.3,54.6,0
Sikkim,31.43,3408.8,3,2.35,0.715,48.9,224.6,490.7,99.0,137.4,0.501,0.004,55.1,93.6,80.1,1
Arunachal Pradesh,44.68,3061.9,1,4.36,0.658,66.2,21.9,53.1,30.9,52.4,0.064,0.006,52.6,17.4,29.7,0
Mizoram,34.56,1341.0,3,2.35,0.397,27.4,57.0,148.3,75.3,99.9,0.002,0.089,63.3,45.9,52.0,1
Nagaland,35.64,1854.6,3,0.72,0.216,9.5,4.9,12.3,14.5,26.1,0.016,0.01,65.4,7.3,27.6,0
Arunachal Pradesh,25.35,3006.3,2,0.51,0.746,77.8,17.9,31.1,33.5,57.1,0.017,0.008,69.2,15.2,34.1,0
Arunachal Pradesh,39.7,2759.4,2,11.62,0.643,25.2,51.6,90.5,37.9,46.3,0.031,0.019,63.2,33.0,43.5,0
Nagaland,42.19,2144.1,3,0.11,0.572,39.0,120.8,199.3,81.0,131.3,0.217,0.001,70.2,66.5,67.8,0
Mizoram,47.15,1573.1,2,0.5,0.545,4.8,43.0,72.0,37.5,48.4,0.013,0.004,78.2,23.4,42.6,0
Arunachal Pradesh,34.09,2682.9,1,2.65,0.749,65.0,20.4,51.4,40.7,68.7,0.01,0.058,47.1,17.8,28.1,0
Mizoram,38.18,1458.6,1,1.37,0.669,68.7,16.9,37.0,27.3,39.0,0.091,0.04,47.8,13.5,25.5,0
Sikkim,31.28,3116.0,1,2.34,0.524,90.2,22.4,35.3,34.1,46.1,0.034,0.013,50.5,13.9,26.7,0
Sikkim,25.63,3066.5,3,0.56,0.752,89.1,47.6,87.3,33.6,42.2,0.008,0.028,63.5,27.6,40.2,0
Nagaland,22.18,1242.2,2,0.63,0.376,70.5,17.8,26.9,30.8,41.9,0.032,0.008,63.0,21.7,36.2,0
Nagaland,41.04,1656.3,2,7.26,0.495,32.2,28.6,73.1,41.4,51.1,0.084,0.031,64.8,23.4,37.9,0
Sikkim,34.68,1613.7,3,6.41,0.69,37.5,64.0,144.8,54.9,98.5,0.019,0.018,52.6,41.2,45.1,0
Assam,16.52,165.3,2,0.5,0.739,38.2,12.2,19.9,17.6,23.9,0.01,0.002,58.5,8.1,25.7,0
Sikkim,44.36,1665.0,3,4.96,0.657,13.0,134.3,345.4,99.0,136.7,0.512,0.018,57.9,86.6,76.5,1
Nagaland,23.4,1411.4,2,4.23,0.748,94.7,64.5,171.3,66.7,94.1,0.001,0.011,58.0,43.2,48.4,0
Meghalaya,35.31,1261.5,2,5.62,0.574,81.8,89.7,214.1,79.3,115.4,0.042,0.01,72.4,58.1,63.1,1
Manipur,18.7,165.3,2,2.89,0.695,14.5,1.1,2.3,35.8,50.2,0.062,0.02,55.4,10.3,26.1,0
Manipur,32.22,704.1,3,1.42,0.767,94.6,5.4,13.5,24.7,38.3,0.031,0.006,62.7,8.7,27.6,0
Arunachal Pradesh,34.46,2025.1,3,4.9,0.636,84.3,139.4,269.9,99.0,155.0,1.185,0.021,62.3,79.0,73.2,1
Assam,19.14,920.4,1,2.09,0.686,91.9,104.9,212.5,81.4,99.8,2.088,0.04,41.1,65.2,56.8,1
Nagaland,22.09,814.0,3,1.11,0.705,28.6,30.1,60.3,37.3,57.4,0.061,0.035,51.4,27.5,35.9,0
Nagaland,47.62,1761.5,3,2.36,0.402,33.6,8.2,22.7,14.8,25.4,0.002,0.016,73.6,4.7,28.8,0
Arunachal Pradesh,35.0,1657.9,1,6.48,0.754,47.0,75.2,140.0,78.7,101.9,0.029,0.022,34.5,50.3,44.8,0
Nagaland,44.11,892.5,1,2.91,0.664,22.4,4.6,9.6,14.8,20.7,0.02,0.003,51.8,4.2,20.9,0
Manipur,9.92,221.6,2,1.6,0.7,46.5,4.0,10.6,28.5,44.6,0.145,0.008,51.5,13.0,26.5,0
Sikkim,40.35,1936.9,2,8.02,0.564,0.9,31.6,48.0,35.0,55.1,0.032,0.003,62.9,19.0,34.3,0
Assam,32.52,581.7,2,9.6,0.42,87.8,12.2,22.1,44.6,55.5,0.007,0.033,57.5,12.0,27.9,0
Arunachal Pradesh,32.74,1517.4,2,2.56,0.827,16.2,48.8,119.5,66.6,96.9,0.0,0.025,67.3,39.1,49.0,0
Arunachal Pradesh,39.76,1906.8,2,2.11,0.66,50.1,52.0,126.4,60.1,73.5,0.039,0.008,73.1,42.1,53.0,0
Meghalaya,41.32,1194.5,1,4.27,0.539,92.9,118.3,257.8,97.6,171.6,1.754,0.036,51.4,77.3,68.2,1
Meghalaya,29.62,1675.9,1,0.27,0.675,82.1,81.0,192.1,93.7,150.5,2.177,0.023,52.9,64.7,60.6,1
Mizoram,21.89,1519.9,2,5.29,0.705,77.6,114.3,205.4,66.3,83.6,0.093,0.011,61.2,57.2,58.6,0
Arunachal Pradesh,33.9,3653.2,2,6.86,0.616,60.5,9.3,21.6,22.3,35.5,0.016,0.021,62.3,9.8,28.2,0
Assam,21.74,404.7,2,2.28,0.646,43.6,3.7,5.4,30.3,38.1,0.039,0.022,65.2,8.6,28.4,0
Arunachal Pradesh,40.36,3642.3,3,0.86,0.498,44.6,62.0,172.3,70.1,86.5,0.034,0.001,69.0,46.9,54.6,0
Arunachal Pradesh,43.85,4060.6,1,0.13,0.651,8.7,60.6,139.2,60.5,80.5,0.019,0.033,51.6,42.8,45.9,0
Arunachal Pradesh,30.94,1537.1,1,4.56,0.674,6.5,85.5,141.1,76.1,135.7,0.044,0.025,37.4,52.4,47.2,1
Meghalaya,45.88,1782.5,1,1.41,0.657,84.3,10.2,24.5,51.9,80.3,0.052,0.003,61.6,18.3,33.4,0
Assam,15.2,258.5,2,2.81,0.478,40.9,11.4,26.1,24.7,34.4,0.016,0.027,50.7,12.4,25.8,0
Mizoram,32.56,1030.1,3,2.2,0.619,5.4,38.7,106.4,42.3,52.5,0.013,0.049,47.5,31.8,37.3,0
Nagaland,34.29,828.7,2,0.87,0.507,66.3,7.6,13.7,24.3,29.4,0.018,0.02,74.8,9.3,32.2,0
Arunachal Pradesh,39.93,3129.5,2,3.2,0.446,68.3,148.2,219.1,92.9,161.2,0.514,0.065,79.8,75.5,77.0,1
Meghalaya,24.37,1761.6,2,2.77,0.737,22.7,75.3,124.8,58.6,87.2,0.014,0.01,56.8,41.6,46.9,0
Meghalaya,41.51,2164.1,2,4.4,0.749,41.1,18.3,36.4,25.8,32.4,0.18,0.016,76.1,12.9,35.0,0
Meghalaya,28.3,1179.5,2,1.31,0.581,57.3,102.1,176.9,78.2,119.4,0.022,0.041,70.9,58.7,63.0,1
Arunachal Pradesh,41.54,3353.0,2,1.09,0.708,59.6,47.3,115.6,52.3,64.8,0.0,0.009,75.6,32.3,47.4,1
Mizoram,33.38,1753.6,1,7.58,0.543,51.1,9.0,13.1,12.9,18.6,0.058,0.0,42.7,8.1,20.2,0
Meghalaya,33.35,1587.5,3,5.45,0.702,36.4,9.8,15.5,22.3,39.0,0.013,0.001,55.2,13.6,28.2,0
Nagaland,21.37,1780.2,2,6.66,0.692,6.9,0.8,1.4,23.3,41.0,0.026,0.024,49.9,4.8,20.6,0
Meghalaya,27.74,1671.4,2,0.59,0.796,2.2,38.8,84.8,58.3,103.3,0.062,0.021,64.9,32.0,43.5,0
Arunachal Pradesh,41.46,2376.6,2,1.14,0.616,46.0,37.1,67.2,56.1,72.2,0.033,0.032,78.3,28.9,46.2,0
Mizoram,21.7,2012.5,3,3.86,0.67,20.3,4.6,10.0,22.5,29.4,0.062,0.002,46.5,6.3,20.4,0
Arunachal Pradesh,36.12,3082.6,1,8.76,0.535,93.8,2.3,4.3,14.4,24.6,0.138,0.029,45.5,7.0,20.5,0
Manipur,20.64,211.5,1,10.02,0.742,64.0,30.4,74.8,45.1,56.9,0.002,0.03,25.8,20.7,22.5,0
Mizoram,36.44,1039.2,2,8.02,0.42,58.6,203.9,497.1,99.0,119.5,0.904,0.033,66.1,91.3,82.5,1
Arunachal Pradesh,38.73,2612.9,2,0.2,0.318,40.7,138.3,346.6,99.0,160.3,0.182,0.001,81.6,78.9,79.8,1
Assam,18.87,376.5,1,7.74,0.673,33.0,3.5,9.6,20.3,29.7,0.007,0.036,21.1,10.8,14.4,0
Meghalaya,33.71,889.4,3,10.32,0.397,18.0,55.4,141.7,60.9,102.5,0.044,0.042,49.6,43.1,45.4,0
Arunachal Pradesh,35.88,2282.6,2,0.26,0.718,6.0,9.6,24.5,34.9,45.1,0.174,0.017,73.6,13.3,34.4,0
Mizoram,25.95,1511.5,3,2.42,0.798,63.4,1.6,3.0,22.7,33.2,0.063,0.065,56.6,6.6,24.1,0
Sikkim,33.81,1531.6,2,3.46,0.644,77.9,18.3,33.7,31.3,53.0,0.063,0.014,66.8,22.0,37.7,0
Nagaland,34.75,1234.7,3,1.19,0.641,85.8,38.4,65.7,58.5,79.3,0.016,0.034,65.7,29.6,42.2,0
Nagaland,30.74,1304.6,2,3.27,0.805,72.4,144.0,291.0,99.0,146.8,0.039,0.004,64.0,78.0,73.1,1
Tripura,35.58,827.8,2,9.77,0.656,89.7,2.3,4.4,15.7,24.8,0.049,0.01,62.5,6.1,25.8,0
Meghalaya,24.09,1066.4,3,9.08,0.712,98.3,118.3,202.2,88.3,144.0,0.959,0.011,45.6,72.7,63.2,0
Meghalaya,34.53,1811.7,1,12.65,0.636,96.2,118.7,166.5,65.6,99.3,0.057,0.009,37.8,56.5,50.0,0
Nagaland,35.65,921.5,3,2.98,0.469,59.2,11.0,22.5,28.0,45.7,0.059,0.002,62.9,12.0,29.8,1
Arunachal Pradesh,38.52,3830.5,2,2.38,0.647,22.4,25.5,70.7,60.3,99.6,0.006,0.01,72.3,30.7,45.3,0
Meghalaya,29.82,1618.2,3,4.93,0.743,10.6,131.1,317.4,99.0,168.3,2.958,0.06,46.2,93.5,77.0,1
Meghalaya,31.84,1779.4,2,2.43,0.221,99.4,278.3,755.8,99.0,172.7,0.105,0.017,73.1,93.4,86.3,1
Arunachal Pradesh,37.87,3448.8,3,0.19,0.692,30.8,66.0,138.6,44.0,71.3,0.016,0.066,62.5,39.6,47.6,0
Sikkim,51.46,3406.2,1,5.73,0.763,3.4,11.4,31.8,9.3,16.1,0.003,0.024,47.8,5.4,20.2,0
Manipur,9.46,829.0,2,1.48,0.644,39.1,31.3,52.6,39.4,48.8,0.018,0.011,49.9,23.4,32.7,0
Manipur,14.69,714.3,3,0.23,0.478,74.8,53.3,116.0,49.1,62.8,0.017,0.008,53.2,33.0,40.1,0
Arunachal Pradesh,40.14,4157.3,3,0.1,0.783,89.1,142.5,251.4,97.9,141.2,0.639,0.002,76.7,81.3,79.7,0
Arunachal Pradesh,46.93,3798.0,1,12.06,0.586,47.8,13.0,22.4,22.4,29.1,0.024,0.012,37.3,15.0,22.8,0
Sikkim,30.95,3331.5,2,1.31,0.814,29.4,9.9,26.8,27.9,39.1,0.087,0.036,69.6,14.7,33.9,0
Manipur,13.57,198.8,2,2.67,0.803,77.8,0.6,1.4,12.2,21.1,0.11,0.003,56.4,3.0,21.7,0
Arunachal Pradesh,36.79,3248.3,1,13.53,0.763,50.4,83.3,126.3,53.5,68.1,0.089,0.052,36.0,43.2,40.7,0
Mizoram,25.85,1836.5,2,2.84,0.49,8.6,21.4,41.0,56.1,88.8,0.143,0.024,59.1,27.3,38.5,0
Arunachal Pradesh,36.85,3658.2,3,0.37,0.785,88.8,89.9,231.3,92.3,123.4,0.306,0.025,68.5,66.1,66.9,1
Mizoram,25.97,1765.7,2,3.61,0.576,65.6,17.6,27.0,29.2,43.7,0.01,0.019,65.0,11.3,30.1,0
Sikkim,43.54,1529.0,2,0.42,0.436,3.7,168.9,241.6,95.2,136.9,0.534,0.005,75.2,85.6,82.0,1
Nagaland,26.15,1969.3,3,0.45,0.772,0.9,3.2,8.4,28.7,49.4,0.008,0.007,51.4,13.6,26.9,0
Sikkim,24.31,2554.1,1,8.58,0.752,8.8,75.1,176.7,90.0,137.1,0.256,0.056,23.8,57.1,45.4,0
Mizoram,36.59,2117.4,2,1.54,0.421,82.2,99.7,149.4,44.0,74.5,0.095,0.016,79.9,46.0,57.9,1
Sikkim,37.99,1988.4,3,5.11,0.336,48.1,13.8,22.9,18.6,26.9,0.036,0.008,58.9,10.3,27.3,0
Mizoram,29.08,1904.5,3,3.2,0.578,33.5,6.9,10.3,26.7,42.6,0.115,0.0,59.2,7.9,25.9,0
Manipur,17.66,105.4,3,1.13,0.768,24.9,156.2,233.9,99.0,172.8,0.465,0.01,42.7,74.0,63.1,1
Arunachal Pradesh,38.92,2168.4,3,3.28,0.724,50.7,91.0,242.2,80.4,103.6,0.247,0.002,66.9,59.4,62.0,1
Manipur,13.59,183.1,1,0.32,0.551,8.3,15.2,37.2,25.4,39.0,0.107,0.005,26.2,13.1,17.7,0
Mizoram,22.54,1515.5,2,1.92,0.493,61.7,110.7,234.4,95.4,150.7,0.176,0.025,70.6,71.0,70.9,1
Arunachal Pradesh,30.87,4143.9,3,3.33,0.744,38.1,173.6,320.6,99.0,155.5,0.457,0.001,53.6,86.0,74.6,1
Meghalaya,29.84,2104.8,1,1.17,0.576,85.8,49.9,112.6,70.1,107.4,0.14,0.0,51.5,40.3,44.2,1
Arunachal Pradesh,30.25,3867.6,1,4.86,0.826,75.4,211.4,380.5,99.0,166.0,0.499,0.017,40.3,97.0,77.2,1
Mizoram,43.04,923.0,3,0.24,0.664,1.8,61.9,98.9,67.3,83.2,0.145,0.019,64.9,45.4,52.2,0
Nagaland,26.13,1797.6,3,2.98,0.671,16.6,21.1,43.9,37.4,59.8,0.137,0.005,47.7,19.6,29.4,0
Arunachal Pradesh,38.31,2845.9,2,5.65,0.767,47.4,89.4,230.9,99.0,171.4,1.291,0.064,69.6,71.1,70.6,1
Meghalaya,35.2,1062.2,3,2.53,0.729,65.9,39.9,94.2,55.1,96.3,0.109,0.033,63.8,36.0,45.7,1
Nagaland,40.34,1712.7,3,9.34,0.64,71.5,48.2,120.5,58.1,76.0,0.039,0.006,56.1,31.8,40.3,0
Assam,30.57,123.5,3,4.5,0.73,81.6,143.0,236.1,99.0,154.5,0.375,0.07,56.5,81.2,72.6,1
Meghalaya,47.48,1090.5,3,14.32,0.459,4.9,178.7,490.9,99.0,135.5,2.766,0.01,64.9,99.9,87.7,1
Assam,26.81,287.5,2,1.5,0.433,1.8,86.8,130.6,55.4,90.5,0.001,0.002,63.4,39.6,47.9,0
Meghalaya,38.7,1648.8,3,12.57,0.63,60.1,7.2,15.3,17.3,21.6,0.136,0.014,56.6,10.5,26.6,0
Sikkim,29.41,3783.6,2,4.2,0.787,72.4,10.3,19.7,22.0,28.1,0.016,0.039,63.1,12.7,30.4,0
Manipur,23.11,769.3,3,6.15,0.576,78.7,62.1,138.5,54.0,86.7,0.086,0.005,50.6,40.5,44.0,1
Meghalaya,30.2,1353.0,3,10.46,0.572,15.6,1.2,3.2,19.0,29.0,0.026,0.023,44.1,7.3,20.2,0
Meghalaya,30.27,2139.5,1,3.61,0.672,96.9,155.6,241.9,99.0,172.0,1.897,0.021,40.8,88.0,71.5,1
Meghalaya,29.12,1234.5,1,8.92,0.505,22.9,34.2,54.2,42.7,52.0,0.007,0.012,34.1,23.9,27.5,0
Manipur,13.82,826.2,2,3.51,0.534,25.0,96.4,180.1,74.3,120.4,0.009,0.013,49.7,57.7,54.9,0
Nagaland,28.05,1185.9,3,4.11,0.828,15.4,92.9,213.5,69.9,113.9,0.052,0.015,44.6,58.2,53.4,0
Sikkim,30.47,2671.1,3,2.65,0.771,4.3,198.8,319.1,99.0,168.1,3.731,0.002,48.5,99.7,81.8,1
Sikkim,23.08,2610.6,2,0.71,0.735,81.0,141.4,223.9,92.3,153.5,1.145,0.006,61.9,79.2,73.2,1
Meghalaya,41.53,1947.0,2,3.63,0.761,0.6,7.1,17.9,12.9,19.5,0.004,0.004,71.6,6.6,29.4,0
Meghalaya,32.11,1917.6,3,17.06,0.632,46.4,87.8,220.5,84.7,116.2,0.563,0.009,48.2,59.6,55.6,1
Sikkim,38.48,1824.7,2,6.96,0.812,9.2,36.5,86.0,52.5,75.4,0.089,0.036,62.6,27.8,40.0,0
Nagaland,31.48,974.6,1,6.19,0.804,4.5,70.8,139.7,71.8,108.7,0.134,0.015,31.9,45.4,40.7,0
Meghalaya,39.31,2185.1,2,4.64,0.531,93.5,15.5,34.1,12.6,15.1,0.028,0.01,75.1,13.4,35.0,0
Sikkim,39.24,3148.7,3,1.92,0.775,82.5,12.4,28.1,41.4,51.9,0.086,0.032,65.6,15.2,32.8,0
Arunachal Pradesh,49.89,2126.8,3,0.84,0.456,39.5,32.8,77.1,53.1,81.0,0.001,0.016,73.8,26.3,43.0,0
Sikkim,43.28,1951.2,2,1.14,0.744,45.9,29.6,51.1,39.6,71.2,0.074,0.006,76.4,23.4,42.0,0
Assam,15.64,221.6,1,0.1,0.617,86.8,29.4,62.4,32.8,46.8,0.172,0.004,39.1,23.1,28.7,0
Sikkim,48.35,2350.2,2,5.04,0.369,79.7,23.4,65.4,53.4,89.6,0.057,0.085,84.0,34.1,51.6,1
Arunachal Pradesh,40.72,3384.5,3,7.52,0.749,69.2,58.4,96.2,41.2,58.9,0.071,0.002,57.7,31.4,40.6,0
Meghalaya,31.32,1543.2,2,1.41,0.592,53.7,42.9,64.7,43.0,54.8,0.085,0.051,67.9,26.9,41.2,0
Sikkim,45.76,2591.6,2,0.43,0.591,60.8,30.1,45.1,24.3,41.4,0.023,0.023,80.3,19.7,40.9,0
Arunachal Pradesh,38.23,2122.1,1,1.84,0.735,39.3,57.4,134.0,53.1,84.6,0.005,0.005,47.1,36.5,40.2,0
Sikkim,44.04,2852.9,3,1.55,0.509,52.8,13.7,34.7,12.0,15.4,0.028,0.011,74.3,9.2,32.0,0
Meghalaya,23.8,1722.5,2,2.7,0.67,54.0,100.1,173.4,78.7,115.1,0.002,0.036,64.3,61.8,62.7,0
Meghalaya,32.34,1067.4,1,1.38,0.49,86.5,133.2,192.9,75.0,100.2,0.057,0.01,48.5,61.7,57.1,0
Sikkim,32.33,3207.8,3,1.87,0.63,21.9,17.9,42.9,27.8,44.5,0.101,0.007,56.0,12.8,27.9,0
Meghalaya,47.15,1223.4,3,10.72,0.663,24.7,35.2,86.0,51.5,76.2,0.103,0.004,61.0,23.1,36.3,0
Assam,27.9,675.9,2,1.83,0.762,21.1,116.2,205.5,99.0,136.5,0.681,0.002,54.8,69.1,64.1,1
Sikkim,39.75,2022.3,2,6.93,0.496,57.9,14.1,20.0,26.6,40.8,0.022,0.057,67.2,16.7,34.4,0
Sikkim,48.28,3339.9,2,4.42,0.671,69.5,3.6,9.2,21.0,36.6,0.047,0.022,79.7,7.6,32.8,0
Sikkim,32.47,3489.1,1,1.85,0.518,23.9,47.5,90.5,47.6,69.0,0.024,0.005,42.6,31.8,35.6,0
Meghalaya,28.84,1369.2,1,7.66,0.721,67.7,109.7,233.5,96.4,171.5,0.555,0.016,24.1,68.0,52.7,0
Nagaland,18.55,1281.6,2,4.07,0.613,62.8,52.0,138.4,66.9,108.8,0.021,0.043,55.9,44.6,48.6,0
Arunachal Pradesh,43.58,2283.7,1,0.1,0.733,32.1,123.2,207.9,97.3,152.0,1.808,0.015,52.1,77.9,68.9,0
Mizoram,17.93,1567.1,3,0.32,0.739,23.0,56.0,88.6,39.3,48.6,0.034,0.007,40.7,26.5,31.5,0
Arunachal Pradesh,33.33,3588.5,1,6.29,0.5,88.2,152.8,338.3,99.0,166.9,1.368,0.007,47.9,89.0,74.6,1
Sikkim,27.81,2927.6,2,2.66,0.554,57.0,18.5,43.1,26.9,43.1,0.084,0.001,63.4,14.9,31.9,0
Nagaland,39.12,1976.2,2,2.34,0.757,70.4,25.3,49.5,31.7,40.5,0.004,0.0,77.1,19.3,39.5,0
Sikkim,55.3,2070.8,2,0.71,0.726,92.5,142.6,206.0,72.3,87.3,0.022,0.012,91.6,66.7,75.4,1
Meghalaya,37.75,1843.3,2,0.77,0.605,20.5,0.8,1.2,31.8,55.9,0.199,0.012,71.2,12.2,32.9,0
Arunachal Pradesh,43.33,1956.2,3,7.19,0.494,35.1,175.7,311.9,99.0,130.6,2.325,0.025,63.1,97.9,85.7,1
Nagaland,33.52,1851.9,2,7.95,0.682,43.4,75.7,129.3,54.5,79.2,0.222,0.078,62.2,45.7,51.5,0
Arunachal Pradesh,39.09,2990.1,3,3.69,0.798,23.3,88.0,161.9,66.9,97.1,0.077,0.002,60.5,55.5,57.2,0
Manipur,15.1,449.5,2,1.57,0.146,84.0,56.6,121.9,43.3,54.1,0.006,0.0,69.4,27.1,41.9,0
Arunachal Pradesh,25.23,3507.4,1,12.14,0.624,8.3,110.0,162.6,53.1,89.4,0.038,0.001,24.2,48.5,40.0,0
Manipur,20.64,138.8,2,4.4,0.385,23.9,17.9,30.7,22.6,35.3,0.141,0.009,52.5,10.9,25.4,0
Sikkim,40.83,3748.7,2,7.17,0.727,19.1,37.9,95.6,43.2,65.8,0.079,0.032,65.1,31.8,43.5,0
Nagaland,34.29,1013.6,3,0.1,0.657,95.3,72.0,117.7,45.3,77.9,0.076,0.006,62.1,37.0,45.8,0
Sikkim,42.0,2934.1,3,2.69,0.701,62.7,57.1,103.8,64.7,112.9,0.067,0.003,69.1,33.9,46.2,0
Manipur,24.41,757.5,1,9.21,0.686,71.6,1.3,2.7,17.9,22.8,0.002,0.0,28.6,6.8,14.4,0
Arunachal Pradesh,38.54,2286.4,1,1.86,0.715,10.8,69.2,112.7,48.8,78.6,0.046,0.018,44.6,34.7,38.1,0
Arunachal Pradesh,30.29,4126.1,2,5.83,0.569,19.4,95.9,236.2,89.7,122.1,0.209,0.014,57.0,63.6,61.3,0
Meghalaya,35.05,2107.2,3,4.82,0.692,81.0,4.2,6.1,22.0,36.6,0.011,0.023,60.2,5.7,24.8,0
Arunachal Pradesh,43.67,2436.5,1,0.74,0.431,56.8,66.1,132.3,48.7,61.8,0.024,0.021,57.0,41.1,46.6,0
Arunachal Pradesh,35.51,3478.6,2,6.71,0.598,4.5,135.1,292.6,99.0,130.0,1.738,0.022,58.7,88.2,77.9,1
Assam,24.03,762.8,2,0.54,0.804,56.6,8.6,13.5,19.2,25.5,0.007,0.021,64.7,11.4,30.0,0
Tripura,20.71,811.5,2,5.86,0.624,47.5,35.3,83.5,50.4,79.3,0.019,0.004,55.8,28.4,38.0,1
Sikkim,29.16,2043.4,1,21.18,0.443,15.4,36.2,55.6,31.9,51.1,0.022,0.011,26.1,20.7,22.6,0
Assam,34.69,244.2,1,14.26,0.804,59.3,175.0,381.2,99.0,173.4,1.591,0.004,33.7,97.8,75.4,1
Meghalaya,29.61,1890.0,2,7.25,0.546,17.4,104.4,277.4,99.0,123.2,0.466,0.044,56.9,73.4,67.6,0
Sikkim,29.72,3007.4,1,3.44,0.746,81.1,12.4,20.3,29.2,47.1,0.012,0.018,43.6,14.3,24.5,0
Mizoram,27.27,1374.4,1,5.06,0.692,61.8,41.5,91.3,38.4,46.3,0.05,0.03,37.3,24.8,29.2,0
Mizoram,16.39,1255.7,1,5.86,0.69,87.1,23.7,60.6,13.8,20.8,0.027,0.006,33.6,14.1,21.0,0
Tripura,18.42,340.8,2,0.1,0.633,42.5,93.1,158.5,45.5,67.2,0.322,0.035,64.4,50.1,55.1,0
Sikkim,49.7,2339.0,2,0.49,0.351,51.2,6.4,9.1,26.0,31.9,0.009,0.003,92.4,8.8,38.1,0
Mizoram,33.41,1066.1,2,4.09,0.635,76.1,112.0,160.1,52.4,68.8,0.004,0.0,70.8,48.3,56.2,1
Arunachal Pradesh,31.49,3393.5,2,0.1,0.776,54.6,280.0,488.0,99.0,166.4,0.084,0.083,72.8,94.9,87.2,1
Arunachal Pradesh,37.63,2899.6,1,10.78,0.493,57.2,38.7,93.1,48.9,67.5,0.058,0.001,36.4,27.6,30.7,0
Arunachal Pradesh,21.71,3942.6,2,3.03,0.813,55.3,109.3,205.0,84.0,125.1,0.48,0.007,57.4,66.0,63.0,0
Tripura,19.79,181.4,1,1.34,0.766,49.1,23.6,48.9,27.5,39.5,0.08,0.005,32.3,20.4,24.6,0
Nagaland,29.79,2032.9,2,2.25,0.722,80.6,41.7,61.8,29.6,38.8,0.025,0.006,66.7,22.5,37.9,0
Nagaland,38.63,1820.3,1,8.56,0.486,48.5,53.3,140.4,73.0,128.8,0.064,0.005,42.7,45.2,44.3,0
Meghalaya,34.42,1727.6,3,11.79,0.564,90.1,192.5,379.9,99.0,121.9,0.263,0.003,55.1,86.7,75.6,1
Sikkim,30.08,3516.0,1,0.56,0.809,80.9,5.4,13.5,33.6,49.7,0.052,0.03,50.6,7.3,22.4,0
Arunachal Pradesh,45.78,3568.8,3,6.77,0.592,69.2,119.0,169.4,75.8,106.2,0.06,0.028,64.9,55.9,59.0,1
Sikkim,48.74,3052.7,3,3.88,0.347,89.9,33.3,79.3,43.5,69.6,0.002,0.025,74.1,30.8,45.9,0
Sikkim,41.21,1549.2,2,3.96,0.781,53.7,2.6,5.4,16.9,26.8,0.011,0.021,71.7,3.3,27.3,0
Nagaland,30.47,1313.2,3,6.8,0.636,82.2,58.5,103.2,47.0,76.1,0.044,0.013,53.8,37.5,43.2,0
Meghalaya,28.36,834.8,1,1.13,0.54,24.2,210.8,506.3,99.0,148.5,0.418,0.018,43.4,95.0,76.9,1
Arunachal Pradesh,51.87,1678.1,1,3.41,0.705,7.3,75.1,156.7,68.0,86.1,0.017,0.001,48.4,45.4,46.5,0
Arunachal Pradesh,40.52,2990.0,2,1.73,0.394,68.5,13.9,31.2,34.2,51.3,0.104,0.013,85.3,14.2,39.1,0
Arunachal Pradesh,38.81,2868.2,1,0.45,0.688,30.2,72.3,175.7,74.5,128.7,0.074,0.038,47.1,54.2,51.7,1
Sikkim,28.38,1556.7,2,0.5,0.802,63.5,44.5,67.8,56.7,79.2,0.077,0.005,68.6,30.9,44.1,0
Assam,14.93,345.7,2,0.66,0.674,7.7,5.7,13.5,36.1,62.5,0.002,0.025,58.5,13.9,29.5,0
Mizoram,22.34,922.3,1,4.29,0.757,95.6,37.6,75.0,42.3,68.6,0.03,0.002,34.8,31.4,32.6,0
Nagaland,30.37,1804.8,2,0.5,0.809,51.5,102.2,276.2,99.0,175.1,1.75,0.002,63.5,80.4,74.5,1
Meghalaya,28.22,1837.2,1,3.8,0.563,1.0,15.4,40.5,31.9,47.6,0.014,0.027,32.5,18.5,23.4,1
Sikkim,39.21,1797.3,2,3.99,0.492,47.6,48.4,118.8,42.0,57.4,0.131,0.007,70.6,33.9,46.8,1
Arunachal Pradesh,47.47,3459.8,3,10.54,0.676,79.0,1.9,4.6,22.5,28.0,0.001,0.008,63.3,7.7,27.2,0
Manipur,24.06,956.7,2,4.43,0.676,86.5,80.9,213.4,75.7,91.3,0.073,0.016,61.9,57.9,59.3,1
Nagaland,38.17,1166.4,2,19.08,0.679,46.1,10.4,26.1,14.6,25.4,0.001,0.03,66.1,8.2,28.4,0
Arunachal Pradesh,47.23,3996.9,2,0.14,0.7,12.6,42.2,116.0,58.3,89.8,0.022,0.056,81.6,38.0,53.3,0
Meghalaya,26.59,1957.4,3,5.48,0.773,90.6,33.4,87.2,54.9,69.4,0.255,0.006,50.1,30.0,37.0,0
Meghalaya,29.26,803.5,1,0.12,0.753,98.1,35.7,66.5,38.8,54.8,0.044,0.014,52.5,22.2,32.8,0
Mizoram,28.33,2038.6,3,5.88,0.759,6.3,95.7,227.4,99.0,153.6,0.278,0.013,41.5,69.1,59.5,1
Assam,24.39,722.3,2,2.19,0.719,7.8,36.9,96.3,54.0,94.7,0.023,0.008,59.5,33.1,42.3,0
Meghalaya,23.88,883.2,2,4.25,0.77,56.6,41.5,105.3,55.5,91.2,0.127,0.031,58.4,35.6,43.6,0
Meghalaya,42.02,1962.1,3,1.67,0.711,53.4,93.8,213.1,86.7,125.8,0.468,0.011,64.5,61.0,62.2,0
Arunachal Pradesh,34.37,3121.0,3,0.78,0.596,58.9,45.1,95.0,46.2,56.6,0.018,0.012,60.1,31.3,41.4,0
Arunachal Pradesh,28.65,2802.1,2,5.79,0.525,31.7,9.6,14.5,24.1,38.1,0.085,0.001,57.5,5.5,23.7,0
Arunachal Pradesh,34.7,1832.8,1,10.57,0.637,5.0,32.3,59.8,51.1,72.5,0.062,0.015,23.4,28.1,26.4,0
Arunachal Pradesh,35.24,3830.1,3,0.91,0.441,58.0,56.8,127.6,56.5,70.1,0.151,0.037,70.6,36.6,48.5,0
Nagaland,30.66,1607.8,2,11.41,0.662,15.1,111.6,246.6,91.7,155.7,0.644,0.007,52.9,71.3,64.9,1
Nagaland,30.96,912.0,2,0.68,0.75,34.1,183.5,449.5,99.0,174.4,1.341,0.059,63.6,93.5,83.0,1
Arunachal Pradesh,47.14,1629.3,1,5.99,0.659,58.2,91.2,239.6,99.0,150.0,0.191,0.016,43.6,69.2,60.3,1
Nagaland,34.2,1919.8,2,14.42,0.722,20.8,43.1,94.3,63.9,81.1,0.044,0.012,59.1,38.0,45.4,0
Arunachal Pradesh,28.56,1975.5,3,0.72,0.656,54.2,5.9,13.6,41.2,59.5,0.024,0.014,58.1,12.0,28.1,0
Sikkim,35.07,3980.7,2,2.57,0.756,71.5,31.3,62.4,39.1,48.7,0.007,0.008,74.1,21.0,39.6,0
Sikkim,33.31,2754.1,3,1.85,0.533,6.6,10.6,15.8,21.0,35.3,0.006,0.024,63.0,12.3,30.0,0
Sikkim,38.45,3707.1,1,2.21,0.503,61.9,9.7,18.0,35.5,54.1,0.02,0.031,54.6,14.9,28.8,0
Sikkim,37.25,3822.1,1,6.3,0.844,50.9,4.5,9.8,21.9,31.4,0.018,0.0,43.3,8.1,20.4,0
Meghalaya,44.44,968.5,2,4.87,0.758,9.7,19.9,41.6,23.6,38.7,0.019,0.038,69.7,17.3,35.6,0
Sikkim,45.45,2968.3,3,15.59,0.778,70.6,90.9,199.0,91.4,155.5,0.668,0.001,58.5,62.9,61.4,0
Tripura,23.44,707.6,3,0.92,0.73,31.1,41.8,95.1,33.6,56.2,0.028,0.027,49.7,26.2,34.4,0
Arunachal Pradesh,21.11,3035.9,3,3.53,0.593,18.2,68.0,101.7,69.6,117.8,0.024,0.021,47.1,42.3,44.0,0
Arunachal Pradesh,45.08,2195.2,1,2.68,0.606,28.2,5.5,7.8,8.2,14.0,0.064,0.022,51.3,5.8,21.7,0
Arunachal Pradesh,23.43,1831.8,3,11.3,0.616,54.6,142.1,244.3,99.0,146.6,1.131,0.018,39.6,81.3,66.7,1
Mizoram,28.73,1250.6,3,0.1,0.489,58.0,22.1,47.7,15.9,25.4,0.081,0.072,58.9,16.4,31.3,0
Arunachal Pradesh,35.03,3519.6,1,20.36,0.605,17.0,88.5,166.0,74.0,115.0,0.068,0.001,31.2,51.5,44.4,0
Nagaland,39.23,1045.3,2,2.94,0.781,93.7,49.1,108.8,39.8,50.8,0.034,0.027,76.7,29.3,45.9,0
Meghalaya,25.24,994.1,2,4.42,0.656,32.9,30.3,69.6,38.7,52.0,0.166,0.01,61.6,23.1,36.6,0
Meghalaya,30.67,1664.4,2,2.01,0.684,26.8,137.6,226.3,94.5,123.2,0.538,0.017,69.8,73.6,72.3,1
Meghalaya,22.82,1464.2,3,8.61,0.658,18.7,64.2,142.7,58.5,93.0,0.004,0.02,37.6,41.3,40.0,1
Arunachal Pradesh,42.18,3830.9,1,3.71,0.613,12.1,240.1,670.8,99.0,170.1,0.175,0.003,46.3,91.2,75.5,1
Arunachal Pradesh,34.11,4145.8,2,4.89,0.493,98.2,34.6,95.2,60.8,100.5,0.001,0.003,70.4,33.7,46.6,0
Sikkim,39.32,3146.0,1,4.71,0.737,67.5,2.0,3.8,16.6,23.7,0.049,0.004,49.7,5.4,20.9,0
Mizoram,14.3,1602.3,2,2.04,0.639,78.7,102.0,171.8,74.6,119.0,0.01,0.006,55.5,57.0,56.5,1
Arunachal Pradesh,28.91,1744.7,3,0.36,0.535,40.1,61.6,164.5,89.9,130.0,0.015,0.009,55.2,49.8,51.7,1
Arunachal Pradesh,39.58,1996.7,1,7.42,0.735,41.5,22.1,54.1,36.7,50.1,0.039,0.002,34.6,19.8,25.0,0
Tripura,23.82,606.3,2,1.54,0.403,98.7,44.2,76.6,49.2,85.4,0.007,0.01,72.0,29.4,44.3,0
Arunachal Pradesh,50.3,3076.0,3,8.51,0.817,20.1,168.6,314.2,99.0,131.0,1.007,0.051,54.6,91.6,78.6,1
Nagaland,40.9,1056.9,3,4.22,0.434,32.7,107.2,214.8,99.0,156.5,0.184,0.027,65.1,71.2,69.1,1
Nagaland,27.83,1652.9,2,1.96,0.519,19.5,85.5,166.5,72.3,119.3,0.103,0.026,61.7,51.5,55.1,0
Sikkim,39.18,2995.8,1,4.06,0.626,28.3,26.6,60.1,35.5,55.8,0.041,0.009,38.3,18.3,25.3,0
Arunachal Pradesh,44.39,3796.0,2,4.67,0.615,66.4,3.0,7.3,18.0,22.9,0.072,0.018,78.4,7.5,32.3,0
Arunachal Pradesh,40.51,4147.8,3,5.52,0.497,30.9,182.7,485.8,99.0,134.8,1.103,0.006,57.8,92.7,80.5,1
Mizoram,29.62,868.7,3,7.78,0.716,87.6,17.7,29.2,5.0,6.0,0.016,0.01,49.5,7.8,22.4,0
Mizoram,33.27,1972.6,1,0.78,0.68,4.9,57.6,110.1,39.5,65.3,0.002,0.01,44.1,31.5,35.9,0
Nagaland,41.52,1238.1,2,12.98,0.793,35.5,0.1,0.3,17.5,22.9,0.023,0.03,63.8,4.4,25.2,0
Assam,19.73,457.9,1,2.38,0.634,86.1,90.9,215.9,79.5,136.2,0.015,0.015,38.2,59.7,52.2,0
Mizoram,35.59,922.9,1,8.86,0.573,62.1,160.8,427.5,99.0,128.6,0.462,0.01,40.3,88.2,71.4,1
Arunachal Pradesh,40.1,3826.0,2,1.12,0.711,77.1,28.6,68.4,44.9,63.9,0.01,0.004,76.2,28.4,45.1,0
Sikkim,32.51,2459.1,1,0.13,0.728,32.4,29.7,46.3,17.3,22.2,0.025,0.051,44.1,14.4,24.8,0
Manipur,26.16,141.8,1,3.83,0.642,36.9,43.1,103.8,61.5,93.5,0.107,0.009,32.2,31.4,31.7,0
Arunachal Pradesh,37.86,1758.0,3,1.77,0.691,88.8,166.2,239.6,99.0,154.1,0.647,0.008,68.4,84.3,78.7,1
Arunachal Pradesh,35.02,2023.8,2,18.74,0.603,75.0,36.8,80.5,44.4,59.4,0.005,0.009,64.2,24.6,38.5,0
Mizoram,33.65,1687.1,3,0.5,0.777,38.4,3.5,8.1,39.9,57.7,0.101,0.006,60.4,14.1,30.3,0
Sikkim,47.79,2006.2,2,0.22,0.582,21.5,37.5,95.8,54.4,69.1,0.008,0.036,84.5,32.6,50.8,0
Assam,21.03,571.0,3,0.21,0.405,10.6,24.4,54.8,42.3,70.8,0.044,0.024,51.6,21.1,31.8,0
Mizoram,33.08,2077.6,2,1.1,0.767,86.2,175.7,402.2,99.0,165.5,0.601,0.023,72.8,95.0,87.2,1
Arunachal Pradesh,42.08,3482.0,2,3.9,0.728,69.8,16.3,26.2,31.4,42.6,0.01,0.014,72.9,12.2,33.5,1
Assam,24.3,194.9,2,3.17,0.659,60.7,116.2,172.9,67.2,91.3,0.047,0.005,58.2,55.5,56.4,0
Sikkim,35.87,1523.4,1,1.94,0.726,77.7,72.4,111.8,60.6,94.8,0.089,0.012,47.5,41.9,43.8,0
Sikkim,36.87,1927.4,3,0.42,0.484,91.5,17.8,30.6,32.6,51.1,0.074,0.038,72.2,20.3,38.4,0
Sikkim,35.26,4119.4,2,1.2,0.67,76.2,19.5,39.5,40.2,66.0,0.013,0.026,71.0,17.5,36.2,0
Arunachal Pradesh,42.0,3112.7,1,0.92,0.509,42.1,188.6,367.8,99.0,124.5,0.33,0.015,51.1,90.9,77.0,1
Meghalaya,31.88,1106.7,2,6.16,0.425,17.6,4.7,8.6,23.2,37.1,0.041,0.033,59.8,7.7,25.9,0
Arunachal Pradesh,24.36,4156.7,3,6.81,0.769,71.4,52.7,139.4,62.0,101.7,0.001,0.012,52.5,40.7,44.8,0
Sikkim,38.27,1722.4,1,6.75,0.682,24.7,42.3,64.4,33.6,46.0,0.026,0.032,38.4,20.2,26.6,0
Sikkim,38.54,3310.7,1,15.64,0.735,78.3,102.8,164.7,81.6,110.5,0.046,0.016,42.2,57.3,52.0,0
Nagaland,23.63,1861.8,3,9.7,0.605,33.9,45.7,91.9,43.0,68.7,0.043,0.007,40.8,30.4,34.0,0
Nagaland,36.37,921.9,1,3.1,0.715,15.7,134.8,213.2,97.2,123.5,1.056,0.019,40.0,72.1,60.9,1
Arunachal Pradesh,35.61,4115.6,1,2.41,0.303,25.5,279.5,452.2,99.0,151.0,0.5,0.024,48.9,89.4,75.2,1
Sikkim,37.95,3529.2,2,11.13,0.679,26.7,3.1,8.6,30.6,45.9,0.004,0.023,61.7,13.9,30.6,0
Sikkim,34.18,1933.5,2,4.25,0.476,37.9,17.9,37.5,16.9,27.1,0.065,0.026,65.9,12.1,30.9,0
Arunachal Pradesh,29.77,3569.9,2,1.57,0.845,25.7,158.6,245.4,99.0,154.8,0.513,0.045,60.0,82.5,74.6,1
Nagaland,33.15,1098.2,2,3.74,0.631,22.6,22.9,33.7,46.7,78.8,0.076,0.003,64.1,23.4,37.6,0
Mizoram,34.87,1304.1,3,21.81,0.769,39.2,97.6,237.0,85.6,105.9,0.523,0.024,46.8,61.9,56.6,1
Arunachal Pradesh,58.62,3305.4,3,8.52,0.661,86.8,7.4,14.3,19.2,30.5,0.19,0.039,74.8,12.0,34.0,0
Sikkim,33.51,2996.4,3,1.49,0.493,7.0,3.1,5.6,18.8,30.7,0.009,0.009,59.3,8.8,26.5,0
Arunachal Pradesh,44.71,1719.8,2,13.75,0.728,29.6,5.2,12.2,26.4,44.3,0.039,0.01,69.9,15.4,34.5,0
Mizoram,29.9,1452.8,1,17.95,0.544,56.2,276.9,658.6,99.0,140.8,0.795,0.004,37.1,90.6,71.9,0
Arunachal Pradesh,45.49,3284.2,3,1.18,0.472,87.4,66.7,127.1,64.9,89.3,0.014,0.017,84.0,41.9,56.6,1
Tripura,23.4,111.6,1,10.17,0.707,28.4,47.5,129.6,71.3,113.9,0.072,0.058,26.3,40.4,35.5,0
Nagaland,28.4,1127.2,3,9.66,0.752,34.9,26.1,51.2,47.5,71.7,0.117,0.005,39.3,19.8,26.6,0
Sikkim,29.14,4099.2,1,0.18,0.682,79.8,176.3,340.6,99.0,141.2,0.345,0.033,47.0,91.6,76.0,1
Meghalaya,22.75,2101.6,3,4.98,0.831,37.3,15.7,39.0,31.4,51.6,0.036,0.005,54.4,17.2,30.2,0
Manipur,25.92,766.5,3,1.64,0.632,85.2,1.3,3.4,35.1,52.2,0.029,0.003,61.7,11.6,29.1,0
Meghalaya,26.24,1079.2,2,5.05,0.563,45.5,62.1,112.0,35.2,52.0,0.013,0.018,59.1,33.7,42.6,0
Arunachal Pradesh,25.56,4121.9,1,11.02,0.523,56.9,194.2,459.2,99.0,140.1,0.423,0.02,33.5,91.5,71.2,1
Sikkim,46.18,2435.5,1,3.11,0.357,56.1,25.7,58.9,42.0,51.7,0.064,0.03,50.6,21.5,31.7,0
Manipur,20.25,874.8,2,2.41,0.648,11.9,17.6,25.4,14.9,25.3,0.196,0.016,56.1,12.0,27.4,0
Mizoram,30.34,1884.6,1,11.45,0.72,35.5,103.4,173.0,71.1,99.9,0.088,0.01,31.4,60.2,50.1,1
Mizoram,36.99,1853.2,2,16.44,0.556,24.2,5.8,9.0,26.5,38.8,0.12,0.003,59.6,5.8,24.7,0
Manipur,18.23,519.0,2,0.29,0.771,68.3,6.9,18.1,23.1,29.3,0.081,0.012,61.4,8.3,26.9,0
Manipur,23.69,878.5,2,11.53,0.524,93.4,110.4,302.3,99.0,155.3,0.857,0.03,57.3,76.7,69.9,1
Manipur,16.92,861.2,2,0.39,0.692,21.2,3.4,8.7,20.0,31.1,0.034,0.054,59.1,12.1,28.5,0
Arunachal Pradesh,49.41,1626.8,2,1.85,0.807,9.1,87.6,160.8,66.3,91.7,0.015,0.023,79.9,50.7,60.9,0
Meghalaya,27.42,1200.6,1,6.47,0.786,50.7,139.4,363.1,99.0,140.1,0.317,0.033,35.9,83.1,66.6,0
Nagaland,36.41,1490.5,3,6.75,0.676,39.1,4.9,7.2,23.8,39.3,0.024,0.023,54.0,11.4,26.3,0
Nagaland,39.9,1562.7,3,5.82,0.76,3.6,68.1,160.7,53.5,81.3,0.016,0.005,59.2,40.2,46.9,1
Mizoram,12.7,1264.1,2,0.18,0.681,92.2,46.1,72.6,47.2,63.7,0.031,0.037,64.7,28.8,41.4,0
Arunachal Pradesh,42.48,2579.9,1,0.64,0.716,94.0,155.2,220.0,76.2,117.2,0.055,0.028,56.8,68.4,64.3,1
Nagaland,27.54,1508.2,3,12.39,0.704,85.0,4.0,6.5,20.9,36.0,0.043,0.005,48.4,10.9,24.1,0
Nagaland,36.95,1790.6,1,0.38,0.66,28.1,41.5,114.1,37.7,67.8,0.027,0.014,46.0,32.0,36.9,0
Arunachal Pradesh,40.12,1622.7,1,0.37,0.216,12.2,218.9,537.6,99.0,124.2,0.009,0.054,54.8,89.2,77.1,1
Meghalaya,35.45,1566.3,2,8.13,0.507,59.2,24.6,52.2,20.3,29.8,0.006,0.023,71.6,16.3,35.6,0
Arunachal Pradesh,37.75,2741.0,1,4.61,0.729,28.2,160.7,435.7,99.0,145.3,0.215,0.046,40.4,87.4,70.9,1
Sikkim,48.21,2120.5,1,1.95,0.556,20.2,78.9,156.4,73.7,130.1,0.011,0.006,48.1,46.2,46.9,0
Arunachal Pradesh,27.08,1783.3,3,0.82,0.681,64.1,10.6,15.5,26.9,47.2,0.181,0.035,62.2,15.3,31.7,0
Sikkim,47.17,2290.4,2,9.7,0.775,75.0,8.5,19.0,38.9,57.1,0.033,0.004,73.0,12.8,33.9,0
Meghalaya,16.89,2177.7,3,20.11,0.68,52.7,171.3,438.5,99.0,134.7,0.442,0.03,35.7,90.1,71.1,1
Mizoram,28.51,944.6,1,0.23,0.595,32.0,48.1,86.6,43.0,68.3,0.164,0.022,41.3,31.6,35.0,0
Mizoram,19.68,1164.9,3,3.63,0.78,51.3,109.4,201.8,93.1,118.4,0.638,0.033,47.7,63.7,58.1,1
Nagaland,32.56,1851.5,2,1.36,0.56,60.0,18.3,42.8,55.6,73.5,0.002,0.028,70.1,18.3,36.5,0
Arunachal Pradesh,32.86,2028.4,1,8.04,0.806,5.2,10.2,25.7,32.9,55.6,0.017,0.013,32.5,14.0,20.5,0
Arunachal Pradesh,41.86,1670.8,3,1.91,0.686,44.4,104.7,210.1,79.8,135.8,0.043,0.047,69.4,66.3,67.4,1
Manipur,23.31,428.4,3,5.64,0.61,59.8,21.8,33.2,29.2,50.9,0.024,0.01,48.5,12.5,25.1,0
Arunachal Pradesh,36.99,2920.8,1,3.49,0.679,12.9,125.2,306.1,99.0,163.1,0.62,0.011,39.5,84.5,68.7,1
Tripura,23.01,419.7,3,3.51,0.676,44.9,202.3,404.0,99.0,128.7,0.031,0.029,56.1,92.5,79.8,1
Manipur,21.85,997.8,2,8.78,0.395,34.7,25.1,67.3,19.0,26.1,0.098,0.033,50.5,18.1,29.4,0
Meghalaya,32.44,1884.6,3,2.86,0.757,86.8,23.9,42.0,34.5,51.0,0.043,0.008,59.9,18.4,32.9,0
Tripura,19.1,421.1,3,8.41,0.631,48.9,26.5,54.3,44.3,61.6,0.141,0.015,44.9,21.5,29.7,0
Arunachal Pradesh,16.19,4161.1,1,2.03,0.482,42.6,59.1,141.3,64.5,98.1,0.043,0.004,36.8,43.9,41.4,0
Sikkim,34.26,1532.7,1,0.86,0.745,24.4,35.9,62.7,30.4,38.3,0.043,0.001,43.6,20.3,28.5,0
Mizoram,44.53,1528.7,2,2.74,0.669,95.7,15.3,26.2,47.2,83.5,0.018,0.01,82.5,20.1,42.0,0
Sikkim,38.14,1992.6,3,3.1,0.745,96.1,65.9,159.5,67.4,120.5,0.034,0.058,65.6,47.7,54.0,1
Assam,22.13,119.9,2,2.93,0.8,36.7,229.8,379.6,99.0,123.2,0.271,0.006,62.1,88.6,79.3,1
Arunachal Pradesh,43.6,4190.7,2,7.43,0.664,92.9,136.9,214.5,82.2,100.7,1.029,0.001,74.2,71.1,72.2,1
Meghalaya,30.4,2123.5,1,3.74,0.772,61.9,109.0,192.1,80.5,120.1,0.165,0.021,38.9,62.6,54.3,0
Mizoram,34.97,1627.0,3,9.87,0.788,78.1,70.6,179.9,76.9,98.8,0.031,0.01,52.4,47.2,49.0,1
Mizoram,43.74,1554.6,2,3.25,0.681,9.0,202.7,529.0,99.0,127.0,1.892,0.027,69.6,100.0,89.4,1
Sikkim,32.42,3306.9,3,1.15,0.451,2.1,52.0,80.4,41.9,59.5,0.111,0.006,62.7,30.1,41.5,0
Sikkim,52.25,1828.4,3,0.62,0.752,51.4,12.6,19.5,26.6,47.1,0.002,0.025,75.5,12.4,34.4,0
Manipur,24.39,913.4,1,9.12,0.403,7.6,0.3,0.6,5.0,8.8,0.013,0.04,26.1,0.0,9.1,0
Arunachal Pradesh,33.66,2955.3,2,0.26,0.795,89.2,21.9,59.7,34.6,60.8,0.004,0.014,77.2,16.9,38.0,0
Nagaland,27.03,1637.7,3,0.56,0.66,82.0,28.6,59.2,12.0,15.7,0.045,0.062,64.3,16.0,32.9,1
Meghalaya,43.69,1401.7,1,0.3,0.715,71.5,108.2,280.1,99.0,123.9,0.001,0.033,57.6,69.8,65.5,0
Nagaland,39.01,1025.5,3,2.48,0.719,3.1,43.5,115.1,53.0,67.1,0.043,0.012,61.7,33.8,43.5,0
Mizoram,31.37,945.1,3,3.42,0.712,45.8,14.9,28.4,34.2,53.2,0.003,0.008,62.6,12.7,30.2,0
Arunachal Pradesh,34.58,1530.3,2,0.1,0.68,7.8,53.0,111.5,55.7,78.2,0.009,0.1,72.7,38.2,50.3,1
Meghalaya,28.45,1118.1,1,3.26,0.664,92.9,4.4,9.6,41.4,71.3,0.012,0.054,46.2,17.6,27.6,0
Manipur,19.19,647.1,1,2.25,0.606,61.3,10.8,26.8,41.2,65.7,0.024,0.026,35.4,17.0,23.4,0
Meghalaya,31.66,1596.3,2,6.69,0.795,15.7,61.4,125.4,74.1,133.3,0.061,0.009,61.4,49.0,53.3,0
Assam,21.2,998.8,1,7.97,0.784,56.1,15.9,33.5,44.1,76.9,0.11,0.002,23.2,22.3,22.6,0
Meghalaya,26.08,2122.3,2,5.2,0.611,11.9,1.4,2.1,20.8,32.1,0.162,0.003,56.0,6.7,24.0,0
Arunachal Pradesh,33.36,2299.2,2,2.89,0.706,14.6,30.9,45.6,27.4,46.5,0.007,0.028,63.3,10.9,29.2,0
Sikkim,36.44,2368.7,2,1.1,0.692,8.1,48.3,117.6,62.5,81.1,0.026,0.021,71.6,38.7,50.2,1
Assam,32.58,774.2,2,8.45,0.508,87.2,70.0,145.3,51.8,88.8,0.007,0.006,63.4,44.4,51.0,0
Sikkim,40.57,2163.9,3,1.88,0.728,54.6,16.4,25.1,47.2,76.8,0.029,0.002,59.2,23.4,35.9,0
Manipur,12.93,426.5,2,1.98,0.57,32.8,24.9,43.2,12.7,18.1,0.006,0.087,56.2,11.0,26.8,0
Manipur,13.42,999.7,2,11.15,0.634,0.1,36.6,85.9,49.7,83.7,0.082,0.023,36.7,32.0,33.7,0
Sikkim,31.17,2552.3,3,16.71,0.71,47.2,145.8,307.1,99.0,157.8,1.29,0.0,44.2,86.8,71.9,1
Arunachal Pradesh,52.06,2819.2,2,10.28,0.808,51.3,9.9,24.9,34.4,43.0,0.156,0.003,69.4,14.5,33.7,0
Nagaland,40.47,1451.0,3,28.53,0.649,33.7,165.6,323.1,99.0,176.9,0.214,0.02,60.0,87.7,78.0,1
Sikkim,35.4,2298.2,1,9.14,0.774,48.4,107.8,168.3,78.3,106.7,0.01,0.003,34.1,58.2,49.8,0
Nagaland,35.65,1388.6,3,5.48,0.618,10.1,28.2,50.1,42.2,64.6,0.114,0.009,48.8,26.6,34.4,0
Meghalaya,34.83,1734.9,2,1.57,0.844,92.2,184.5,286.7,99.0,170.4,0.654,0.022,81.2,91.5,87.9,1
Meghalaya,32.33,863.0,3,13.76,0.568,25.8,34.9,72.4,26.1,35.9,0.029,0.0,50.5,19.2,30.2,0
Nagaland,27.1,840.9,3,9.42,0.632,94.8,67.0,138.2,70.2,93.9,0.057,0.0,48.6,49.1,48.9,1
Sikkim,24.89,3504.9,2,1.24,0.729,49.3,44.3,66.6,34.1,52.4,0.014,0.009,62.9,24.8,38.1,0
Meghalaya,38.2,2054.5,2,3.02,0.627,85.7,15.5,25.9,23.0,32.4,0.065,0.082,72.3,16.6,36.1,0
Sikkim,41.63,2889.2,3,0.33,0.793,57.7,5.8,15.9,36.3,58.6,0.034,0.004,67.8,12.4,31.8,0
Sikkim,32.17,1802.7,1,13.79,0.626,84.4,45.9,127.6,50.3,70.1,0.053,0.012,34.9,38.9,37.5,0
Meghalaya,40.13,1521.9,3,3.83,0.767,1.0,10.7,20.1,35.5,63.7,0.018,0.023,54.3,15.2,28.9,0
Nagaland,43.26,2097.1,1,1.27,0.745,18.6,17.3,27.7,9.9,13.6,0.038,0.01,47.9,9.7,23.1,0
Sikkim,40.29,2874.9,3,1.56,0.469,35.4,71.4,118.7,50.7,80.2,0.005,0.018,65.5,41.6,50.0,0
Meghalaya,32.08,962.2,2,17.75,0.584,29.6,11.2,16.9,22.6,30.9,0.01,0.001,57.1,8.5,25.5,0
Mizoram,22.66,1636.0,2,4.3,0.544,94.7,34.7,52.8,42.5,62.8,0.0,0.014,65.4,24.4,38.8,0
Sikkim,36.95,3371.5,1,2.46,0.458,39.5,4.5,7.5,24.6,33.9,0.018,0.007,53.1,6.3,22.7,0
Sikkim,30.15,2765.3,2,3.12,0.743,97.2,24.2,49.9,41.9,60.7,0.001,0.052,71.8,26.2,42.2,0
Assam,19.57,173.3,2,0.47,0.81,65.1,176.7,423.7,99.0,156.3,0.666,0.015,58.5,91.5,79.9,1
Nagaland,39.29,2147.3,2,0.35,0.678,83.6,213.9,346.9,99.0,160.7,0.018,0.008,83.0,92.9,89.5,1
Meghalaya,36.57,1008.3,1,4.04,0.612,39.4,131.8,261.5,99.0,132.8,0.017,0.006,43.7,73.7,63.2,1
Mizoram,49.39,2091.5,3,3.23,0.642,19.0,103.7,157.7,81.5,141.9,0.453,0.002,69.9,60.4,63.7,1
Arunachal Pradesh,48.14,3193.6,1,2.0,0.801,5.0,154.9,351.6,99.0,137.9,1.264,0.018,52.6,86.8,74.8,1
Mizoram,30.58,1716.7,3,3.76,0.758,65.6,19.7,39.5,19.1,23.7,0.011,0.004,54.6,10.2,25.8,0
Meghalaya,24.11,1780.4,2,0.34,0.601,97.2,10.4,26.2,16.3,28.8,0.025,0.047,64.7,11.9,30.4,0
Meghalaya,30.31,2132.2,2,12.97,0.63,11.8,4.6,12.2,31.1,42.3,0.004,0.057,53.8,13.4,27.6,0
Sikkim,40.33,1659.7,1,1.56,0.343,77.2,138.1,240.5,99.0,178.0,0.247,0.012,58.3,73.3,68.1,0
Arunachal Pradesh,48.55,1696.3,2,0.34,0.814,36.5,28.3,55.6,40.5,61.9,0.039,0.009,82.0,24.1,44.4,0
Arunachal Pradesh,45.19,1612.0,2,0.84,0.602,99.3,1.2,2.6,29.8,50.9,0.012,0.011,77.2,11.1,34.2,0
Assam,11.22,874.2,1,0.45,0.667,87.0,126.0,352.2,99.0,125.2,1.375,0.008,40.5,77.3,64.4,0
Sikkim,40.07,2703.5,1,0.89,0.801,23.1,37.1,99.5,35.2,53.9,0.004,0.051,54.9,24.1,34.9,0
Meghalaya,39.22,1247.8,1,2.43,0.552,76.6,8.6,23.7,35.3,42.7,0.075,0.058,56.6,17.1,30.9,0
Arunachal Pradesh,49.21,2156.6,1,6.03,0.758,73.4,24.2,49.7,30.0,42.8,0.002,0.01,55.7,17.9,31.2,0
Arunachal Pradesh,47.47,3082.9,1,1.43,0.666,76.3,21.2,59.5,54.7,67.0,0.044,0.042,63.0,27.9,40.2,0
Mizoram,27.86,1155.0,1,2.58,0.71,8.3,81.2,117.3,72.1,106.6,0.045,0.02,34.6,47.5,43.0,0
Meghalaya,28.17,1823.8,2,11.89,0.471,80.9,5.8,15.9,25.3,41.2,0.008,0.036,58.9,10.9,27.7,0
Meghalaya,44.53,2098.4,2,1.58,0.83,26.1,25.3,42.2,45.0,77.7,0.064,0.015,79.2,18.6,39.8,0
Sikkim,34.86,1907.6,2,7.13,0.723,59.0,55.9,154.9,68.6,109.7,0.039,0.002,61.4,37.2,45.7,0
Nagaland,43.14,1928.9,1,0.77,0.715,11.5,21.0,42.8,25.0,40.8,0.015,0.011,51.8,13.1,26.7,0
Arunachal Pradesh,31.25,3441.4,2,0.88,0.707,55.8,19.9,44.0,36.0,47.9,0.064,0.014,75.4,19.9,39.3,0
Arunachal Pradesh,37.38,2288.0,2,2.74,0.598,90.6,18.7,50.0,36.2,49.8,0.032,0.025,75.6,14.8,36.1,0
Meghalaya,19.34,1802.9,2,1.2,0.678,17.7,64.6,179.5,81.8,144.3,0.857,0.031,55.2,54.2,54.5,0
Sikkim,36.81,3891.9,3,10.5,0.665,85.5,5.7,9.4,20.3,26.3,0.0,0.002,50.4,5.2,21.0,0
Sikkim,31.9,2822.0,2,0.23,0.615,43.5,87.4,196.9,77.5,139.0,0.034,0.021,73.0,58.3,63.5,1
Mizoram,36.62,925.0,2,4.09,0.593,32.2,136.0,322.2,99.0,168.7,0.913,0.014,67.0,91.3,82.8,1
Mizoram,36.56,951.5,2,4.17,0.816,5.7,17.3,41.3,42.8,72.0,0.085,0.016,63.9,21.7,36.4,0
Nagaland,35.24,1943.0,2,0.31,0.493,52.9,112.4,190.4,63.9,107.6,0.156,0.004,73.1,58.2,63.4,0
Sikkim,32.26,3363.8,3,5.93,0.47,20.0,22.5,33.7,24.1,34.3,0.013,0.002,47.8,12.9,25.1,0
Arunachal Pradesh,48.18,1500.1,3,2.85,0.542,94.0,9.4,18.0,11.5,19.3,0.091,0.007,73.0,6.7,29.9,0
Sikkim,38.74,3174.9,2,5.78,0.601,23.8,41.6,105.5,62.3,87.9,0.006,0.007,65.3,36.2,46.4,0
Tripura,24.46,698.2,3,7.89,0.523,58.7,27.2,75.0,50.0,70.9,0.061,0.007,48.2,27.2,34.5,0
Mizoram,39.84,1653.6,2,1.75,0.596,55.9,37.7,76.3,52.7,88.4,0.058,0.112,74.6,31.8,46.8,0
Mizoram,33.35,2070.9,2,2.98,0.62,33.7,42.9,115.1,67.5,96.8,0.001,0.015,64.7,34.6,45.1,0
Arunachal Pradesh,27.72,3966.6,1,1.36,0.508,85.2,9.6,23.0,12.4,20.9,0.03,0.047,47.3,9.5,22.7,0
Meghalaya,34.12,1754.3,2,1.01,0.762,18.3,113.8,178.2,70.3,84.8,0.049,0.022,63.5,51.0,55.4,0
Arunachal Pradesh,36.91,2145.6,3,0.1,0.709,81.7,79.8,150.2,67.9,88.4,0.087,0.002,72.3,48.7,56.9,0
Meghalaya,26.67,1682.6,3,14.91,0.611,20.7,79.3,193.7,71.7,126.2,0.093,0.011,42.5,55.3,50.8,0
Assam,28.75,925.3,2,2.62,0.491,3.9,34.1,69.2,39.8,62.7,0.016,0.017,62.0,23.8,37.2,0
Assam,18.61,715.0,2,0.1,0.545,94.4,77.2,178.9,85.3,126.3,0.098,0.027,73.4,57.0,62.7,1
Meghalaya,36.13,2157.9,2,0.1,0.546,63.7,44.4,109.5,53.7,83.1,0.072,0.021,82.3,36.8,52.7,0
Meghalaya,22.14,2182.6,3,1.53,0.736,63.0,26.9,74.7,49.3,71.1,0.086,0.036,52.4,26.1,35.3,0
Assam,24.94,280.3,2,0.1,0.442,26.5,62.8,168.7,78.1,100.0,0.025,0.023,67.3,45.4,53.1,1
Mizoram,34.12,1144.5,2,2.11,0.573,13.9,41.2,77.6,53.0,91.9,0.028,0.0,63.2,33.1,43.6,0
Arunachal Pradesh,35.16,3091.9,2,0.29,0.642,70.6,82.0,206.9,93.0,153.6,1.195,0.002,76.7,66.4,70.0,1
Meghalaya,22.91,1645.3,3,0.18,0.515,51.9,261.5,502.4,99.0,160.3,0.467,0.023,54.8,89.7,77.5,1
Sikkim,41.84,3970.8,3,4.98,0.686,31.8,25.3,58.3,48.2,82.3,0.042,0.017,57.0,23.9,35.5,0
Meghalaya,30.44,1348.9,1,10.68,0.552,31.7,38.2,56.7,51.0,84.1,0.055,0.005,28.5,32.4,31.0,0
Meghalaya,44.3,1728.2,1,2.37,0.641,88.9,23.4,58.5,38.0,57.3,0.003,0.006,56.6,19.0,32.2,0
Mizoram,28.01,1335.2,3,8.16,0.684,89.0,4.8,13.3,21.0,26.9,0.046,0.009,52.5,10.0,24.9,0
Sikkim,22.81,2135.5,3,0.13,0.665,27.5,237.6,511.8,99.0,125.2,0.382,0.015,56.0,92.6,79.8,1
Arunachal Pradesh,29.43,2737.0,2,6.77,0.708,79.4,51.6,139.7,59.8,72.9,0.033,0.137,62.5,43.7,50.3,1
Meghalaya,39.79,1890.4,2,0.29,0.557,22.7,79.3,208.0,93.2,139.3,0.534,0.063,78.0,65.8,70.1,1
Nagaland,38.0,1324.6,3,8.2,0.36,80.8,181.5,257.1,90.0,116.6,0.715,0.013,63.6,80.7,74.7,1
Mizoram,42.15,1682.1,3,9.63,0.473,12.6,70.6,107.7,47.9,65.3,0.078,0.026,54.7,35.7,42.4,0
Sikkim,37.04,2780.0,3,6.94,0.657,75.8,71.9,144.6,78.7,135.8,0.03,0.004,57.0,49.9,52.4,0
Assam,24.33,609.7,1,7.74,0.744,55.6,18.4,32.7,37.5,58.7,0.06,0.008,28.0,21.4,23.7,0
Manipur,21.54,819.8,3,3.71,0.676,11.8,95.1,186.6,92.6,165.9,1.192,0.048,41.8,65.8,57.4,0
Arunachal Pradesh,33.7,2511.1,1,1.38,0.591,61.6,88.4,187.0,71.8,127.0,0.034,0.003,45.0,58.7,53.9,1
Arunachal Pradesh,38.68,3026.7,3,4.64,0.504,19.2,9.2,19.0,29.2,42.9,0.096,0.038,58.2,12.9,28.7,0
Nagaland,29.98,2144.1,1,2.61,0.664,19.4,214.3,348.8,99.0,157.9,0.723,0.001,37.5,92.7,73.4,1
Nagaland,41.68,1180.5,2,0.1,0.802,44.7,132.4,212.8,75.1,132.8,0.033,0.007,74.7,67.1,69.8,1
Assam,16.93,537.4,2,2.92,0.406,96.4,45.3,89.7,39.5,65.9,0.107,0.006,62.6,25.7,38.6,0
Manipur,29.28,822.3,3,4.74,0.778,89.2,102.2,241.9,93.9,149.6,1.376,0.018,57.0,73.3,67.6,1
Mizoram,28.02,1528.4,2,0.1,0.298,82.6,173.3,386.1,99.0,154.0,2.531,0.005,75.2,97.3,89.6,1
Meghalaya,29.99,1540.3,1,4.37,0.667,85.1,16.8,25.6,39.1,59.7,0.002,0.004,37.1,13.5,21.8,0
Arunachal Pradesh,39.07,3339.5,3,4.76,0.718,49.7,9.5,17.1,15.5,19.9,0.006,0.019,60.9,9.2,27.3,0
Sikkim,32.83,4161.7,2,0.77,0.587,37.5,58.0,114.9,58.4,73.8,0.004,0.056,72.0,37.1,49.3,1
Meghalaya,32.82,1530.5,2,2.54,0.4,88.4,4.5,8.5,40.4,54.3,0.07,0.0,74.8,15.5,36.3,0
Mizoram,33.71,1026.1,3,15.0,0.315,8.1,119.5,242.1,90.6,139.9,0.446,0.057,49.7,71.2,63.7,1
Meghalaya,41.26,1815.3,2,9.7,0.732,99.6,34.6,69.6,54.0,95.0,0.044,0.008,65.8,31.8,43.7,1
Nagaland,19.4,1689.6,3,2.38,0.789,55.3,139.9,359.1,99.0,142.2,0.072,0.004,46.8,80.2,68.5,1
Sikkim,33.24,3464.6,2,1.94,0.492,54.0,91.6,235.2,94.9,162.7,2.577,0.011,66.7,71.0,69.5,1
Meghalaya,43.86,1001.2,3,0.6,0.763,29.2,99.5,270.3,83.6,101.5,0.045,0.118,65.0,65.7,65.5,1
Arunachal Pradesh,35.39,3905.3,3,0.16,0.506,17.0,83.7,178.5,84.5,139.0,0.959,0.017,66.0,62.0,63.4,0
Sikkim,35.39,1705.3,2,1.59,0.715,68.0,70.4,125.7,72.6,91.1,0.279,0.049,71.9,44.9,54.4,0
Nagaland,27.68,1455.8,3,12.68,0.647,36.2,1.3,3.0,29.0,50.4,0.051,0.024,43.3,7.7,20.2,0
Mizoram,36.89,2082.3,2,14.33,0.752,30.2,114.9,283.7,99.0,147.5,1.327,0.019,53.5,78.7,69.9,1
Tripura,11.84,355.7,3,7.53,0.507,16.2,52.4,98.9,49.0,73.6,0.157,0.003,29.8,34.2,32.7,0
Sikkim,41.43,3985.2,3,1.94,0.549,53.5,176.1,449.7,99.0,173.4,1.899,0.011,61.7,92.7,81.8,1
Meghalaya,45.07,1443.9,2,0.7,0.653,58.8,56.2,133.4,73.5,107.6,0.011,0.015,82.4,45.2,58.2,0
Sikkim,24.71,2521.8,2,4.07,0.604,44.3,11.5,31.6,5.0,8.7,0.019,0.034,60.6,6.5,25.4,0
Meghalaya,36.97,1805.5,3,4.68,0.773,1.2,1.3,2.5,12.2,19.7,0.034,0.031,50.5,4.1,20.3,0
Manipur,13.66,347.4,1,2.49,0.711,49.2,11.9,31.9,36.2,49.6,0.044,0.043,28.8,20.4,23.3,0
Mizoram,35.24,2088.9,2,5.29,0.67,27.2,71.2,134.4,59.9,74.1,0.008,0.035,62.9,42.1,49.4,0
Manipur,22.26,245.1,2,6.18,0.663,13.9,40.9,107.0,54.6,95.1,0.046,0.039,47.4,37.5,40.9,0
Arunachal Pradesh,44.64,2036.1,1,6.88,0.597,57.8,20.2,37.5,43.0,60.0,0.031,0.0,45.5,17.3,27.2,1
Manipur,17.45,103.1,3,3.14,0.541,67.1,163.8,437.7,99.0,120.3,0.219,0.004,44.1,83.6,69.8,1
Arunachal Pradesh,34.78,2619.1,2,7.06,0.544,51.9,72.4,103.1,51.1,89.1,0.002,0.002,65.3,38.1,47.6,0
Manipur,24.86,501.7,2,0.12,0.694,61.4,27.6,54.2,45.1,68.6,0.211,0.002,65.6,25.2,39.3,0
Sikkim,34.32,3909.2,3,5.13,0.786,60.7,42.6,62.6,45.6,73.8,0.007,0.002,52.2,25.5,34.9,1
Sikkim,45.91,3165.7,2,1.21,0.307,12.4,0.6,1.1,16.0,28.3,0.088,0.012,80.7,4.4,31.1,0
Meghalaya,17.89,1141.2,2,1.42,0.765,21.6,25.3,50.3,40.7,53.7,0.072,0.011,63.1,18.4,34.0,0
Assam,21.89,661.7,3,0.43,0.8,0.9,0.7,1.9,20.7,32.6,0.09,0.011,48.5,10.6,23.8,0
Arunachal Pradesh,45.33,2827.4,3,0.96,0.559,98.2,186.1,469.0,99.0,129.1,0.191,0.005,78.5,85.4,83.0,1
Sikkim,37.05,2881.8,3,21.73,0.74,21.1,12.9,22.9,7.6,10.2,0.086,0.011,43.0,9.9,21.5,0
Manipur,28.21,482.4,1,2.42,0.679,81.5,8.2,21.1,23.0,35.1,0.013,0.003,40.3,12.8,22.5,0
Sikkim,34.65,2227.2,1,11.83,0.574,78.1,117.4,194.2,89.4,119.2,0.006,0.031,37.5,64.7,55.2,0
Arunachal Pradesh,40.36,3097.1,2,0.8,0.827,70.5,0.8,1.9,35.8,53.0,0.107,0.033,75.3,11.7,34.0,0
Meghalaya,39.26,1655.2,1,1.03,0.791,45.0,9.9,17.7,23.2,28.1,0.148,0.037,49.3,11.3,24.6,0
Sikkim,29.79,1591.4,2,3.67,0.598,58.4,12.4,34.1,6.8,10.8,0.027,0.102,68.9,9.7,30.4,0
Manipur,26.78,829.5,2,1.94,0.437,18.6,77.9,210.8,94.4,156.7,1.055,0.001,64.3,64.6,64.5,1
Nagaland,34.74,915.2,2,4.65,0.485,10.6,55.7,101.5,53.1,71.2,0.022,0.017,70.9,34.7,47.4,0
Meghalaya,27.42,1325.4,2,2.47,0.641,35.2,154.1,222.0,99.0,120.5,1.73,0.006,59.8,77.8,71.5,1
Tripura,20.22,687.8,2,7.51,0.444,82.6,53.4,123.2,61.9,76.8,0.041,0.01,57.1,36.2,43.5,0
Meghalaya,26.89,1040.0,2,2.54,0.794,56.4,12.1,19.7,28.9,45.6,0.003,0.036,63.3,12.0,29.9,0
Arunachal Pradesh,43.34,2694.5,1,3.82,0.683,76.4,8.2,12.9,29.0,52.1,0.047,0.005,53.2,12.8,26.9,0
Sikkim,36.41,3666.9,2,1.74,0.595,89.0,63.4,169.2,51.6,83.1,0.076,0.043,77.9,42.3,54.8,0
Meghalaya,29.88,2147.6,2,5.48,0.718,56.1,104.0,227.7,99.0,119.4,0.553,0.028,59.5,65.6,63.4,1
Arunachal Pradesh,43.61,3693.5,3,4.79,0.596,36.7,109.2,295.7,99.0,174.5,0.404,0.008,59.3,72.7,68.0,1
Assam,19.21,309.3,3,2.28,0.282,85.6,66.4,117.5,54.5,93.4,0.03,0.007,54.1,37.6,43.4,1
Nagaland,32.59,2147.2,3,1.45,0.593,23.0,214.5,400.1,99.0,149.8,1.59,0.007,55.4,93.3,80.0,1
Sikkim,16.58,3767.8,2,4.28,0.57,2.5,176.2,477.8,99.0,166.9,0.202,0.001,52.0,87.9,75.4,1
Mizoram,32.12,922.3,1,12.9,0.517,5.1,59.9,121.2,59.4,81.8,0.016,0.001,28.8,40.7,36.6,0
Nagaland,19.21,1289.8,1,0.64,0.274,58.2,5.6,9.6,25.7,32.7,0.045,0.004,39.6,9.3,19.9,0
Assam,12.67,376.9,3,7.22,0.665,89.2,18.0,35.6,28.1,36.3,0.009,0.027,46.7,14.6,25.8,0
Manipur,16.71,676.4,1,3.52,0.76,56.4,27.6,52.1,48.8,65.5,0.114,0.028,29.2,20.9,23.8,0
Meghalaya,28.59,2087.2,2,3.36,0.721,40.9,139.0,348.0,99.0,134.9,0.634,0.021,59.4,87.0,77.4,1
Nagaland,18.69,1022.8,1,14.68,0.846,57.7,147.8,292.0,99.0,143.8,2.339,0.018,26.1,87.8,66.2,1
Meghalaya,32.58,1962.2,1,4.19,0.802,67.1,21.2,31.9,46.1,74.3,0.066,0.002,39.0,19.1,26.1,0
Meghalaya,31.57,1207.3,3,7.99,0.55,75.8,37.3,83.9,42.3,54.1,0.042,0.002,58.9,21.4,34.5,0
Arunachal Pradesh,39.62,3124.0,2,3.25,0.507,34.7,22.6,59.7,13.1,17.3,0.161,0.019,69.7,10.4,31.2,0
Arunachal Pradesh,35.92,3201.2,2,1.29,0.586,38.7,3.4,9.1,38.6,48.9,0.008,0.026,72.6,12.7,33.7,0
Meghalaya,42.56,1803.2,1,5.34,0.573,2.4,156.9,325.6,99.0,147.5,0.053,0.003,43.1,88.4,72.6,1
Sikkim,42.56,2814.0,2,11.55,0.776,65.0,117.3,166.3,57.3,93.3,0.03,0.006,62.8,56.6,58.8,0
Arunachal Pradesh,52.06,3384.8,3,8.28,0.647,77.7,1.8,4.0,34.6,50.7,0.008,0.014,69.2,9.3,30.3,0
Nagaland,25.21,1484.5,2,0.99,0.782,51.1,33.9,69.7,32.0,52.6,0.009,0.004,67.1,16.2,34.0,0
Arunachal Pradesh,35.7,2909.2,3,1.71,0.756,37.7,56.1,152.6,77.5,119.4,0.014,0.003,58.9,48.7,52.3,1
Mizoram,28.71,1016.9,1,3.27,0.725,33.3,42.4,111.8,61.6,85.7,0.045,0.041,40.3,37.4,38.4,0
Meghalaya,22.11,1550.1,2,3.81,0.596,64.5,154.6,411.2,99.0,151.2,1.433,0.005,59.1,86.0,76.6,1
Assam,19.35,302.2,3,0.97,0.743,33.1,73.2,182.6,81.2,137.9,1.247,0.001,53.0,58.2,56.4,1
Meghalaya,18.35,875.3,3,1.18,0.313,59.9,42.9,75.1,43.7,57.0,0.041,0.047,50.5,26.4,34.8,0
Arunachal Pradesh,43.25,2420.0,1,6.4,0.467,92.7,12.3,27.1,12.4,19.1,0.177,0.001,47.7,7.4,21.5,0
Meghalaya,40.56,866.5,1,5.9,0.836,33.1,157.9,408.1,99.0,158.9,1.574,0.027,41.6,86.9,71.0,1
Manipur,19.02,937.7,2,8.22,0.743,6.8,14.5,36.1,42.9,74.7,0.022,0.043,43.9,21.2,29.1,0
Tripura,21.09,530.7,1,12.16,0.578,87.4,40.8,104.1,72.6,113.5,0.09,0.01,25.3,39.3,34.4,0
Meghalaya,40.63,2027.6,1,1.66,0.617,27.4,156.0,322.6,99.0,121.3,0.041,0.009,46.4,84.3,71.0,1
Sikkim,31.08,2500.9,2,8.83,0.768,98.9,16.2,28.7,34.1,52.6,0.168,0.004,59.8,18.3,32.8,0
Manipur,11.47,930.1,2,4.93,0.707,84.0,14.9,22.2,39.4,52.1,0.028,0.009,52.2,16.4,28.9,0
Arunachal Pradesh,21.25,3369.9,3,14.24,0.822,42.7,58.4,104.5,52.1,77.0,0.023,0.012,35.3,31.6,32.9,0
Mizoram,26.94,1122.5,1,1.43,0.668,62.8,32.0,45.6,13.0,20.0,0.029,0.003,42.3,11.9,22.5,0
Sikkim,33.08,2211.6,3,1.41,0.726,27.8,6.7,12.5,41.4,66.0,0.077,0.005,55.6,16.9,30.4,0
Arunachal Pradesh,43.89,1813.0,3,5.48,0.799,8.4,176.4,482.1,99.0,123.1,0.151,0.009,58.6,83.3,74.6,1
Sikkim,27.97,2545.9,3,11.87,0.272,52.6,49.0,86.9,34.4,58.8,0.147,0.009,49.7,32.5,38.5,0
Sikkim,25.63,1676.2,3,7.83,0.818,42.5,30.4,82.2,37.1,65.5,0.021,0.003,43.8,23.0,30.3,0
Mizoram,38.09,914.6,3,5.84,0.506,97.0,44.0,121.6,70.9,114.8,0.089,0.072,61.1,41.9,48.6,1
Assam,16.88,452.0,3,2.2,0.758,59.7,20.4,31.5,28.8,45.0,0.066,0.043,49.4,17.7,28.8,0
Sikkim,39.6,2252.2,2,5.69,0.652,74.7,94.6,239.9,70.8,111.3,0.001,0.044,70.7,56.2,61.3,1
Nagaland,37.29,1473.6,2,7.27,0.747,13.5,12.3,33.7,50.6,81.9,0.065,0.003,60.7,22.7,36.0,0
Arunachal Pradesh,59.99,2349.2,3,6.3,0.673,72.4,14.9,25.2,32.9,56.9,0.026,0.013,75.4,17.9,38.1,0
Meghalaya,34.89,2031.8,2,5.08,0.364,5.6,66.9,129.6,54.7,70.5,0.082,0.023,70.4,39.1,50.1,0
Arunachal Pradesh,32.76,4049.2,1,0.22,0.3,61.3,2.7,6.9,35.2,43.0,0.028,0.001,49.1,6.0,21.0,0
Assam,25.1,149.2,3,4.85,0.588,83.9,269.7,430.6,99.0,123.0,0.122,0.0,53.4,89.0,76.5,1
Nagaland,25.93,1683.7,2,2.93,0.322,48.3,191.9,419.2,99.0,135.3,1.074,0.004,66.6,93.1,83.8,1
Mizoram,40.54,2008.6,3,14.67,0.502,21.5,74.1,128.8,63.1,91.0,0.071,0.009,54.0,50.4,51.7,0
Nagaland,27.27,1310.7,1,4.2,0.79,44.4,133.0,328.6,99.0,146.5,0.048,0.003,37.7,81.3,66.0,1
Mizoram,24.8,1383.7,2,4.22,0.329,84.1,69.4,157.4,76.8,102.5,0.002,0.004,57.3,48.6,51.6,0
Assam,20.41,424.7,1,23.06,0.487,71.4,150.4,340.7,99.0,123.3,0.031,0.034,29.0,83.3,64.3,1
Mizoram,34.67,2046.2,3,0.44,0.628,60.5,152.8,409.9,99.0,133.6,0.774,0.032,69.6,85.9,80.2,1
Assam,14.06,920.8,1,1.46,0.658,69.4,48.8,114.3,66.8,111.1,0.006,0.03,30.6,40.1,36.8,0
Meghalaya,28.19,1944.4,3,4.8,0.758,83.4,171.4,275.3,97.4,152.4,1.423,0.006,52.6,85.7,74.1,1
Arunachal Pradesh,42.19,2246.7,1,1.7,0.742,15.2,148.0,243.3,99.0,162.8,2.414,0.005,48.5,82.8,70.8,1
Meghalaya,33.51,1899.4,1,1.91,0.454,84.2,5.2,9.3,31.9,48.4,0.106,0.044,46.3,13.1,24.7,0
Arunachal Pradesh,41.7,1729.6,1,10.04,0.788,80.7,52.8,76.7,54.9,74.3,0.201,0.04,38.9,34.2,35.9,0
Mizoram,40.69,2006.2,2,3.9,0.533,47.7,19.0,36.3,21.8,38.7,0.041,0.009,75.2,14.9,36.0,0
Meghalaya,34.24,840.1,2,0.49,0.475,40.3,51.0,98.7,43.0,73.5,0.156,0.017,73.6,32.7,47.0,0
Mizoram,42.77,950.3,1,1.68,0.543,93.3,11.6,27.8,19.9,34.8,0.036,0.025,65.9,9.0,28.9,0
Arunachal Pradesh,45.75,1629.6,2,0.36,0.783,81.9,44.5,82.8,39.0,51.9,0.102,0.054,79.1,30.2,47.3,0
Arunachal Pradesh,33.55,1789.2,1,3.66,0.632,98.9,29.3,76.1,46.9,75.9,0.005,0.001,46.3,25.0,32.5,0
Meghalaya,41.05,1867.7,3,0.86,0.639,64.2,5.9,11.4,7.3,11.1,0.106,0.017,74.1,8.8,31.7,0
Assam,21.67,245.1,1,8.76,0.592,3.2,119.3,333.9,99.0,131.6,1.835,0.05,25.9,86.4,65.2,0
Sikkim,47.45,1541.1,2,3.88,0.751,15.4,157.8,325.9,99.0,167.4,0.691,0.006,74.7,90.8,85.1,1
Meghalaya,35.19,1711.1,2,0.28,0.795,82.0,68.4,180.6,84.1,101.1,1.018,0.002,69.3,55.4,60.3,0
Mizoram,44.76,1938.5,3,1.61,0.499,63.9,53.7,91.8,40.5,52.7,0.194,0.003,74.9,36.0,49.6,0
Mizoram,24.82,2116.0,3,4.31,0.783,19.8,1.0,1.4,17.4,22.6,0.186,0.002,53.4,5.0,22.0,0
Sikkim,36.47,2972.2,3,1.84,0.589,1.2,31.6,67.0,21.9,34.0,0.051,0.002,62.8,19.8,34.9,0
Sikkim,43.42,4015.3,1,3.24,0.65,26.3,62.6,132.7,70.5,106.2,0.017,0.004,48.1,46.0,46.7,0
Arunachal Pradesh,39.44,3044.7,3,10.8,0.684,13.8,11.0,30.1,34.5,60.6,0.015,0.023,50.8,12.4,25.8,0
Assam,14.85,603.9,3,1.94,0.632,87.6,43.0,71.9,50.2,85.2,0.053,0.001,48.1,30.5,36.7,0
Arunachal Pradesh,52.41,2622.8,3,1.84,0.759,88.3,119.3,200.0,81.1,113.4,0.019,0.008,78.9,65.8,70.4,0
Sikkim,37.62,3723.5,2,7.71,0.547,84.2,62.9,125.0,56.2,85.3,0.013,0.013,71.1,41.9,52.1,0
Arunachal Pradesh,46.52,3768.5,3,1.73,0.724,9.5,35.7,75.8,42.4,58.8,0.054,0.004,62.5,27.9,40.0,1
Sikkim,42.71,3808.2,2,0.37,0.733,13.5,16.7,38.4,26.3,34.7,0.054,0.003,78.4,15.7,37.7,0
Nagaland,37.66,1342.1,2,0.9,0.659,13.6,45.5,82.6,50.8,79.6,0.131,0.001,72.4,31.6,45.9,0
Arunachal Pradesh,28.78,1811.3,2,13.37,0.748,25.8,56.4,99.9,53.0,89.8,0.111,0.131,49.5,42.6,45.0,0
Arunachal Pradesh,37.95,1930.0,2,12.18,0.82,7.3,45.7,117.7,63.5,77.4,0.0,0.003,51.5,34.7,40.6,1
Meghalaya,37.85,1085.3,2,1.15,0.565,98.2,63.4,132.6,61.5,75.6,0.141,0.023,80.7,44.6,57.2,0
Arunachal Pradesh,46.46,3786.7,2,3.63,0.528,85.5,14.7,39.8,16.4,20.0,0.067,0.022,80.7,13.1,36.7,0
Arunachal Pradesh,45.62,2819.8,3,0.66,0.661,6.9,177.3,417.9,99.0,160.5,0.232,0.018,64.3,95.7,84.7,1
Nagaland,27.31,1824.2,2,5.05,0.652,14.4,126.0,187.4,68.0,95.8,0.009,0.029,60.1,62.6,61.7,1
Nagaland,21.22,1977.9,2,0.92,0.526,26.2,4.2,6.6,10.9,17.7,0.052,0.009,63.2,4.6,25.1,0
Manipur,12.83,131.8,1,0.23,0.521,77.5,8.7,22.9,29.3,39.1,0.007,0.018,42.2,11.8,22.4,0
Manipur,20.26,489.2,3,7.84,0.682,71.4,16.5,27.9,10.7,12.9,0.011,0.004,43.9,9.2,21.3,0
Mizoram,32.98,1679.3,2,1.77,0.664,63.1,147.3,240.9,97.4,155.7,0.45,0.009,70.0,81.5,77.5,1
Arunachal Pradesh,38.34,4159.8,1,0.52,0.522,91.2,12.0,31.6,15.9,20.9,0.083,0.073,52.4,14.3,27.6,0
Nagaland,24.58,1129.4,3,8.08,0.628,3.6,33.2,90.9,49.1,75.3,0.008,0.02,40.9,28.7,33.0,0
Manipur,17.04,687.2,1,6.47,0.627,16.1,35.1,81.2,39.5,57.6,0.068,0.004,28.2,19.9,22.8,0
Nagaland,43.79,1086.8,1,5.18,0.796,19.0,12.9,19.9,28.8,50.0,0.011,0.051,48.7,11.5,24.5,0
Meghalaya,34.75,1073.4,2,10.9,0.2,6.0,131.8,188.5,81.8,100.0,0.714,0.011,57.2,67.4,63.9,0
Sikkim,37.79,3218.4,2,3.02,0.696,61.8,166.0,371.5,99.0,145.3,0.631,0.009,77.3,90.1,85.6,1
Manipur,29.94,653.6,1,0.62,0.691,21.0,45.6,67.7,49.4,84.1,0.01,0.011,43.1,28.5,33.6,0
Nagaland,45.47,1503.1,2,0.28,0.749,48.3,1.4,3.0,10.2,16.4,0.022,0.013,79.0,4.0,30.2,0
Tripura,17.61,471.9,3,1.73,0.535,68.5,22.9,45.0,43.1,74.4,0.065,0.009,56.3,24.2,35.4,0
Arunachal Pradesh,41.4,3580.5,2,0.41,0.647,59.5,35.2,50.8,31.0,55.7,0.036,0.004,80.6,18.6,40.3,0
Sikkim,26.26,2741.8,1,3.45,0.262,29.0,85.8,234.6,99.0,151.9,0.135,0.003,39.8,63.8,55.4,1
Arunachal Pradesh,24.3,3271.7,3,0.1,0.652,41.4,8.5,11.9,32.0,45.0,0.009,0.015,56.1,7.2,24.3,0
Nagaland,30.7,1194.8,2,2.64,0.726,34.0,10.1,19.2,20.7,25.8,0.005,0.005,64.5,4.4,25.4,0
Arunachal Pradesh,28.54,3564.2,2,0.88,0.59,85.2,28.3,71.5,59.8,94.3,0.03,0.044,71.0,29.4,43.9,0
Arunachal Pradesh,33.82,2683.0,1,2.07,0.465,42.0,3.3,9.2,11.4,19.1,0.012,0.048,47.0,9.7,22.7,0
Tripura,21.8,218.3,2,5.06,0.755,6.2,12.0,17.6,13.9,20.9,0.136,0.008,52.6,7.1,23.0,0
Arunachal Pradesh,49.92,3985.7,2,1.95,0.743,61.9,57.2,156.2,74.2,98.2,0.043,0.004,82.6,41.3,55.8,0
Nagaland,35.0,1857.8,3,1.88,0.655,19.8,10.9,20.4,24.3,42.3,0.013,0.03,58.4,13.7,29.3,0
Sikkim,34.69,3134.6,2,21.07,0.673,33.9,5.6,9.1,47.8,83.1,0.015,0.002,63.0,16.4,32.7,0
Manipur,31.98,184.7,2,5.71,0.599,32.8,3.9,10.1,29.4,42.0,0.037,0.044,66.3,13.8,32.2,0
Meghalaya,32.81,856.2,3,3.25,0.496,7.2,201.8,464.2,99.0,157.8,1.682,0.01,59.0,93.7,81.6,1
Manipur,26.05,927.9,3,3.9,0.649,95.1,4.1,6.3,21.0,34.9,0.013,0.005,56.0,12.1,27.5,0
Assam,26.62,871.2,1,4.36,0.48,54.7,25.6,57.9,20.3,25.6,0.029,0.038,41.5,14.8,24.1,0
Arunachal Pradesh,37.73,3702.5,3,0.11,0.752,15.6,32.2,81.9,30.0,51.3,0.039,0.021,65.6,22.0,37.3,0
Arunachal Pradesh,18.69,1972.9,2,0.38,0.575,55.6,150.3,326.0,99.0,162.3,1.078,0.001,62.8,91.1,81.2,1
Sikkim,24.49,4114.7,2,4.71,0.747,45.2,99.8,187.6,71.8,108.6,0.058,0.07,61.1,56.4,58.1,0
Mizoram,27.76,1725.0,2,2.04,0.318,34.5,12.2,20.8,21.0,36.8,0.016,0.078,71.9,15.7,35.3,0
Manipur,16.63,318.6,2,0.26,0.726,47.2,4.0,9.8,21.8,36.4,0.026,0.037,61.0,5.9,25.2,0
Meghalaya,32.01,1483.3,1,1.59,0.679,67.0,25.9,50.8,34.0,50.9,0.016,0.036,46.2,15.9,26.5,0
Mizoram,30.5,1028.7,2,0.63,0.742,20.0,4.8,12.3,19.2,33.1,0.034,0.002,66.4,10.7,30.2,0
Arunachal Pradesh,15.67,3903.9,2,11.16,0.691,53.8,92.2,227.7,78.4,135.3,0.261,0.002,48.6,62.7,57.7,1
Nagaland,30.86,813.0,1,1.02,0.549,81.3,54.7,134.3,62.3,97.9,0.076,0.001,53.3,38.1,43.4,0
Assam,20.38,236.7,2,0.7,0.694,22.2,129.5,325.3,99.0,171.4,0.022,0.008,65.6,84.6,78.0,1
Sikkim,40.06,1626.3,3,4.43,0.768,51.6,37.9,82.6,48.4,79.2,0.053,0.005,57.8,26.3,37.4,0
Meghalaya,21.05,1221.6,3,3.32,0.675,96.6,85.1,212.0,78.8,99.2,0.023,0.008,53.5,52.5,52.8,0
Arunachal Pradesh,39.91,2161.9,2,3.86,0.75,80.1,31.2,82.2,54.9,94.8,0.04,0.021,72.9,33.2,47.1,0
Meghalaya,37.03,909.2,3,2.58,0.736,59.3,7.9,14.4,17.1,28.3,0.101,0.006,63.9,4.7,25.4,0
Meghalaya,46.1,1537.1,2,2.83,0.571,74.9,28.0,49.0,53.5,74.8,0.065,0.013,80.0,23.5,43.3,0
Arunachal Pradesh,39.6,4066.7,1,6.79,0.732,52.6,280.0,571.8,99.0,127.2,1.926,0.023,43.0,98.5,79.1,0
Meghalaya,38.57,1007.4,2,1.12,0.734,98.7,132.6,288.3,99.0,123.2,0.545,0.003,74.7,75.7,75.3,1
Sikkim,43.28,1563.9,1,2.27,0.705,16.9,2.9,4.2,14.8,26.3,0.083,0.095,45.2,7.8,20.9,0
Meghalaya,51.2,2115.5,3,14.25,0.726,72.0,58.2,96.3,44.3,68.9,0.012,0.041,62.0,38.1,46.4,1
Mizoram,26.99,829.3,3,0.95,0.548,0.6,4.8,6.8,24.5,30.4,0.038,0.027,52.9,9.0,24.4,0
Arunachal Pradesh,40.14,1637.1,2,1.57,0.567,12.6,22.3,48.7,37.3,45.3,0.061,0.09,75.2,24.1,42.0,0
Nagaland,42.84,1499.5,2,0.96,0.625,72.2,155.2,384.8,99.0,125.2,0.299,0.002,82.4,80.2,80.9,1
Mizoram,42.4,1229.5,2,0.1,0.811,75.9,6.2,15.8,23.2,37.4,0.016,0.001,79.6,14.8,37.5,0
Sikkim,50.62,1552.4,2,1.42,0.684,3.9,15.6,34.0,19.0,25.2,0.063,0.006,78.6,8.5,33.1,0
Arunachal Pradesh,62.57,2262.7,3,0.21,0.392,33.4,9.8,14.2,31.7,47.8,0.022,0.008,81.2,7.2,33.1,0
Nagaland,36.93,1644.3,2,0.76,0.771,11.8,182.0,405.3,99.0,168.2,0.026,0.022,73.8,90.8,84.8,1
Assam,17.79,507.8,1,2.03,0.691,89.0,7.2,14.1,25.0,41.4,0.043,0.12,42.1,13.0,23.2,0
Sikkim,44.19,3941.2,3,0.1,0.623,45.4,34.5,89.4,47.5,68.4,0.016,0.048,71.8,33.4,46.8,0
Sikkim,30.79,2135.3,1,6.29,0.749,44.3,14.5,28.5,44.9,76.5,0.076,0.021,38.1,23.6,28.7,0
Arunachal Pradesh,42.62,4137.8,3,7.14,0.543,82.4,31.8,76.6,23.5,32.6,0.046,0.005,61.7,18.7,33.7,0
Meghalaya,25.7,1849.9,2,2.39,0.605,69.5,99.9,167.2,68.0,91.6,0.06,0.016,64.2,53.8,57.4,0
Arunachal Pradesh,32.78,2537.7,2,18.8,0.6,92.2,63.8,171.7,69.3,114.5,0.036,0.028,57.9,46.6,50.6,1
Sikkim,23.95,3800.7,1,5.11,0.574,93.9,46.4,84.1,55.9,83.7,0.008,0.031,36.3,35.1,35.5,0
Mizoram,35.26,1184.9,2,6.13,0.815,31.3,2.0,2.8,28.6,50.5,0.003,0.092,59.9,14.9,30.7,0
Meghalaya,41.96,2113.2,3,0.96,0.592,64.8,242.7,367.5,99.0,134.9,0.656,0.001,69.7,86.7,80.7,1
Sikkim,39.65,3066.3,2,8.18,0.82,54.2,100.6,173.1,88.0,133.5,0.093,0.057,67.3,60.7,63.0,1
Meghalaya,32.44,1949.7,3,13.06,0.585,59.6,15.9,26.0,29.9,39.6,0.007,0.004,47.7,13.9,25.7,0
Meghalaya,28.19,2149.6,2,1.21,0.656,62.5,138.9,231.4,99.0,123.6,0.739,0.02,67.6,71.3,70.0,0
Arunachal Pradesh,46.91,1559.2,3,5.22,0.71,6.0,31.1,68.8,32.2,42.3,0.008,0.022,58.9,21.4,34.5,0
Arunachal Pradesh,48.46,3018.0,3,6.18,0.785,89.5,43.4,89.6,55.6,68.7,0.165,0.006,70.1,29.0,43.4,0
Manipur,11.97,785.4,2,1.64,0.8,14.0,146.8,351.9,99.0,130.7,0.014,0.003,48.7,83.7,71.4,1
Arunachal Pradesh,40.41,3702.9,2,2.9,0.434,42.4,71.4,178.9,77.0,93.5,0.077,0.007,81.5,48.2,59.8,0
Mizoram,39.05,1237.2,3,0.46,0.847,29.2,3.7,7.8,5.0,6.4,0.126,0.007,65.4,0.0,22.9,0
Assam,17.74,710.0,1,0.86,0.491,55.4,22.8,50.9,23.0,33.6,0.03,0.031,36.8,12.7,21.1,0
Sikkim,25.46,2005.6,3,0.29,0.536,96.1,36.5,90.8,36.1,49.4,0.064,0.005,65.1,23.3,37.9,1
Sikkim,29.96,3648.1,2,3.7,0.717,41.2,72.4,110.4,52.3,73.1,0.012,0.026,66.6,39.8,49.2,0
Meghalaya,43.27,851.6,3,4.42,0.591,60.3,92.4,185.6,87.9,114.5,0.572,0.003,65.7,61.5,63.0,1
Manipur,27.14,946.8,1,11.15,0.497,14.1,12.6,27.0,24.9,43.9,0.015,0.01,25.0,9.4,14.8,0
Assam,28.0,742.0,3,3.52,0.638,46.3,12.4,27.8,32.7,56.7,0.081,0.004,55.4,14.4,28.8,0
Nagaland,23.64,2017.7,2,1.36,0.562,91.6,20.7,44.6,19.6,27.4,0.099,0.052,70.1,16.5,35.2,0
Arunachal Pradesh,46.46,3518.5,3,0.28,0.624,93.2,25.1,47.5,45.4,79.5,0.05,0.033,77.3,20.9,40.6,0
Mizoram,43.82,2014.8,2,9.73,0.519,54.6,84.9,153.0,74.5,109.1,0.059,0.0,67.4,47.0,54.1,1
Sikkim,32.85,4134.3,2,2.93,0.459,76.9,0.3,0.7,27.3,37.6,0.03,0.009,69.9,7.8,29.5,0
Meghalaya,31.12,1390.4,3,6.02,0.56,0.3,202.2,301.9,99.0,177.6,0.237,0.009,55.1,95.9,81.6,1
Arunachal Pradesh,40.78,1795.7,3,0.1,0.489,53.2,11.2,23.0,14.1,20.6,0.039,0.013,69.6,5.8,28.1,0
Arunachal Pradesh,42.19,2474.3,3,3.01,0.726,73.2,187.0,514.7,99.0,123.8,0.259,0.005,74.0,90.0,84.4,1
Nagaland,29.72,1668.8,2,1.77,0.613,33.0,17.2,25.3,33.2,51.4,0.008,0.015,69.9,16.6,35.2,0
Meghalaya,39.86,1055.9,2,0.14,0.681,90.1,34.7,56.0,59.4,77.7,0.109,0.008,78.1,29.5,46.5,0
Sikkim,43.62,2323.0,2,6.73,0.773,78.0,18.0,41.0,27.7,43.5,0.027,0.011,71.5,13.1,33.5,0
Sikkim,20.32,4153.8,2,3.24,0.64,77.0,24.9,59.6,46.4,57.0,0.017,0.011,58.8,28.8,39.3,0
Manipur,15.23,851.4,1,1.82,0.613,2.1,33.2,68.6,29.1,36.8,0.064,0.032,23.9,20.4,21.6,0
Nagaland,39.33,1286.7,2,7.37,0.833,18.4,61.9,166.2,56.4,78.2,0.0,0.019,62.6,42.6,49.6,0
Sikkim,37.52,3621.7,3,2.67,0.615,71.4,128.9,267.5,99.0,155.4,1.262,0.008,68.8,75.4,73.1,0
Arunachal Pradesh,44.01,2732.4,2,0.1,0.424,56.2,19.5,30.3,22.4,35.6,0.005,0.034,88.0,7.8,35.9,1
Sikkim,31.9,1790.2,3,13.01,0.806,57.8,45.9,95.1,48.1,76.4,0.002,0.006,47.4,34.7,39.1,0
Assam,16.01,774.4,1,1.33,0.778,1.5,40.0,84.8,18.5,27.9,0.283,0.004,31.2,20.1,24.0,0
Mizoram,21.2,902.2,3,7.99,0.504,44.2,68.3,136.6,57.1,79.9,0.003,0.002,41.0,41.8,41.5,0
Meghalaya,40.88,1715.5,2,7.63,0.332,78.6,196.4,526.4,99.0,170.7,1.034,0.023,75.1,100.0,91.3,1
Mizoram,38.56,1864.9,3,0.8,0.66,66.4,4.4,9.2,8.7,12.8,0.125,0.007,65.1,5.0,26.0,0
Sikkim,40.83,4041.1,2,2.89,0.427,57.2,56.3,133.4,63.9,106.7,0.059,0.011,79.0,39.5,53.3,0
Nagaland,23.4,1655.1,3,0.18,0.693,69.7,15.0,31.8,28.2,41.9,0.011,0.05,61.8,16.3,32.2,0
Meghalaya,42.2,1266.5,2,1.97,0.643,85.1,29.5,71.4,52.8,90.6,0.012,0.012,79.2,27.4,45.5,0
Arunachal Pradesh,43.83,3391.3,2,5.91,0.683,85.0,159.6,247.8,99.0,120.5,0.856,0.005,74.2,85.5,81.5,1
Arunachal Pradesh,35.23,2731.0,1,1.22,0.54,45.6,7.3,20.0,38.7,52.7,0.003,0.026,47.2,11.5,24.0,0
Meghalaya,35.01,1993.3,2,0.56,0.73,30.8,19.1,43.2,42.2,70.4,0.04,0.028,67.3,16.2,34.1,0
Assam,19.51,690.7,3,3.18,0.412,36.6,168.0,307.6,99.0,159.9,0.107,0.093,52.0,90.3,76.9,0
Sikkim,43.84,2554.3,1,3.46,0.498,52.1,6.6,11.4,27.1,47.2,0.025,0.002,47.8,10.6,23.6,0
Manipur,14.73,768.8,3,5.07,0.653,8.9,3.9,9.5,19.3,30.0,0.032,0.007,36.1,8.3,18.0,0
Nagaland,18.57,1502.0,1,6.41,0.66,59.1,81.6,144.7,76.7,135.9,0.033,0.005,23.3,52.7,42.4,0
Sikkim,42.98,1555.3,3,5.36,0.767,45.3,25.3,51.4,34.7,60.7,0.037,0.016,58.6,21.8,34.7,0
Arunachal Pradesh,44.38,3201.6,3,8.4,0.677,75.9,50.5,114.4,58.5,102.7,0.067,0.054,61.2,38.5,46.4,1
Arunachal Pradesh,24.87,3709.6,2,1.13,0.785,27.4,16.4,42.7,35.2,55.2,0.052,0.017,64.0,17.9,34.0,0
Nagaland,16.18,1566.7,1,3.8,0.675,6.6,10.0,25.5,37.0,64.2,0.014,0.006,25.1,15.4,18.8,0
Arunachal Pradesh,40.93,2992.7,2,2.01,0.586,89.5,10.7,25.1,11.5,16.8,0.052,0.01,82.7,3.1,30.9,0
Sikkim,43.3,3537.3,1,14.73,0.651,6.8,161.7,286.4,99.0,176.7,1.245,0.03,34.8,86.2,68.2,1
Meghalaya,31.14,1129.6,2,2.61,0.667,92.7,12.8,20.8,31.4,40.9,0.034,0.014,66.5,11.3,30.6,0
Nagaland,26.27,2178.0,2,14.45,0.614,49.7,11.3,24.3,25.5,35.2,0.004,0.005,55.9,10.0,26.1,0
Arunachal Pradesh,55.19,2252.8,2,6.6,0.625,5.6,75.6,199.2,74.4,112.1,0.082,0.024,72.9,55.8,61.8,1
Sikkim,42.48,2368.9,1,5.7,0.736,12.6,34.3,67.6,45.6,81.1,0.006,0.024,44.7,24.9,31.8,0
Meghalaya,40.77,1463.2,1,3.04,0.744,53.3,15.8,38.5,45.6,70.5,0.118,0.065,48.9,15.3,27.1,0
Meghalaya,24.74,1524.8,1,2.64,0.79,1.6,98.0,251.4,99.0,122.5,1.118,0.038,34.5,71.8,58.7,1
Nagaland,41.96,926.5,2,3.36,0.8,91.5,142.4,251.8,99.0,155.5,0.011,0.038,78.7,75.7,76.7,1
Arunachal Pradesh,42.14,3597.6,2,1.56,0.738,79.6,96.2,264.6,91.2,161.6,0.701,0.046,78.1,67.3,71.1,1
Nagaland,45.24,1258.6,1,10.57,0.623,50.5,98.0,172.2,95.0,138.7,1.554,0.02,43.5,67.3,59.0,1
Mizoram,36.95,1373.1,2,7.12,0.67,92.6,60.1,133.7,69.6,96.1,0.054,0.013,67.5,39.2,49.1,0
Meghalaya,33.24,1485.7,3,7.27,0.58,26.0,42.8,99.9,59.3,92.5,0.087,0.001,55.4,32.4,40.4,0
Mizoram,31.99,1107.7,2,2.55,0.793,85.3,44.0,95.7,52.0,83.8,0.045,0.01,70.0,34.9,47.2,0
Sikkim,33.12,3942.9,3,0.33,0.702,80.5,175.2,397.7,99.0,142.7,0.688,0.014,63.4,91.5,81.7,1
Arunachal Pradesh,38.08,3710.1,2,5.17,0.444,58.2,106.6,180.7,94.1,117.2,0.356,0.057,74.8,64.3,68.0,1
Mizoram,37.08,1611.8,1,2.11,0.497,31.9,71.6,114.6,51.0,72.7,0.079,0.016,46.9,35.1,39.2,0
Meghalaya,42.45,2195.4,2,9.2,0.68,55.8,74.9,106.5,71.3,106.4,0.029,0.018,63.0,41.6,49.1,0
Mizoram,38.36,1614.0,2,6.82,0.778,95.7,38.1,85.8,59.5,90.0,0.005,0.02,71.5,34.0,47.1,1
Sikkim,31.87,4134.9,3,0.71,0.319,8.5,223.0,600.7,99.0,160.4,0.007,0.051,60.3,92.8,81.4,1
Manipur,12.01,553.3,2,4.14,0.694,20.1,74.7,175.9,70.9,85.8,0.178,0.01,45.9,50.8,49.1,1
Mizoram,34.79,1795.6,3,5.3,0.778,64.4,18.2,42.0,45.1,78.0,0.096,0.049,61.6,18.0,33.2,0
Arunachal Pradesh,24.45,3862.3,2,3.78,0.408,67.8,43.9,94.3,40.4,63.2,0.0,0.017,66.6,20.5,36.6,0
Meghalaya,32.21,1014.1,2,3.25,0.54,16.4,141.5,320.6,99.0,150.2,0.326,0.001,64.3,84.6,77.5,1
Nagaland,23.5,1299.2,1,1.16,0.733,80.6,4.6,11.2,10.0,12.9,0.03,0.01,42.5,5.9,18.7,0
Nagaland,38.05,2116.8,1,1.21,0.424,92.8,47.0,75.8,33.3,42.4,0.021,0.002,55.7,24.6,35.5,0
Meghalaya,29.68,897.0,2,6.57,0.378,8.0,39.8,96.5,51.1,78.5,0.008,0.005,60.7,29.1,40.1,0
Manipur,18.73,554.2,2,0.1,0.543,97.4,4.9,7.9,26.5,43.2,0.052,0.009,66.5,7.6,28.2,0
Sikkim,26.2,3363.7,3,6.79,0.497,28.1,3.3,6.0,5.0,8.3,0.021,0.065,47.4,5.1,19.9,0
Sikkim,47.68,1664.8,3,3.37,0.526,30.9,12.9,24.2,7.2,11.1,0.11,0.018,69.2,9.2,30.2,0
Manipur,21.71,986.9,1,12.39,0.777,4.5,80.7,145.2,53.4,75.5,0.03,0.082,16.7,47.2,36.5,0
Manipur,21.93,942.9,2,26.65,0.358,49.7,3.0,6.3,31.6,40.6,0.017,0.007,52.4,12.4,26.4,0
Mizoram,23.78,1844.4,1,4.9,0.84,95.5,27.8,60.4,49.2,75.8,0.005,0.022,43.6,25.6,31.9,0
Manipur,9.94,220.7,2,2.39,0.696,16.1,8.9,22.6,18.9,26.5,0.043,0.016,52.8,4.9,21.7,0
Arunachal Pradesh,31.81,2728.2,3,2.9,0.635,57.7,13.2,29.1,19.4,32.7,0.056,0.01,60.9,7.7,26.3,0
Manipur,17.87,596.8,2,1.03,0.72,27.4,66.1,184.8,68.3,102.7,0.001,0.048,60.2,49.8,53.5,1
Sikkim,31.58,1661.1,3,0.47,0.669,1.9,85.6,203.0,72.7,97.0,0.111,0.013,59.3,53.3,55.4,0
Arunachal Pradesh,54.12,2774.9,3,3.89,0.664,98.7,39.1,94.6,44.4,75.3,0.0,0.01,80.5,25.3,44.6,0
Sikkim,47.93,3477.3,2,7.37,0.591,71.6,89.5,250.4,99.0,173.1,0.57,0.006,73.3,69.8,71.0,1
Sikkim,38.47,1714.1,1,1.37,0.443,73.5,87.5,151.2,86.7,113.6,0.273,0.027,54.2,54.7,54.5,0
Sikkim,32.41,1814.3,2,2.45,0.744,66.3,11.3,26.0,25.3,38.7,0.167,0.019,74.7,10.7,33.1,1
Sikkim,29.35,2733.6,1,3.64,0.681,14.4,46.6,123.2,63.4,108.4,0.031,0.006,35.3,42.7,40.1,0
Arunachal Pradesh,38.09,3503.1,2,10.73,0.791,20.7,67.8,186.8,96.9,166.6,0.235,0.034,57.6,53.5,54.9,1
Sikkim,41.01,3343.9,3,0.67,0.745,38.6,37.1,75.0,39.7,61.6,0.142,0.059,66.5,28.8,42.0,0
Meghalaya,29.16,1855.4,2,1.22,0.747,99.5,73.7,147.7,65.8,99.9,0.025,0.023,75.6,46.1,56.4,0
Meghalaya,35.5,2033.9,3,11.28,0.531,67.3,44.6,68.4,42.7,52.5,0.052,0.011,57.5,31.3,40.4,0
Sikkim,33.92,4119.3,3,0.18,0.806,44.2,122.9,327.7,99.0,162.2,0.35,0.031,62.1,80.2,73.9,1
Nagaland,24.8,1893.1,3,4.8,0.477,48.5,52.1,141.2,67.5,88.4,0.018,0.016,43.1,43.8,43.6,0
Manipur,23.01,463.9,2,4.59,0.65,92.2,176.2,464.8,99.0,171.3,1.054,0.001,64.9,91.1,81.9,0
Nagaland,20.05,1486.0,3,2.17,0.673,19.6,44.1,75.7,62.0,103.7,0.033,0.021,47.1,36.8,40.4,0
Sikkim,26.64,3321.9,2,2.84,0.248,32.1,101.2,184.5,81.7,146.9,0.295,0.029,66.2,63.4,64.4,0
Nagaland,25.86,1890.0,2,8.69,0.692,37.1,6.0,16.5,16.7,25.4,0.021,0.007,55.2,7.5,24.2,0
Arunachal Pradesh,33.29,2653.8,3,0.81,0.692,89.8,75.8,171.4,73.7,108.9,0.0,0.007,65.5,52.4,57.0,1
Arunachal Pradesh,44.2,3933.9,3,1.19,0.492,77.7,25.4,58.0,16.4,22.7,0.116,0.008,76.8,14.6,36.4,0
Sikkim,26.23,1931.6,2,3.23,0.423,59.1,10.9,21.6,27.2,33.3,0.015,0.023,70.5,9.8,31.0,1
Nagaland,30.54,1462.2,3,2.37,0.441,31.5,4.4,9.9,22.1,34.9,0.01,0.005,63.0,11.5,29.5,0
Sikkim,41.12,3519.1,2,3.84,0.395,20.2,13.7,22.3,29.3,51.8,0.001,0.025,72.6,13.8,34.4,0
Arunachal Pradesh,40.38,3917.7,2,11.41,0.441,33.1,15.7,43.0,52.2,77.4,0.03,0.002,65.4,21.9,37.1,0
Arunachal Pradesh,44.2,1704.5,1,11.21,0.438,92.9,183.3,499.2,99.0,136.3,0.446,0.014,51.3,91.0,77.1,1
Manipur,18.92,743.7,2,1.18,0.619,91.0,144.7,376.2,99.0,159.1,0.754,0.028,67.2,83.8,78.0,1
Mizoram,27.91,1580.1,2,1.62,0.649,42.2,3.7,6.5,22.6,36.9,0.009,0.022,65.2,12.5,31.0,0
Sikkim,49.38,2489.7,1,0.8,0.825,32.6,62.1,163.1,50.9,82.9,0.036,0.02,54.6,41.2,45.9,0
Meghalaya,27.66,1110.8,2,11.83,0.569,88.5,37.3,88.9,39.7,70.4,0.345,0.026,56.2,29.7,39.0,0
Meghalaya,26.75,1568.3,1,2.28,0.753,44.6,104.6,182.4,77.0,98.0,0.075,0.003,33.3,58.4,49.6,0
Mizoram,26.29,932.8,1,2.69,0.792,3.9,61.8,158.7,61.9,104.5,0.034,0.015,33.5,47.8,42.8,0
Sikkim,30.78,2548.9,2,7.3,0.699,34.6,90.4,138.1,72.7,90.8,0.017,0.035,55.5,43.3,47.6,1
Manipur,29.61,589.1,2,3.24,0.303,60.7,59.2,142.3,63.7,103.2,0.009,0.012,67.3,37.4,47.9,0
Sikkim,53.27,2414.4,2,0.57,0.746,94.5,101.5,284.0,97.2,160.6,0.07,0.005,97.3,71.2,80.3,1
Mizoram,38.01,1284.8,2,2.59,0.507,42.5,96.4,193.1,77.1,111.3,0.031,0.002,75.8,58.8,64.8,1
Arunachal Pradesh,42.62,1730.9,2,4.48,0.644,24.0,66.6,151.2,61.0,99.5,0.008,0.037,68.7,44.0,52.7,0
Sikkim,31.64,2761.9,1,5.72,0.724,38.4,122.8,209.2,89.3,118.0,0.199,0.056,37.9,67.0,56.8,0
Sikkim,34.43,1921.0,2,4.66,0.544,5.7,55.3,113.5,62.8,76.5,0.021,0.02,61.2,42.5,49.1,0
Meghalaya,21.48,1834.2,3,0.57,0.77,89.9,52.2,81.0,31.2,40.7,0.033,0.0,56.6,20.4,33.0,0
Arunachal Pradesh,36.3,1574.4,1,1.63,0.686,3.3,1.2,2.8,16.2,20.8,0.009,0.001,44.9,8.2,21.1,0
Nagaland,23.26,801.4,2,5.95,0.681,0.1,8.6,21.4,25.4,43.2,0.024,0.004,52.1,9.9,24.7,0
Arunachal Pradesh,39.76,3846.8,1,9.55,0.477,61.4,210.5,468.0,99.0,134.9,0.21,0.0,39.4,92.4,73.9,1
Mizoram,27.24,1729.7,2,0.22,0.698,15.4,280.0,682.5,99.0,161.8,0.875,0.015,64.5,92.9,83.0,1
Nagaland,34.03,1656.3,2,0.19,0.514,29.6,57.3,135.5,61.0,103.6,0.023,0.007,73.4,46.2,55.7,1
Meghalaya,14.3,2041.9,3,4.64,0.57,49.1,39.0,105.0,45.9,81.3,0.001,0.004,40.1,26.8,31.4,0
Nagaland,26.16,1143.2,2,3.57,0.725,79.2,9.1,18.9,25.1,42.5,0.059,0.01,63.9,9.3,28.4,0
Mizoram,20.45,1879.7,2,0.76,0.814,38.8,133.0,286.4,91.5,156.2,0.087,0.004,58.3,77.3,70.6,1
Sikkim,29.65,3974.5,2,3.58,0.642,95.7,47.2,90.7,48.8,68.7,0.025,0.018,69.8,25.2,40.8,0
Nagaland,34.64,2181.5,1,16.51,0.485,45.3,30.2,57.2,45.9,63.1,0.021,0.002,35.6,22.9,27.3,0
Sikkim,41.77,3382.3,3,4.49,0.46,92.0,88.9,226.3,85.0,123.4,0.072,0.006,66.1,56.5,59.9,1
Meghalaya,34.37,2037.4,2,2.68,0.794,45.2,137.9,372.3,99.0,159.0,0.469,0.002,66.7,83.5,77.6,1
Nagaland,33.36,1978.7,1,7.91,0.753,51.6,20.9,38.3,41.9,58.0,0.075,0.046,32.5,25.2,27.7,0
Sikkim,38.47,1518.7,2,1.08,0.359,95.8,32.6,64.8,26.9,32.8,0.047,0.008,85.7,22.3,44.5,0
Sikkim,43.65,1529.8,2,2.41,0.79,67.5,5.5,10.4,18.1,27.7,0.012,0.028,77.8,12.2,35.1,0
Meghalaya,16.32,1431.7,1,3.38,0.674,14.9,280.0,727.0,99.0,120.8,1.137,0.003,21.0,88.7,65.0,0
Nagaland,42.81,1360.6,2,3.16,0.688,59.9,69.3,188.9,85.4,142.5,0.627,0.03,78.2,58.4,65.3,0
Assam,18.64,870.6,2,11.42,0.729,22.5,119.0,317.0,99.0,126.0,0.028,0.013,44.7,71.1,61.8,1
Meghalaya,36.71,2064.0,2,1.56,0.739,31.0,9.5,13.5,26.9,47.0,0.03,0.027,74.2,10.7,32.9,0
Mizoram,11.03,1865.4,1,0.26,0.788,83.8,107.7,176.9,83.4,127.4,1.624,0.013,34.3,67.2,55.7,0
Manipur,19.83,737.2,3,11.17,0.713,68.2,27.1,71.9,45.4,71.8,0.036,0.004,37.4,27.0,30.6,0
Arunachal Pradesh,32.07,2215.1,1,1.1,0.644,28.7,111.1,237.2,93.9,133.6,0.086,0.003,44.7,69.7,60.9,0
Sikkim,35.44,1853.8,2,2.14,0.818,0.5,1.6,3.1,27.2,43.3,0.04,0.005,63.6,5.4,25.7,0
Mizoram,24.78,1692.8,3,3.41,0.489,53.1,22.6,44.5,39.0,52.8,0.122,0.012,54.0,22.1,33.3,0
Nagaland,25.78,2136.3,1,16.76,0.655,25.0,30.6,78.1,44.5,75.1,0.069,0.014,34.1,26.0,28.8,0
Manipur,22.95,805.7,1,3.45,0.802,2.8,0.4,1.1,8.5,11.8,0.039,0.013,32.9,2.6,13.2,0
Sikkim,39.82,3465.3,1,2.67,0.692,6.3,195.3,499.8,99.0,156.6,0.282,0.018,48.6,89.4,75.1,1
Arunachal Pradesh,23.2,3784.9,1,3.94,0.51,67.3,166.1,429.7,99.0,161.7,1.362,0.003,35.9,87.9,69.7,1
Meghalaya,26.02,2067.6,1,15.9,0.656,41.4,1.1,1.7,9.0,12.5,0.002,0.039,30.4,3.0,12.6,0
Sikkim,36.03,3639.8,2,7.67,0.789,26.2,158.4,389.6,99.0,156.8,0.187,0.04,59.7,89.1,78.8,1
Sikkim,37.81,2269.7,2,0.83,0.583,88.0,1.5,3.5,24.4,34.7,0.118,0.019,83.6,6.1,33.2,0
Nagaland,45.86,2080.6,2,7.32,0.732,82.5,93.0,163.2,77.5,118.2,0.046,0.034,78.4,55.1,63.3,1
Arunachal Pradesh,39.58,2961.2,1,8.28,0.668,46.6,111.5,248.5,90.8,151.8,0.965,0.004,36.6,70.7,58.8,1
Nagaland,18.94,1227.3,3,5.28,0.514,27.6,2.7,6.4,25.2,41.3,0.046,0.014,42.1,5.7,18.4,0
Meghalaya,32.2,1915.2,1,4.82,0.774,50.7,87.7,193.0,83.7,112.3,0.302,0.003,36.2,59.5,51.3,0
Mizoram,23.41,932.3,2,2.62,0.76,75.3,87.5,165.7,67.2,109.0,0.005,0.017,66.0,54.7,58.6,1
Arunachal Pradesh,36.42,2776.9,1,4.62,0.235,1.1,4.5,7.9,26.0,43.9,0.12,0.082,40.6,13.0,22.7,0
Sikkim,55.82,2771.9,1,6.02,0.766,61.3,47.0,71.4,43.0,55.2,0.032,0.004,56.3,25.5,36.3,0
Arunachal Pradesh,33.93,1887.4,2,0.59,0.432,71.0,55.0,81.4,48.3,59.2,0.134,0.004,76.2,34.4,49.0,0
Assam,25.45,243.5,2,1.34,0.546,81.7,142.3,269.5,99.0,145.3,0.373,0.034,75.7,84.9,81.7,1
Nagaland,32.12,1765.7,2,0.97,0.629,21.7,18.2,31.4,18.3,24.7,0.03,0.01,68.2,17.3,35.1,0
Meghalaya,42.41,1010.8,2,8.28,0.672,20.3,98.5,206.2,84.7,106.7,0.327,0.006,65.5,59.2,61.4,0
Sikkim,42.77,4042.3,3,5.13,0.735,21.6,139.4,305.1,99.0,171.2,0.089,0.005,60.0,80.4,73.3,0
Assam,26.29,321.9,2,2.7,0.655,93.1,34.4,66.4,42.4,51.7,0.003,0.017,66.1,23.8,38.6,0
Sikkim,41.1,3496.4,2,7.87,0.628,14.1,22.8,44.0,21.4,30.0,0.078,0.015,61.5,15.2,31.4,1
Arunachal Pradesh,33.82,2536.7,1,5.68,0.673,76.5,55.4,135.7,67.8,112.7,0.005,0.05,42.7,43.2,43.0,0
Meghalaya,41.43,1720.9,1,11.02,0.626,98.7,108.9,153.4,59.2,72.5,0.017,0.013,43.5,53.4,49.9,0
Assam,21.5,138.6,2,0.36,0.33,94.6,76.1,212.8,77.7,103.5,0.029,0.018,76.5,53.9,61.8,0
Arunachal Pradesh,34.34,2014.6,2,3.2,0.717,41.0,11.6,23.3,39.5,62.2,0.049,0.013,71.6,15.1,34.8,0
Sikkim,32.08,4124.0,2,5.52,0.651,83.9,51.3,114.0,64.4,95.3,0.051,0.039,71.9,40.1,51.3,1
Assam,21.71,881.6,1,1.05,0.617,67.0,196.6,342.3,99.0,124.0,1.061,0.003,39.5,94.5,75.2,1
Arunachal Pradesh,47.7,3896.5,3,1.78,0.444,86.8,64.1,108.6,46.8,67.4,0.007,0.011,81.4,32.6,49.7,0
Arunachal Pradesh,41.84,2200.6,3,2.44,0.331,16.1,25.0,58.6,33.9,46.9,0.237,0.041,70.4,21.2,38.4,1
Meghalaya,29.48,1378.7,2,7.12,0.788,76.5,157.7,435.6,99.0,160.3,0.2,0.001,56.9,85.5,75.5,1
Manipur,22.47,602.4,3,3.06,0.391,58.7,9.1,24.3,21.2,32.6,0.02,0.028,53.1,12.4,26.7,0
Meghalaya,37.58,1300.3,3,3.06,0.646,54.0,100.3,271.2,99.0,150.2,0.13,0.006,64.7,74.8,71.3,1
Tripura,10.77,797.5,3,2.54,0.689,72.9,3.5,7.4,32.0,52.9,0.058,0.03,44.4,7.9,20.7,0
Mizoram,23.48,1004.3,2,1.17,0.531,27.3,40.6,77.2,30.8,40.9,0.009,0.018,62.7,23.2,37.0,1
Arunachal Pradesh,43.91,3198.4,3,11.54,0.775,7.5,11.9,29.3,14.9,23.4,0.007,0.01,47.9,6.3,20.9,0
Tripura,12.48,393.7,1,1.72,0.742,50.2,10.9,23.4,47.5,62.4,0.034,0.031,28.6,17.3,21.3,0
Sikkim,36.41,2318.2,2,3.77,0.411,30.2,4.7,11.8,22.3,33.4,0.019,0.006,74.1,5.7,29.6,0
Sikkim,38.98,3561.9,3,0.72,0.75,25.6,174.5,414.9,99.0,161.4,0.605,0.01,64.1,91.4,81.8,1
Meghalaya,25.24,1605.7,3,2.56,0.767,99.9,2.8,5.4,27.4,44.4,0.009,0.003,59.1,12.5,28.8,0
Sikkim,36.74,2676.2,1,10.54,0.705,19.8,7.2,10.8,5.3,7.7,0.005,0.004,39.5,6.8,18.3,0
Arunachal Pradesh,39.11,3145.4,3,24.28,0.583,23.6,20.4,37.1,17.8,24.2,0.172,0.014,51.6,14.6,27.6,0
Arunachal Pradesh,48.13,3468.2,2,2.02,0.525,33.4,27.4,70.2,54.0,65.5,0.005,0.006,83.6,29.7,48.6,0
Meghalaya,39.5,1712.0,1,0.75,0.779,49.7,135.5,277.3,99.0,141.9,0.752,0.003,52.4,80.1,70.4,1
Nagaland,33.96,1814.7,2,1.7,0.58,86.9,12.5,31.8,44.8,69.8,0.031,0.011,79.0,17.7,39.2,0
Meghalaya,27.92,2190.9,3,1.78,0.793,17.6,57.4,136.5,69.4,95.4,0.03,0.004,53.8,39.2,44.3,1
Tripura,26.57,563.3,3,4.65,0.782,61.6,48.1,88.1,52.9,89.2,0.029,0.043,48.5,33.1,38.5,1
Sikkim,47.63,3843.4,3,3.08,0.812,36.9,101.3,204.3,90.6,154.6,2.085,0.044,68.3,68.2,68.2,1
Sikkim,31.91,3462.2,1,6.58,0.681,79.7,13.9,32.3,46.9,68.0,0.003,0.048,41.6,23.5,29.8,0
Arunachal Pradesh,39.63,3413.1,1,5.44,0.598,60.2,7.7,20.1,30.9,45.6,0.006,0.065,43.8,15.0,25.1,0
Arunachal Pradesh,34.35,3265.1,1,1.3,0.461,79.5,8.7,12.7,25.0,32.7,0.069,0.006,51.7,7.9,23.2,0
Sikkim,40.68,2298.5,1,6.9,0.564,85.5,19.1,53.3,46.4,60.1,0.015,0.017,47.0,20.1,29.5,0
Nagaland,26.52,1757.6,2,8.46,0.819,91.2,6.6,13.1,24.9,33.3,0.053,0.007,56.1,11.0,26.8,0
Manipur,24.71,365.5,2,4.11,0.638,99.6,280.0,443.0,99.0,143.2,0.089,0.004,62.7,86.7,78.3,1
Tripura,21.93,933.0,1,11.82,0.584,61.9,168.3,313.7,99.0,176.5,0.039,0.006,30.7,88.8,68.5,1
Sikkim,31.36,4117.0,3,6.87,0.566,63.8,137.5,345.7,99.0,155.9,4.867,0.008,54.8,93.6,80.0,1
Manipur,24.15,418.2,2,4.07,0.43,14.1,43.1,95.0,43.2,62.8,0.032,0.012,60.3,32.6,42.3,1
Sikkim,32.98,3931.2,3,10.65,0.568,10.5,96.4,150.0,69.8,92.9,0.003,0.003,45.8,50.1,48.6,0
Arunachal Pradesh,23.37,3620.0,2,4.13,0.599,48.8,29.6,57.5,46.2,77.1,0.06,0.002,63.8,27.7,40.3,0
Manipur,14.11,469.3,2,3.31,0.597,69.4,2.9,4.3,35.9,56.9,0.027,0.01,56.0,11.5,27.1,1
Mizoram,38.31,2165.9,2,1.98,0.373,24.8,156.6,233.8,99.0,143.0,0.463,0.017,76.3,75.6,75.8,1
Arunachal Pradesh,51.8,4032.0,2,9.65,0.656,32.7,28.8,49.2,36.5,57.2,0.124,0.034,78.1,23.5,42.6,0
Meghalaya,43.58,1961.2,2,0.59,0.74,70.0,1.4,2.6,24.0,37.1,0.121,0.014,80.5,10.9,35.2,0
Sikkim,33.45,3927.0,2,2.89,0.689,21.2,41.1,97.5,61.6,95.3,0.095,0.024,67.6,33.0,45.1,0
Nagaland,30.68,1248.3,3,3.47,0.679,52.1,4.7,6.8,19.2,23.8,0.006,0.04,57.3,2.8,21.9,0
Meghalaya,29.12,1408.2,3,3.64,0.748,53.9,70.2,129.3,78.2,136.1,0.073,0.023,55.9,49.8,51.9,0
Tripura,19.91,696.9,2,4.75,0.607,91.7,137.9,262.1,91.1,155.9,0.679,0.004,56.7,76.0,69.2,1
Arunachal Pradesh,27.07,2842.9,1,3.17,0.61,40.2,111.8,204.9,99.0,123.7,0.687,0.02,39.7,67.5,57.8,0
Sikkim,33.67,3865.2,3,1.34,0.827,21.1,25.1,40.2,26.7,42.2,0.013,0.079,56.3,16.3,30.3,0
Meghalaya,33.36,2114.7,3,8.75,0.622,17.4,56.1,146.2,70.9,106.2,0.12,0.034,44.4,51.3,48.9,0
Meghalaya,38.35,984.0,2,4.82,0.796,29.3,7.6,14.1,28.1,46.3,0.239,0.016,72.6,12.3,33.4,0
Sikkim,40.38,3653.1,3,8.79,0.556,27.9,3.5,9.1,28.8,41.5,0.077,0.043,58.4,9.8,26.9,0
Nagaland,30.38,1253.3,1,1.45,0.56,75.0,77.4,129.0,56.3,100.7,0.008,0.001,50.8,38.6,42.9,0
Manipur,14.24,627.0,1,4.56,0.425,59.4,53.5,128.9,77.9,137.9,0.041,0.03,29.7,47.8,41.4,0
Assam,25.83,430.6,1,5.64,0.792,68.2,106.9,179.7,62.6,78.7,0.016,0.02,32.5,54.1,46.5,0
Nagaland,22.17,2005.1,1,2.18,0.621,63.0,110.7,208.0,88.0,121.8,1.012,0.004,37.3,67.5,56.9,0
Manipur,12.61,402.5,2,7.53,0.728,48.1,19.2,45.1,28.0,37.1,0.007,0.03,45.0,14.1,24.9,0
Meghalaya,36.06,1986.4,1,0.1,0.371,92.8,17.3,37.4,26.4,36.8,0.01,0.055,58.8,17.4,31.9,0
Nagaland,37.04,1708.5,3,4.07,0.583,81.7,26.2,46.5,43.2,64.2,0.029,0.028,65.2,20.4,36.1,0
Sikkim,18.58,2439.1,2,4.28,0.724,21.1,49.3,129.9,74.6,94.7,0.006,0.024,54.1,41.1,45.7,0
Sikkim,36.1,2080.2,2,3.43,0.578,42.4,0.2,0.5,18.6,30.2,0.008,0.028,71.6,7.7,30.1,0
Sikkim,22.17,2267.4,1,4.47,0.651,28.8,34.4,86.2,52.5,81.1,0.007,0.002,33.6,29.9,31.2,0
Meghalaya,30.84,1249.0,2,0.82,0.545,74.6,0.9,2.3,18.4,23.7,0.018,0.045,73.7,5.1,29.1,0
Sikkim,34.85,4096.9,1,5.2,0.421,34.4,115.7,234.9,94.3,151.5,1.583,0.02,49.7,76.1,66.9,1
Assam,28.16,140.8,3,1.84,0.632,64.0,3.9,7.2,10.2,16.2,0.002,0.007,61.6,1.9,22.8,0
Sikkim,41.61,1787.6,3,2.71,0.826,29.2,37.2,80.8,41.1,71.1,0.014,0.002,63.6,25.6,38.9,0
Arunachal Pradesh,41.89,2015.7,2,1.82,0.635,17.2,17.0,25.7,50.5,67.0,0.114,0.029,70.9,18.6,36.9,0
Meghalaya,40.16,1366.7,1,2.89,0.27,0.9,29.3,69.1,60.0,93.9,0.005,0.021,48.8,27.5,35.0,0
Arunachal Pradesh,48.26,1663.1,3,4.37,0.497,99.5,142.3,349.6,99.0,170.8,1.472,0.022,69.5,87.0,80.9,1
Arunachal Pradesh,39.15,3111.2,2,8.2,0.823,22.0,18.8,29.1,32.5,44.1,0.003,0.012,57.0,16.5,30.7,0
Arunachal Pradesh,32.76,3415.9,1,2.97,0.75,83.2,57.2,103.7,60.9,81.5,0.013,0.039,49.9,39.1,42.9,0
Meghalaya,37.93,1868.6,2,1.76,0.713,82.2,51.7,128.0,74.8,102.1,0.104,0.046,78.6,43.6,55.9,1
Meghalaya,37.55,2065.2,3,3.01,0.469,23.6,91.4,168.5,80.9,134.2,0.111,0.017,64.6,56.0,59.0,0
Nagaland,35.98,937.8,2,5.25,0.717,41.6,18.3,41.4,30.8,51.9,0.032,0.031,66.2,20.6,36.5,1
Nagaland,32.92,1153.3,3,1.92,0.615,83.6,2.6,5.8,21.4,26.1,0.066,0.031,63.4,8.7,27.9,0
Meghalaya,30.77,882.0,1,2.41,0.758,69.0,158.8,279.9,99.0,137.5,0.181,0.023,43.3,81.9,68.4,1
Sikkim,48.29,1841.7,1,3.72,0.775,37.0,144.8,357.9,99.0,126.3,0.067,0.01,50.4,80.3,69.9,1
Sikkim,34.82,3314.0,2,1.57,0.628,94.9,9.7,20.3,31.3,40.4,0.003,0.01,73.6,16.6,36.6,0
Nagaland,27.38,1984.3,1,1.06,0.818,34.2,110.5,173.2,89.8,151.7,0.388,0.005,41.5,69.1,59.4,1
Arunachal Pradesh,35.99,3833.0,2,0.68,0.684,21.2,9.5,14.7,34.0,60.4,0.073,0.001,70.4,12.9,33.1,0
Arunachal Pradesh,31.17,2912.8,1,1.96,0.513,14.7,33.9,90.9,54.7,79.3,0.057,0.009,39.3,26.8,31.2,0
Nagaland,37.58,1057.9,2,0.22,0.725,70.1,63.4,122.6,53.9,96.1,0.081,0.022,75.1,39.0,51.6,1
Meghalaya,32.93,1829.0,2,3.94,0.763,2.9,59.1,128.6,61.1,87.1,0.039,0.01,60.5,41.3,48.0,0
Arunachal Pradesh,22.61,1755.6,3,0.87,0.344,84.6,1.3,3.1,29.2,47.5,0.1,0.02,58.9,10.7,27.5,0
Sikkim,41.64,2658.6,3,2.13,0.751,30.4,10.2,24.6,30.9,43.7,0.035,0.035,64.6,16.2,33.1,0
Assam,18.77,945.0,3,1.41,0.779,37.0,98.7,195.3,86.9,120.9,0.352,0.016,50.1,59.5,56.2,0
Manipur,20.08,359.2,3,4.48,0.692,80.2,158.8,330.8,99.0,153.7,0.011,0.01,54.0,87.8,76.0,1
Mizoram,33.76,1907.1,2,8.55,0.766,81.4,52.3,126.7,58.2,100.2,0.177,0.001,60.6,36.6,45.0,0
Meghalaya,28.59,1898.8,2,4.51,0.815,40.0,23.2,53.8,36.3,56.4,0.056,0.01,64.8,18.0,34.4,0
Meghalaya,27.32,1407.1,3,3.52,0.58,55.4,61.5,139.3,73.6,113.5,0.009,0.019,52.3,46.1,48.3,0
Tripura,23.44,759.5,2,4.98,0.542,67.9,15.4,29.8,16.7,25.1,0.028,0.041,66.1,13.7,32.0,0
Assam,13.21,212.6,2,0.14,0.438,68.9,11.9,32.7,33.0,58.5,0.063,0.007,65.0,18.4,34.7,0
Arunachal Pradesh,30.29,2525.6,3,0.59,0.596,53.4,263.1,436.4,99.0,167.2,1.664,0.009,64.1,93.8,83.4,1
Nagaland,26.92,1868.8,1,0.45,0.69,84.4,7.7,12.1,6.0,8.6,0.056,0.01,45.2,6.2,19.8,0
Arunachal Pradesh,46.11,1517.0,3,0.47,0.584,84.1,179.2,322.6,99.0,167.8,0.312,0.031,75.7,89.2,84.5,1
Arunachal Pradesh,48.67,1883.8,2,1.36,0.775,84.9,117.5,205.8,88.6,112.1,0.8,0.024,85.8,67.3,73.8,0
Mizoram,26.87,1005.0,2,3.42,0.724,26.8,199.1,546.6,99.0,144.7,0.285,0.002,64.2,88.9,80.3,1
Sikkim,30.44,2607.9,3,0.55,0.72,25.7,178.0,251.3,99.0,125.4,0.051,0.007,53.6,83.0,72.7,1
Assam,20.73,808.9,2,12.31,0.595,14.0,0.2,0.5,18.4,33.2,0.006,0.046,44.4,5.4,19.0,0
Arunachal Pradesh,36.25,3050.5,3,8.67,0.684,82.6,45.4,89.4,24.9,30.5,0.03,0.026,60.0,20.5,34.3,0
Meghalaya,37.72,1555.8,3,16.03,0.771,6.1,66.6,146.2,77.4,135.1,0.046,0.036,45.7,52.8,50.3,0
Manipur,22.94,391.0,2,0.2,0.605,13.5,59.4,140.8,69.0,121.4,0.005,0.02,63.4,45.2,51.6,0
Manipur,30.34,460.6,1,8.58,0.684,92.6,164.7,240.9,99.0,136.2,0.037,0.035,43.7,82.8,69.1,0
Arunachal Pradesh,12.41,4010.6,2,7.33,0.592,12.5,105.6,224.4,88.1,156.0,0.039,0.027,44.1,63.8,56.9,1
Sikkim,30.78,3081.0,2,10.46,0.726,12.1,36.0,52.3,32.4,48.7,0.042,0.029,53.4,22.5,33.3,0
Mizoram,37.61,1764.2,3,3.38,0.78,90.9,47.6,73.2,41.0,72.3,0.002,0.013,65.4,27.5,40.7,0
Arunachal Pradesh,34.84,3945.0,1,6.98,0.603,31.0,80.0,182.2,85.5,127.6,3.351,0.018,35.0,62.7,53.0,0
Assam,14.34,610.5,1,0.24,0.761,88.1,53.9,96.2,47.3,70.1,0.015,0.022,38.9,32.5,34.7,0
Manipur,17.68,566.4,1,0.36,0.788,37.8,6.9,11.0,24.7,40.8,0.103,0.003,34.2,9.1,17.9,0
Arunachal Pradesh,35.53,2978.8,2,0.57,0.767,37.4,103.8,152.6,77.7,104.1,0.045,0.047,76.4,58.6,64.8,1
Arunachal Pradesh,47.78,1685.4,3,11.08,0.473,13.5,6.6,16.7,33.2,57.9,0.008,0.007,59.0,14.2,29.9,0
Arunachal Pradesh,25.59,1891.9,1,0.28,0.563,91.9,1.9,4.2,24.0,40.9,0.05,0.006,48.3,8.2,22.2,0
Manipur,15.76,892.8,1,0.47,0.652,76.2,25.8,37.3,27.6,35.4,0.044,0.013,38.4,16.7,24.3,0
Arunachal Pradesh,38.63,1883.8,2,11.99,0.656,22.6,15.0,34.3,16.4,20.0,0.002,0.024,56.7,11.6,27.4,0
Sikkim,29.49,2579.4,3,0.51,0.834,72.8,0.3,0.5,33.7,54.9,0.03,0.019,60.0,11.8,28.7,0
Meghalaya,43.2,1870.8,3,9.17,0.839,10.4,3.8,7.0,21.5,30.4,0.064,0.014,49.2,9.6,23.5,0
Mizoram,44.49,1507.3,3,7.01,0.656,52.4,163.5,379.9,99.0,124.9,1.031,0.002,60.1,89.6,79.3,1
Arunachal Pradesh,37.96,3100.8,1,0.19,0.672,25.4,186.5,335.4,99.0,172.0,0.832,0.062,54.4,98.5,83.1,1
Sikkim,42.9,3162.2,2,0.1,0.488,85.1,236.6,582.5,99.0,177.9,2.247,0.0,84.9,95.1,91.5,1
Assam,28.4,810.3,3,3.44,0.743,51.1,2.3,4.9,18.2,25.3,0.017,0.011,53.9,8.2,24.2,0
Manipur,19.15,619.4,3,26.41,0.702,92.1,201.9,353.1,99.0,129.8,0.239,0.037,40.7,91.1,73.5,1
Nagaland,35.6,920.8,2,9.5,0.692,58.5,111.8,243.6,99.0,169.7,0.458,0.0,61.3,75.2,70.3,0
Arunachal Pradesh,28.57,3755.1,3,1.67,0.829,50.4,43.7,63.2,31.2,47.3,0.004,0.019,52.3,25.2,34.7,0
Sikkim,22.86,2886.2,3,2.2,0.712,69.4,31.7,63.9,43.5,77.9,0.018,0.051,54.3,24.1,34.7,0
Mizoram,38.48,1114.0,2,2.21,0.382,78.4,116.3,215.8,91.1,144.2,0.768,0.003,84.6,65.0,71.9,1
Sikkim,37.3,1585.1,1,5.96,0.72,1.5,29.3,58.2,49.6,76.3,0.004,0.012,40.4,26.0,31.0,0
Manipur,30.48,509.0,2,1.88,0.673,52.2,8.3,18.7,36.2,63.7,0.06,0.059,68.3,17.6,35.3,0
Mizoram,28.02,1444.0,3,0.72,0.702,77.6,68.1,135.8,55.0,92.4,0.061,0.043,61.2,42.9,49.3,0
Arunachal Pradesh,27.96,3530.1,2,6.19,0.666,40.7,32.4,70.6,48.2,69.6,0.042,0.001,60.2,24.2,36.8,0
Manipur,24.9,237.8,3,2.76,0.512,4.5,5.6,8.7,33.8,40.8,0.061,0.013,51.4,12.9,26.4,0
Assam,29.88,845.5,2,0.36,0.768,1.8,27.9,51.1,41.7,68.8,0.003,0.055,66.2,22.2,37.6,0
Arunachal Pradesh,28.65,3637.1,1,7.02,0.494,79.4,52.3,104.2,32.9,56.6,0.015,0.025,37.9,32.1,34.1,0
Meghalaya,25.97,971.2,1,3.96,0.734,19.8,15.8,23.3,22.8,29.2,0.021,0.014,30.0,14.0,19.6,0
Sikkim,49.51,2085.5,3,3.02,0.646,17.5,109.4,298.3,99.0,172.0,0.96,0.0,68.2,80.3,76.1,1
Sikkim,55.95,3418.8,2,5.03,0.399,29.0,230.5,615.0,99.0,170.3,0.128,0.015,82.4,91.5,88.3,1
Arunachal Pradesh,42.44,3238.4,1,3.17,0.581,10.2,150.2,280.3,90.9,110.0,0.355,0.051,48.3,81.9,70.1,1
Meghalaya,27.45,1051.2,3,4.7,0.636,5.3,2.5,5.7,40.7,66.6,0.021,0.016,50.3,13.1,26.1,1
Assam,27.5,284.1,2,9.09,0.708,87.2,39.4,81.3,52.3,74.8,0.2,0.003,62.4,34.4,44.2,0
Meghalaya,30.1,1679.5,3,4.28,0.676,30.3,24.2,52.9,40.1,49.3,0.005,0.027,52.4,20.8,31.9,0
Arunachal Pradesh,32.71,3915.1,2,4.85,0.8,58.2,57.9,91.0,41.0,57.3,0.033,0.011,62.2,31.0,41.9,0
Mizoram,28.56,987.7,1,4.28,0.636,85.8,14.0,30.2,18.8,29.5,0.023,0.019,39.6,13.7,22.7,0
Sikkim,43.73,2021.3,2,3.41,0.624,97.7,41.9,73.5,51.3,70.9,0.059,0.091,82.5,33.3,50.5,0
Manipur,20.29,264.3,3,0.85,0.575,68.8,36.4,82.1,38.3,64.1,0.045,0.054,55.3,28.3,37.8,0
Meghalaya,35.24,1977.0,1,1.84,0.652,95.0,33.7,83.3,12.1,18.1,0.068,0.014,44.1,18.7,27.6,0
Arunachal Pradesh,45.2,2203.8,3,5.32,0.495,42.4,5.5,14.8,20.3,24.8,0.114,0.006,64.2,8.6,28.1,0
Arunachal Pradesh,36.11,2561.7,1,2.49,0.756,79.0,147.3,213.1,68.6,105.4,0.059,0.0,47.4,64.6,58.6,1
Nagaland,38.88,2016.3,2,2.34,0.631,93.8,36.0,76.8,44.1,64.5,0.062,0.01,78.6,27.8,45.6,0
Sikkim,38.11,3050.8,2,6.41,0.729,5.3,118.2,233.0,99.0,124.4,0.517,0.003,65.4,69.3,68.0,1
Nagaland,28.66,2165.9,3,0.1,0.519,31.7,27.8,47.7,29.2,42.8,0.006,0.005,52.4,17.3,29.6,0
Arunachal Pradesh,26.32,3141.0,2,5.11,0.686,74.0,46.0,81.3,60.1,100.9,0.023,0.025,59.3,36.1,44.2,0
Sikkim,35.77,2936.4,2,3.02,0.795,31.5,173.9,443.8,99.0,125.1,0.039,0.003,66.5,85.4,78.8,1
Meghalaya,42.32,1400.5,3,2.13,0.554,1.7,9.8,23.8,18.9,25.4,0.009,0.078,61.9,12.8,30.0,0
Assam,24.75,556.6,1,1.87,0.821,80.7,9.2,24.4,22.5,40.2,0.007,0.003,41.3,13.2,23.0,0
Assam,22.74,532.8,1,0.85,0.497,16.5,60.5,151.2,73.7,106.8,0.027,0.045,41.0,45.8,44.1,0
Arunachal Pradesh,29.28,4036.0,1,1.83,0.436,32.1,33.3,49.3,32.7,55.5,0.028,0.008,39.6,21.8,28.0,0
Sikkim,33.68,2353.4,2,2.23,0.466,91.1,101.9,158.5,65.7,98.7,0.083,0.019,76.7,58.4,64.8,0
Arunachal Pradesh,43.44,3635.5,2,2.59,0.558,20.9,107.4,252.6,99.0,132.5,0.6,0.015,78.8,70.4,73.4,1
Meghalaya,38.25,2111.5,3,5.02,0.531,89.5,15.9,36.8,11.1,13.9,0.064,0.001,61.3,9.9,27.9,0
Meghalaya,37.71,1034.8,2,2.72,0.705,42.3,4.8,12.8,22.9,37.7,0.073,0.03,71.1,8.0,30.1,0
Manipur,21.52,664.0,1,7.16,0.827,91.8,19.0,40.6,52.5,78.3,0.026,0.004,34.3,17.6,23.5,0
Assam,15.49,766.7,3,4.59,0.646,87.7,3.1,6.9,20.1,35.9,0.054,0.005,44.6,6.9,20.1,0
Sikkim,45.61,3601.9,2,0.95,0.487,41.5,68.4,145.8,82.2,143.1,1.085,0.015,80.0,53.9,63.0,1
Meghalaya,28.4,1754.2,3,1.46,0.621,92.2,7.1,16.7,25.0,32.4,0.025,0.0,61.5,12.5,29.7,0
Manipur,25.46,373.8,2,0.37,0.399,63.3,90.6,176.9,83.2,132.7,5.455,0.024,73.9,72.0,72.6,0
Nagaland,30.17,1636.6,1,13.11,0.811,47.6,24.2,54.6,32.2,42.2,0.067,0.005,33.6,16.5,22.5,0
Arunachal Pradesh,52.32,2622.8,2,9.79,0.682,53.1,14.7,30.7,43.2,61.2,0.025,0.015,70.7,17.9,36.4,0
Sikkim,34.93,1709.4,1,0.4,0.656,6.3,159.8,435.2,99.0,138.6,0.338,0.004,48.8,86.2,73.1,1
Meghalaya,29.34,1665.3,1,3.84,0.454,80.8,41.9,83.2,28.3,42.6,0.048,0.024,45.0,24.6,31.7,0
Sikkim,37.39,3491.8,2,14.53,0.772,29.2,54.4,85.9,55.5,94.3,0.063,0.0,62.4,32.8,43.2,1
Arunachal Pradesh,31.73,1925.8,1,6.19,0.784,27.0,18.6,47.4,34.3,59.4,0.006,0.008,38.1,17.8,24.9,0
Arunachal Pradesh,30.34,2577.4,1,3.05,0.791,71.5,183.3,385.9,99.0,159.4,3.478,0.013,38.2,100.0,78.4,1
Mizoram,26.62,1115.0,2,1.24,0.61,37.1,24.7,40.1,23.9,37.7,0.036,0.004,65.0,17.1,33.9,0
Sikkim,49.15,3149.7,2,1.47,0.573,51.4,145.6,393.1,99.0,173.6,0.654,0.0,90.1,82.4,85.1,1
Arunachal Pradesh,30.81,1719.2,2,6.0,0.453,42.2,1.6,2.5,30.8,38.8,0.018,0.046,66.4,13.8,32.2,0
Sikkim,34.85,4023.3,1,6.83,0.535,50.5,178.1,266.4,97.7,140.2,1.24,0.037,37.7,93.9,74.3,1
Nagaland,47.6,1205.0,2,3.39,0.575,22.2,36.1,64.0,36.8,48.9,0.07,0.001,72.3,22.8,40.1,0
Manipur,25.66,299.4,3,0.58,0.779,88.5,45.9,106.4,41.5,53.3,0.091,0.029,55.6,29.1,38.4,0
Meghalaya,38.47,2064.5,2,12.22,0.742,61.0,21.0,32.7,15.3,24.6,0.01,0.006,64.1,9.5,28.6,0
Sikkim,55.2,1893.8,2,8.38,0.701,23.4,139.9,385.4,99.0,130.2,0.32,0.001,75.5,79.7,78.2,1
Tripura,19.4,332.0,1,0.68,0.467,9.2,121.1,260.3,99.0,175.8,0.1,0.015,30.5,67.6,54.6,0
Arunachal Pradesh,23.32,2849.2,2,0.26,0.69,53.5,22.0,48.4,36.9,56.0,0.034,0.049,66.6,22.0,37.6,0
Arunachal Pradesh,44.98,2509.8,3,3.45,0.795,46.8,5.0,13.7,14.7,21.8,0.012,0.005,61.9,7.2,26.3,0
Sikkim,36.26,1512.4,2,1.5,0.459,93.2,57.4,117.9,66.7,94.3,0.096,0.004,81.5,39.4,54.1,0
Arunachal Pradesh,57.04,3254.1,1,1.5,0.674,23.1,102.4,243.1,99.0,135.1,0.86,0.049,58.3,72.8,67.7,1
Sikkim,22.43,1754.2,1,0.41,0.623,88.2,24.9,36.1,29.8,52.1,0.04,0.004,42.3,23.1,29.8,0
Manipur,14.59,298.3,3,13.8,0.762,76.6,67.7,98.3,52.8,82.9,0.012,0.0,38.8,40.4,39.8,0
Mizoram,28.15,994.3,3,7.98,0.8,47.7,37.2,90.7,51.7,69.4,0.026,0.039,46.5,31.7,36.9,0
Sikkim,37.31,1713.4,2,0.54,0.739,87.4,44.9,121.8,59.1,95.1,0.1,0.001,83.2,35.8,52.4,1
Assam,12.44,548.7,2,9.42,0.565,86.2,117.2,282.8,99.0,132.9,1.416,0.007,47.9,76.4,66.4,1
Arunachal Pradesh,41.04,2499.2,3,5.17,0.623,71.4,2.7,4.4,27.9,46.4,0.043,0.006,64.0,10.5,29.2,1
Arunachal Pradesh,32.9,2737.3,1,1.77,0.727,10.2,13.7,35.0,24.3,37.3,0.08,0.021,44.3,11.4,22.9,0
Meghalaya,39.11,1809.8,2,9.22,0.37,16.0,102.8,229.1,83.7,122.6,1.982,0.005,65.0,72.1,69.6,1
Mizoram,41.74,1726.4,3,4.1,0.78,59.2,70.8,105.6,39.2,62.5,0.053,0.009,62.9,33.6,43.8,0
Arunachal Pradesh,35.31,2608.4,2,8.5,0.517,24.5,9.4,18.3,15.5,26.7,0.016,0.025,62.6,9.9,28.3,0
Sikkim,42.43,3286.4,1,2.85,0.713,55.1,155.3,385.8,99.0,142.8,0.237,0.014,52.6,84.2,73.2,1
Mizoram,32.03,2067.0,1,3.13,0.791,56.1,78.5,132.5,72.0,116.1,0.015,0.022,41.0,45.6,44.0,0
Mizoram,31.52,2072.1,3,1.55,0.655,58.7,99.6,254.2,99.0,140.4,0.254,0.004,61.0,67.0,64.9,1
Mizoram,22.71,1251.7,2,2.21,0.675,57.0,88.6,195.3,85.2,120.7,0.951,0.059,65.6,59.4,61.6,0
Sikkim,36.96,1699.1,3,3.77,0.779,37.9,255.6,519.1,99.0,168.6,0.344,0.015,59.7,90.8,79.9,1
Arunachal Pradesh,45.67,3874.7,2,13.22,0.68,21.0,3.2,4.6,14.8,22.6,0.123,0.0,64.0,6.5,26.6,0
Meghalaya,34.69,2168.9,3,4.12,0.482,51.9,280.0,493.8,99.0,142.8,1.52,0.009,63.3,90.1,80.7,1
Arunachal Pradesh,30.54,1800.9,3,0.72,0.709,49.5,56.7,144.4,60.5,79.9,0.009,0.027,60.2,38.8,46.3,0
Assam,12.08,770.5,2,0.1,0.383,27.5,80.9,125.4,63.0,105.7,0.086,0.009,59.6,47.0,51.4,0
Meghalaya,30.9,965.3,2,8.57,0.741,5.1,44.8,94.6,62.6,98.8,0.019,0.012,54.0,38.0,43.6,0
Sikkim,31.9,2991.8,2,2.04,0.534,20.6,16.4,23.6,27.1,44.2,0.059,0.004,67.1,15.8,33.8,0
Nagaland,27.69,2022.5,2,1.7,0.52,55.1,41.2,72.6,27.0,39.5,0.028,0.006,64.2,25.2,38.9,0
Meghalaya,27.08,1588.7,2,7.26,0.756,53.6,32.6,53.2,36.8,50.9,0.027,0.001,60.6,18.6,33.3,0
Sikkim,38.15,3653.3,3,13.08,0.681,13.4,121.0,240.1,99.0,161.8,0.335,0.015,46.7,78.2,67.2,0
Nagaland,36.15,1628.4,1,6.2,0.664,60.6,36.4,81.4,27.6,34.5,0.058,0.017,39.3,20.8,27.3,0
Manipur,15.49,586.5,2,0.86,0.564,42.3,87.0,175.2,81.6,130.2,0.208,0.003,57.4,58.9,58.3,1
Mizoram,26.46,2152.2,2,2.23,0.603,65.4,52.1,132.9,53.3,95.2,0.027,0.008,69.1,37.8,48.8,0
Arunachal Pradesh,27.95,2149.7,1,6.41,0.646,88.8,2.3,3.8,31.2,52.7,0.054,0.012,35.6,12.2,20.3,0
Meghalaya,33.23,972.6,2,10.68,0.664,30.9,129.7,294.1,99.0,162.3,0.261,0.084,56.5,84.4,74.6,1
Nagaland,38.13,1454.2,3,29.57,0.388,34.7,30.0,78.1,52.3,76.6,0.007,0.011,54.8,29.8,38.6,0
Arunachal Pradesh,37.08,3831.1,2,3.22,0.615,67.7,154.9,347.1,99.0,119.8,0.303,0.007,75.2,85.9,82.2,1
Sikkim,43.08,2192.4,3,7.78,0.704,94.9,1.2,2.4,9.4,16.8,0.065,0.015,59.7,8.5,26.4,0
Manipur,26.99,928.6,3,0.21,0.532,48.6,153.5,373.2,99.0,173.5,0.115,0.021,57.8,89.3,78.3,1
Arunachal Pradesh,40.04,2811.7,3,1.51,0.67,16.9,11.5,17.6,18.8,28.2,0.058,0.014,65.7,8.4,28.5,0
Nagaland,26.01,930.9,2,2.09,0.685,93.5,190.9,525.4,99.0,159.6,0.512,0.011,68.4,92.2,83.9,1
Meghalaya,25.32,1191.6,1,16.7,0.547,47.0,117.2,219.6,97.8,150.2,0.574,0.017,30.9,74.6,59.3,1
Meghalaya,26.38,2183.3,2,0.1,0.571,46.1,37.6,63.2,47.9,77.3,0.049,0.016,68.0,28.4,42.3,1
Arunachal Pradesh,53.56,1913.7,2,1.66,0.585,54.0,20.1,55.0,48.7,60.0,0.058,0.008,87.6,22.4,45.2,0
Nagaland,47.2,877.8,3,11.99,0.497,25.3,70.3,98.9,49.8,89.7,0.086,0.011,58.5,37.4,44.8,1
Sikkim,34.99,3435.9,2,1.65,0.802,78.5,5.0,12.6,29.8,49.7,0.094,0.008,79.8,6.6,32.2,0
Meghalaya,39.75,1577.7,1,1.15,0.728,64.1,88.0,174.9,75.6,102.8,0.003,0.012,52.7,54.2,53.6,1
Mizoram,41.14,1209.9,2,5.89,0.566,95.5,144.9,367.5,99.0,151.0,0.264,0.037,74.4,87.1,82.6,1
Mizoram,22.85,1003.6,2,6.16,0.526,20.4,66.0,171.8,69.4,103.0,0.001,0.014,51.6,47.3,48.8,1
Assam,30.55,720.6,1,2.88,0.702,61.9,5.9,10.8,10.7,15.2,0.067,0.009,39.0,4.9,16.8,0
Meghalaya,30.31,1944.8,1,13.21,0.7,51.7,2.3,6.0,20.5,29.9,0.23,0.046,30.4,6.3,14.8,0
Sikkim,35.54,3282.3,3,1.02,0.75,89.5,0.8,2.2,17.4,26.9,0.076,0.008,66.3,7.0,27.8,0
Assam,13.11,456.7,2,11.01,0.718,3.0,170.7,465.7,99.0,149.2,0.595,0.016,38.6,90.4,72.3,1
Mizoram,44.87,1766.4,1,6.34,0.77,76.1,31.3,66.9,37.0,63.0,0.068,0.014,46.3,23.0,31.2,0
Sikkim,38.62,4117.0,2,2.07,0.675,62.3,5.3,8.9,15.2,19.4,0.066,0.055,74.5,10.0,32.6,0
Arunachal Pradesh,52.54,4080.4,2,7.4,0.581,60.8,19.2,48.5,36.8,45.4,0.089,0.009,76.5,21.7,40.9,0
Manipur,27.4,588.9,1,0.64,0.686,87.5,34.0,92.4,38.6,58.0,0.011,0.024,45.1,26.5,33.0,0
Sikkim,35.14,2881.7,3,0.63,0.421,59.0,50.7,139.2,49.9,73.9,0.071,0.02,71.8,39.4,50.7,0
Mizoram,32.74,2060.8,2,11.96,0.766,71.6,74.7,195.9,81.0,128.6,1.844,0.0,64.6,62.1,63.0,0
Meghalaya,27.57,1892.2,1,0.45,0.616,64.6,46.1,78.5,45.5,62.6,0.026,0.025,46.2,27.3,33.9,0
Arunachal Pradesh,33.54,2467.8,3,0.1,0.718,7.0,1.4,3.2,22.3,27.9,0.011,0.019,62.8,9.1,27.9,0
Mizoram,35.09,1126.5,3,2.22,0.512,11.3,39.7,106.8,43.6,73.3,0.123,0.01,63.5,30.5,42.0,0
Arunachal Pradesh,44.45,2484.9,2,0.49,0.671,33.8,4.1,8.6,8.3,12.1,0.047,0.039,74.4,5.8,29.8,0
Sikkim,23.08,3013.9,2,8.95,0.77,67.6,37.4,95.2,51.6,66.1,0.123,0.004,57.8,34.8,42.9,0
Meghalaya,19.88,933.6,3,11.52,0.706,2.6,21.2,32.8,36.9,65.5,0.022,0.036,34.4,23.2,27.1,0
Meghalaya,28.51,2048.6,2,2.96,0.334,77.3,15.2,37.7,33.4,58.9,0.018,0.109,75.1,17.4,37.6,0
Nagaland,34.01,1131.6,2,2.49,0.415,20.3,29.6,44.1,32.5,42.1,0.02,0.012,69.0,20.4,37.4,0
Nagaland,41.28,820.1,2,3.48,0.624,56.0,21.6,47.0,38.4,64.6,0.027,0.012,78.9,18.2,39.5,0
Nagaland,32.4,830.6,2,1.15,0.548,20.1,79.8,159.6,79.5,121.2,0.024,0.035,68.8,50.7,57.0,0
Arunachal Pradesh,35.9,4182.8,2,1.59,0.796,17.6,81.9,135.7,62.8,86.5,0.021,0.016,65.4,40.6,49.3,1
Arunachal Pradesh,42.93,1918.7,2,0.48,0.608,33.4,6.6,13.3,22.8,32.7,0.003,0.01,79.2,10.7,34.7,0
Meghalaya,25.9,1556.1,1,2.66,0.527,92.2,81.6,196.5,73.8,131.3,0.042,0.011,45.2,61.7,55.9,0
Assam,20.5,626.4,3,4.26,0.718,23.8,12.6,31.0,38.4,53.8,0.106,0.002,44.7,13.0,24.1,0
Nagaland,31.09,920.6,1,11.98,0.786,4.9,1.5,4.0,5.0,6.6,0.005,0.014,23.9,2.5,10.0,0
Manipur,20.95,929.4,2,6.05,0.728,88.2,22.0,52.3,31.9,47.2,0.027,0.004,56.5,16.8,30.7,0
Sikkim,47.99,3974.9,2,5.78,0.642,43.9,76.9,215.0,87.7,137.6,0.302,0.024,72.9,60.3,64.7,1
Meghalaya,20.76,1877.5,3,1.66,0.767,62.1,25.4,45.8,25.3,34.7,0.031,0.032,51.7,20.3,31.3,0
Meghalaya,31.47,1170.0,2,9.86,0.761,88.6,28.6,46.2,20.4,33.9,0.039,0.013,62.0,14.1,30.9,0
Arunachal Pradesh,44.41,3617.5,3,13.21,0.611,75.6,76.8,117.9,66.5,103.9,0.011,0.008,57.1,45.5,49.5,1
Arunachal Pradesh,42.32,2239.9,1,12.11,0.716,79.7,55.9,123.9,55.3,97.1,0.142,0.019,44.4,40.0,41.5,0
Assam,10.82,542.1,2,0.18,0.629,48.0,19.0,35.7,28.2,39.3,0.019,0.0,52.3,17.3,29.6,0
Sikkim,23.25,1951.9,3,4.17,0.666,68.7,58.7,98.9,40.8,65.2,0.018,0.017,56.4,30.1,39.3,0
Sikkim,43.74,2935.6,3,4.64,0.599,96.4,23.8,40.4,40.2,69.5,0.031,0.023,69.2,25.1,40.5,0
Arunachal Pradesh,12.7,3713.7,2,1.57,0.571,89.0,33.7,63.5,28.1,33.8,0.004,0.005,59.6,23.1,35.9,0
Assam,10.59,696.8,2,21.97,0.647,61.2,40.1,94.6,47.7,71.4,0.197,0.031,42.3,31.7,35.4,0
Meghalaya,32.71,1916.2,1,1.55,0.701,8.5,9.9,22.1,42.3,64.8,0.033,0.02,41.5,18.9,26.8,0
Mizoram,39.69,1005.7,2,1.1,0.716,98.0,15.7,39.3,46.7,70.3,0.029,0.012,78.7,19.9,40.5,0
Manipur,11.8,407.7,2,2.98,0.828,22.5,39.6,73.1,36.9,50.7,0.165,0.001,47.7,23.6,32.0,0
Sikkim,52.6,3805.8,1,1.76,0.787,36.1,77.9,187.0,92.9,116.6,0.522,0.001,55.1,55.8,55.6,0
Mizoram,36.48,2142.0,3,11.6,0.625,14.0,146.5,383.5,99.0,170.2,0.768,0.002,42.6,84.6,69.9,1
Arunachal Pradesh,62.2,2622.2,3,2.61,0.635,16.7,33.4,86.0,34.4,51.8,0.005,0.018,81.4,25.2,44.8,0
Arunachal Pradesh,34.03,1694.4,1,2.38,0.338,79.6,3.5,8.0,19.2,23.9,0.009,0.019,54.6,6.7,23.5,0
Nagaland,41.65,1926.8,2,4.42,0.59,12.8,140.6,364.0,99.0,143.2,0.6,0.02,69.3,86.3,80.3,1
Nagaland,29.44,2049.3,3,0.38,0.482,18.9,24.6,37.4,48.7,63.8,0.165,0.001,59.0,24.2,36.4,0
Sikkim,38.34,1790.0,1,6.36,0.651,17.1,4.9,10.1,6.5,9.0,0.063,0.021,40.2,4.3,16.8,0
Sikkim,32.45,2042.0,2,6.58,0.413,37.0,161.2,289.1,99.0,167.3,0.242,0.01,58.6,86.0,76.4,1
Meghalaya,31.95,1862.0,2,2.89,0.714,69.5,14.8,30.9,31.8,48.1,0.15,0.019,64.9,20.5,36.0,0
Arunachal Pradesh,46.02,1673.8,1,14.03,0.752,64.4,48.1,75.9,61.1,82.0,0.033,0.035,52.5,33.7,40.3,0
Sikkim,52.97,1860.2,2,3.9,0.614,72.5,7.0,10.9,38.6,65.1,0.05,0.001,87.8,13.6,39.5,0
Arunachal Pradesh,30.86,2379.7,3,5.35,0.771,72.7,57.2,88.9,42.9,56.5,0.212,0.038,50.3,39.0,43.0,0
Sikkim,39.59,4121.4,2,11.62,0.7,0.3,168.4,257.4,99.0,137.7,0.109,0.009,54.1,80.4,71.2,1
Nagaland,28.23,1957.9,2,4.94,0.493,68.5,189.2,393.9,99.0,120.8,3.23,0.017,65.5,99.6,87.6,1
Sikkim,40.04,2899.3,2,2.54,0.325,68.5,66.7,104.5,63.7,112.9,0.093,0.03,78.9,44.4,56.5,0
Arunachal Pradesh,47.38,2596.9,3,0.11,0.689,6.2,65.9,169.7,85.1,123.4,0.745,0.025,71.5,54.2,60.3,1
Meghalaya,28.78,878.7,3,5.86,0.756,42.7,129.7,233.6,94.0,122.2,1.165,0.0,56.6,74.6,68.3,1
Manipur,22.76,953.1,1,15.07,0.498,7.9,72.8,199.4,86.0,129.6,0.312,0.012,26.5,55.9,45.6,0
Sikkim,30.38,3384.1,3,2.86,0.585,19.1,18.2,40.0,13.6,17.2,0.029,0.033,50.9,13.3,26.5,0
Arunachal Pradesh,48.17,3708.3,1,1.87,0.368,49.0,23.1,52.9,35.2,61.2,0.07,0.005,61.0,20.7,34.8,1
Sikkim,44.74,3671.8,1,3.3,0.778,1.2,18.8,42.8,36.4,45.0,0.064,0.048,43.6,22.8,30.1,0
Nagaland,26.78,1149.1,2,5.87,0.618,9.5,65.5,122.2,72.9,114.6,0.002,0.013,57.0,46.7,50.3,0
Meghalaya,26.63,2038.1,2,0.1,0.375,8.5,74.5,195.1,74.3,128.9,0.041,0.034,66.8,55.8,59.7,0
Nagaland,42.12,1153.0,2,9.82,0.509,12.5,109.2,304.5,94.8,127.9,0.013,0.039,64.6,73.4,70.3,1
Assam,32.6,889.7,2,9.79,0.635,5.0,169.0,274.9,99.0,124.6,0.288,0.005,54.3,84.7,74.1,1
Nagaland,27.06,1534.5,1,3.51,0.74,61.2,148.0,309.2,99.0,146.4,0.014,0.057,36.6,86.9,69.3,0
Mizoram,38.66,1234.3,2,0.59,0.83,17.9,145.1,305.4,99.0,153.9,0.256,0.029,72.6,84.5,80.3,1
Meghalaya,29.71,911.2,2,5.01,0.72,86.3,124.4,310.5,99.0,136.0,0.785,0.011,70.2,81.3,77.4,1
Arunachal Pradesh,50.31,1583.1,2,0.67,0.535,88.5,176.8,354.2,99.0,138.1,0.134,0.036,92.6,86.2,88.4,1
Tripura,18.33,627.3,1,3.19,0.575,69.1,106.7,250.5,78.7,124.6,0.248,0.002,32.5,64.4,53.3,0
Sikkim,44.0,2273.5,1,0.44,0.678,6.5,43.6,82.9,58.7,104.9,0.001,0.002,53.9,34.0,41.0,0
Arunachal Pradesh,39.32,2252.9,3,4.0,0.505,89.2,178.8,265.8,99.0,144.0,0.36,0.032,62.8,87.7,79.0,1
Mizoram,18.01,1830.9,3,1.72,0.656,41.9,23.3,47.6,36.2,53.1,0.021,0.007,48.0,17.3,28.1,0
Sikkim,30.93,3232.7,1,8.0,0.794,18.1,239.7,588.8,99.0,170.5,0.933,0.042,30.4,94.5,72.1,1
Mizoram,36.8,2092.2,1,7.24,0.427,77.9,67.1,154.7,71.4,102.4,0.09,0.001,45.3,42.3,43.4,0
Mizoram,35.88,1403.3,2,29.18,0.608,34.7,16.6,35.5,26.3,36.8,0.004,0.004,54.6,14.0,28.2,0
Meghalaya,34.0,1943.7,3,1.34,0.6,50.6,40.9,109.6,65.5,97.0,0.048,0.028,55.5,37.2,43.6,0
Nagaland,44.63,1467.5,2,0.29,0.588,74.3,2.4,4.9,22.5,27.6,0.127,0.045,86.3,12.5,38.4,1
Sikkim,45.43,1681.4,3,2.63,0.771,10.1,7.1,13.6,14.5,25.3,0.015,0.021,60.4,10.0,27.6,0
Meghalaya,37.15,1086.9,2,0.39,0.747,17.0,272.9,533.5,99.0,124.6,0.306,0.055,68.4,89.5,82.1,1
Meghalaya,17.92,862.1,3,0.88,0.677,96.9,0.4,1.1,5.0,8.7,0.033,0.012,53.8,0.4,19.1,0
Mizoram,38.5,1316.8,1,4.09,0.604,71.4,10.2,19.0,27.3,48.1,0.121,0.034,46.7,14.9,26.0,0
Nagaland,21.62,1042.4,3,4.04,0.641,23.1,6.7,15.4,35.9,62.2,0.016,0.006,47.6,19.7,29.5,0
Sikkim,37.95,2872.7,2,0.2,0.695,57.4,54.0,104.8,58.3,73.0,0.022,0.08,83.5,40.5,55.6,0
Mizoram,21.69,1622.3,3,2.63,0.578,18.8,5.0,11.1,28.0,42.7,0.119,0.009,46.9,11.4,23.8,0
Arunachal Pradesh,42.14,3930.9,2,3.4,0.781,86.5,128.4,221.0,82.7,116.8,0.141,0.053,73.6,67.4,69.6,1
Assam,26.91,934.5,2,1.4,0.781,44.9,204.6,343.3,99.0,129.0,0.471,0.005,61.2,93.1,82.0,1
Sikkim,37.27,1749.5,3,9.25,0.706,80.7,92.8,200.1,87.0,132.6,2.031,0.002,59.6,64.6,62.8,0
Nagaland,31.62,1623.3,3,0.79,0.486,97.2,20.0,35.5,37.8,46.3,0.051,0.009,64.8,21.6,36.7,0
Arunachal Pradesh,30.21,2649.9,2,1.32,0.82,98.1,4.8,7.3,37.2,51.4,0.016,0.0,72.3,11.3,32.6,0
Arunachal Pradesh,47.62,1505.6,2,0.77,0.639,13.8,51.0,90.3,45.4,68.8,0.025,0.001,81.1,31.5,48.9,0
Meghalaya,22.25,2155.3,3,0.56,0.696,94.5,217.0,423.8,99.0,177.1,1.309,0.054,58.7,98.0,84.2,1
Manipur,20.93,198.1,3,9.5,0.653,27.0,165.4,305.3,99.0,149.5,0.739,0.059,34.9,88.9,70.0,0
Meghalaya,31.3,1133.3,1,1.46,0.592,36.0,6.3,14.1,32.6,45.3,0.014,0.0,45.6,10.5,22.8,0
Assam,22.29,426.5,2,5.77,0.629,6.3,41.3,78.4,50.5,77.3,0.029,0.001,56.2,28.3,38.0,0
Meghalaya,37.73,2141.6,3,2.51,0.842,64.6,25.3,42.3,20.5,25.3,0.082,0.013,60.6,18.4,33.1,0
Meghalaya,30.9,1602.7,2,4.55,0.802,64.4,7.7,20.5,30.0,50.6,0.022,0.003,67.4,10.7,30.5,0
Arunachal Pradesh,45.96,4112.3,3,11.85,0.574,77.7,74.2,164.0,68.9,120.0,0.012,0.019,61.1,49.0,53.2,0
Nagaland,31.75,1986.3,3,8.38,0.773,94.6,134.6,231.4,97.9,119.8,2.333,0.049,49.3,79.4,68.9,1
Sikkim,40.93,2315.3,3,0.32,0.363,42.8,150.4,280.4,99.0,131.1,0.638,0.046,71.3,84.8,80.1,1
Manipur,13.54,288.3,3,8.4,0.671,40.7,4.0,8.8,21.9,26.8,0.01,0.024,34.4,6.1,16.0,0
Manipur,17.53,691.2,3,2.71,0.613,63.9,12.3,19.4,22.3,38.8,0.026,0.021,53.0,9.5,24.7,0
Assam,10.56,462.6,3,1.94,0.759,66.7,79.1,153.3,64.7,78.4,0.009,0.014,41.3,46.4,44.6,0
Meghalaya,32.44,1322.5,3,5.02,0.758,44.5,22.6,37.6,22.9,27.7,0.104,0.01,52.4,17.1,29.5,0
Mizoram,37.3,1279.7,1,13.5,0.782,91.9,29.1,55.5,45.0,69.4,0.008,0.061,38.5,29.0,32.4,0
Nagaland,30.57,1735.1,1,0.44,0.527,5.2,42.5,85.5,67.7,88.8,0.104,0.027,46.5,33.7,38.2,0
Arunachal Pradesh,37.2,3335.7,2,6.58,0.633,75.6,23.6,51.3,37.8,66.3,0.009,0.042,70.1,21.6,38.6,0
Mizoram,34.8,1214.3,3,1.02,0.72,20.8,1.6,2.3,40.7,68.7,0.004,0.034,53.3,18.1,30.4,0
Arunachal Pradesh,42.34,4144.0,2,2.15,0.83,49.5,41.7,98.8,57.8,76.8,0.003,0.089,73.0,36.9,49.5,0
Meghalaya,20.73,1434.4,1,9.32,0.668,85.1,117.8,315.3,99.0,145.1,0.536,0.027,25.4,79.0,60.3,1
Arunachal Pradesh,32.98,3236.9,2,3.55,0.647,33.0,280.0,510.4,99.0,168.9,0.908,0.014,65.8,91.0,82.2,1
Arunachal Pradesh,25.42,2898.7,3,0.31,0.527,90.0,52.8,81.5,45.2,54.7,0.029,0.067,62.5,34.7,44.4,0
Sikkim,34.71,3169.1,3,3.19,0.494,45.1,82.7,220.1,98.1,145.7,2.697,0.057,61.5,74.7,70.1,1
Meghalaya,42.98,922.6,3,7.02,0.428,70.3,139.0,277.5,99.0,146.1,0.461,0.002,64.4,82.1,75.9,1
Mizoram,37.4,2055.2,2,3.39,0.761,72.3,2.9,7.0,31.8,56.0,0.02,0.002,74.4,10.3,32.7,0
Arunachal Pradesh,37.93,2410.9,2,0.82,0.525,26.1,7.2,16.4,14.1,19.8,0.083,0.008,77.7,4.6,30.2,0
Meghalaya,45.24,1276.0,2,2.65,0.563,90.1,227.2,590.0,99.0,131.4,0.102,0.032,80.2,87.7,85.1,1
Arunachal Pradesh,40.55,1675.2,2,11.62,0.535,12.5,97.2,202.5,82.0,114.2,0.997,0.034,63.0,61.5,62.0,1
Meghalaya,49.64,808.2,2,4.83,0.718,59.0,0.2,0.5,25.9,35.6,0.007,0.022,77.2,6.2,31.0,0
Mizoram,32.94,933.8,2,5.89,0.594,92.9,130.7,191.6,77.5,131.0,0.014,0.03,68.9,63.5,65.4,0
Meghalaya,27.84,1557.5,1,6.94,0.663,3.1,107.3,151.7,52.0,83.8,0.049,0.039,30.5,50.4,43.4,0
Nagaland,23.98,1211.4,2,0.43,0.759,53.1,27.9,69.6,32.7,47.9,0.062,0.006,61.8,20.7,35.1,0
Sikkim,43.56,1891.6,1,3.92,0.766,24.6,94.9,235.2,91.7,157.2,0.239,0.004,46.1,65.5,58.7,1
Nagaland,29.22,1493.6,1,2.12,0.618,19.2,15.4,24.8,19.4,30.2,0.06,0.014,38.6,13.5,22.3,0
Meghalaya,32.93,1804.1,2,0.67,0.287,23.4,39.4,89.2,54.6,69.6,0.179,0.022,76.6,29.5,45.9,0
Meghalaya,35.37,1403.7,1,1.02,0.448,90.3,18.3,34.2,32.2,51.8,0.011,0.025,50.5,16.8,28.6,0
Mizoram,26.14,1447.0,2,6.84,0.791,42.6,5.4,9.1,10.0,13.6,0.002,0.001,54.1,3.0,20.9,0
Arunachal Pradesh,40.41,3971.4,2,0.79,0.731,23.6,20.0,54.2,36.6,59.0,0.025,0.013,74.3,25.0,42.2,0
Mizoram,30.68,1445.5,2,1.69,0.583,92.8,8.5,23.1,19.0,28.7,0.039,0.012,75.0,7.3,31.0,0
Mizoram,22.0,1935.1,3,1.51,0.568,32.2,118.9,279.0,99.0,163.5,0.224,0.001,50.8,70.5,63.6,1
Sikkim,42.57,2486.7,2,0.22,0.473,72.3,192.0,536.2,99.0,147.5,0.004,0.011,87.7,88.3,88.1,1
Arunachal Pradesh,43.72,1694.5,2,2.79,0.398,53.7,136.4,224.8,99.0,171.3,0.164,0.066,77.4,75.0,75.8,1
Arunachal Pradesh,49.34,3397.4,3,6.53,0.672,67.9,137.3,351.5,99.0,140.4,0.645,0.002,67.6,85.4,79.2,1
Assam,13.3,968.5,2,0.1,0.813,18.3,5.7,12.4,30.0,41.4,0.061,0.004,47.4,9.0,22.4,0
Mizoram,46.9,1554.9,1,0.54,0.449,67.9,5.0,8.2,5.0,6.7,0.129,0.006,61.3,0.0,21.4,0
Arunachal Pradesh,31.67,1906.7,2,5.73,0.634,90.6,5.4,12.2,5.0,7.6,0.049,0.013,65.1,7.1,27.4,0
Sikkim,56.77,4067.0,2,4.05,0.49,10.1,15.7,43.8,29.8,41.0,0.054,0.013,81.6,19.0,40.9,0
Mizoram,18.62,1313.2,2,5.65,0.456,32.7,122.8,210.2,85.2,139.0,0.226,0.013,51.8,64.6,60.1,0
Nagaland,32.24,1139.5,1,1.18,0.632,97.3,118.1,242.7,99.0,133.3,0.572,0.032,51.8,73.0,65.6,1
Arunachal Pradesh,41.25,2017.5,3,7.33,0.763,22.5,28.6,44.0,33.1,50.0,0.02,0.029,54.1,21.2,32.7,0
Sikkim,36.74,1559.2,1,2.94,0.474,6.0,9.1,16.1,24.1,37.9,0.055,0.029,45.6,8.2,21.3,0
Manipur,13.22,500.5,3,4.24,0.546,5.5,91.5,166.1,76.4,113.7,0.032,0.016,42.1,50.1,47.3,0
Arunachal Pradesh,34.0,2777.4,3,0.44,0.502,27.5,154.8,341.1,99.0,121.3,0.711,0.02,69.1,86.7,80.5,1
Arunachal Pradesh,40.72,2272.8,3,1.03,0.45,49.5,1.8,2.7,29.0,40.7,0.035,0.002,68.1,8.8,29.6,0
Assam,33.9,562.6,3,6.68,0.609,26.9,11.2,29.5,36.0,61.3,0.001,0.02,41.8,15.6,24.8,0
Mizoram,24.4,1962.3,1,1.14,0.417,28.1,67.5,185.1,74.6,121.2,0.056,0.005,41.5,49.7,46.8,0
Sikkim,32.87,3638.6,3,0.44,0.453,83.1,18.8,44.1,27.8,49.9,0.042,0.02,69.9,14.8,34.1,0
Arunachal Pradesh,26.77,2925.8,1,4.09,0.641,76.7,9.3,21.7,12.8,17.6,0.039,0.064,38.7,13.2,22.1,0
Arunachal Pradesh,34.69,3534.1,3,3.57,0.578,31.1,9.9,18.0,38.5,67.7,0.129,0.014,53.3,16.7,29.5,0
Sikkim,37.31,4124.9,2,4.21,0.691,34.5,188.2,498.7,99.0,144.1,0.414,0.0,66.9,89.3,81.5,1
Manipur,26.06,565.2,2,4.33,0.758,97.0,7.2,18.4,27.9,34.8,0.003,0.001,62.8,12.5,30.1,0
Sikkim,40.9,2125.5,3,3.12,0.657,95.0,106.1,166.2,74.5,105.5,0.042,0.001,67.9,57.7,61.2,0
Nagaland,42.59,1772.6,1,3.06,0.468,97.3,3.8,9.1,13.6,18.0,0.019,0.019,61.4,7.5,26.3,0
Manipur,19.78,989.2,1,11.61,0.834,93.9,93.4,147.1,76.9,105.4,0.015,0.001,29.3,52.6,44.4,0
Sikkim,14.7,2274.2,2,3.43,0.709,62.8,31.8,55.1,38.1,53.4,0.114,0.014,52.1,20.2,31.3,0
Arunachal Pradesh,41.3,2787.5,3,4.32,0.657,30.8,42.2,107.6,37.5,51.9,0.144,0.002,60.6,24.0,36.8,0
Meghalaya,20.25,1112.3,2,1.4,0.472,96.9,12.7,26.3,33.2,40.5,0.002,0.011,72.2,11.9,33.0,0
Manipur,25.85,348.8,2,9.22,0.75,74.3,103.0,209.6,81.7,112.5,0.758,0.022,56.3,63.8,61.1,1
Nagaland,31.75,880.3,3,0.11,0.644,71.1,39.8,69.9,35.0,54.5,0.081,0.051,70.9,23.6,40.2,0
Arunachal Pradesh,32.52,3439.9,1,3.67,0.825,79.8,50.7,114.8,48.1,80.1,0.07,0.002,38.5,30.7,33.4,0
Mizoram,23.6,1562.8,2,2.18,0.758,59.8,36.6,58.5,31.8,38.3,0.011,0.026,62.8,20.8,35.5,0
Meghalaya,28.42,2163.3,3,4.17,0.68,58.3,6.0,15.1,30.3,38.2,0.024,0.018,59.5,7.4,25.6,0
Manipur,19.51,799.2,2,2.01,0.718,36.1,81.4,174.8,71.9,113.1,0.05,0.046,58.6,57.7,58.0,0
Arunachal Pradesh,54.47,3491.2,2,5.69,0.656,15.1,9.1,23.6,28.5,35.5,0.118,0.024,74.5,13.1,34.6,0
Meghalaya,30.84,2002.4,1,0.1,0.715,43.9,15.5,32.5,41.2,49.9,0.014,0.009,46.0,17.8,27.6,0
Manipur,21.32,370.9,1,2.34,0.73,51.7,139.4,252.3,99.0,137.5,0.007,0.034,38.4,75.8,62.7,0
Sikkim,37.06,4002.5,1,8.01,0.452,87.8,95.6,135.4,72.0,116.3,0.007,0.014,49.0,52.3,51.2,0
Meghalaya,33.56,2149.3,2,1.3,0.799,40.2,121.9,240.9,99.0,169.5,1.137,0.007,73.3,77.7,76.2,1
Arunachal Pradesh,39.37,2819.1,1,0.24,0.608,88.3,6.0,16.3,10.9,16.6,0.058,0.029,55.5,5.1,22.7,0
Sikkim,37.85,2986.1,2,3.09,0.834,31.8,49.5,127.3,69.4,103.0,0.195,0.01,69.1,39.6,49.9,0
Sikkim,32.26,2318.1,1,16.88,0.594,94.5,45.4,126.9,77.3,117.1,0.008,0.025,37.5,46.4,43.3,0
Assam,24.16,187.9,3,0.3,0.679,3.9,53.9,87.3,53.2,78.1,0.011,0.007,56.5,35.3,42.7,0
Sikkim,28.77,2195.0,3,0.33,0.605,52.5,25.6,58.6,36.4,60.8,0.047,0.029,63.3,27.7,40.2,0
Meghalaya,35.44,2043.4,2,4.07,0.651,32.2,172.1,273.2,99.0,155.6,1.974,0.067,65.1,96.4,85.4,1
Mizoram,37.0,1356.6,2,1.29,0.744,29.4,238.9,637.1,99.0,127.4,0.877,0.055,73.5,95.5,87.8,1
Arunachal Pradesh,22.21,1699.9,3,2.38,0.677,7.9,76.5,144.3,97.9,172.6,0.336,0.009,46.9,59.2,54.9,1
Meghalaya,23.79,2054.0,2,7.99,0.748,68.1,126.6,335.6,99.0,130.0,2.378,0.007,57.0,87.5,76.8,1
Nagaland,19.76,1254.2,3,1.0,0.691,39.3,9.1,15.3,5.0,6.5,0.057,0.009,45.7,1.4,16.9,0
Manipur,27.69,783.1,1,5.72,0.6,94.9,185.6,301.2,99.0,140.6,0.416,0.002,37.4,93.3,73.7,1
Mizoram,28.17,1917.6,3,3.16,0.59,71.2,47.1,77.7,52.1,74.1,0.025,0.001,63.1,28.7,40.8,0
Mizoram,40.53,1512.1,2,10.59,0.263,44.3,6.6,16.4,16.5,20.6,0.058,0.016,63.6,12.8,30.6,0
Arunachal Pradesh,35.02,2249.8,1,16.25,0.663,62.7,134.2,350.1,99.0,124.6,1.494,0.106,35.2,89.9,70.8,1
Assam,13.92,230.5,3,2.99,0.72,6.6,35.0,51.0,37.1,66.2,0.102,0.036,39.1,22.6,28.4,0
Arunachal Pradesh,31.85,1998.1,3,3.95,0.755,58.9,31.5,50.7,38.1,48.5,0.029,0.01,49.5,23.2,32.4,0
Nagaland,32.99,1976.7,2,6.16,0.711,66.6,23.7,33.3,27.9,49.5,0.029,0.028,60.4,21.8,35.3,0
Sikkim,43.98,1995.6,3,1.73,0.591,10.6,138.7,205.9,87.5,141.3,1.455,0.037,59.3,76.5,70.5,1
Assam,20.09,160.4,1,1.16,0.626,68.2,8.5,13.0,50.6,67.4,0.021,0.014,39.2,20.6,27.1,1
Mizoram,38.55,997.8,2,15.05,0.635,47.4,13.3,24.1,20.7,29.9,0.15,0.002,62.2,11.9,29.5,0
Nagaland,30.68,1233.0,1,2.55,0.608,48.0,30.5,51.9,26.1,34.9,0.004,0.02,37.6,21.0,26.8,0
Arunachal Pradesh,37.33,1661.8,1,0.1,0.438,72.4,3.0,6.9,16.3,21.9,0.001,0.009,56.4,9.1,25.7,0
Meghalaya,26.52,2192.1,3,8.18,0.621,45.0,175.8,491.6,99.0,157.3,0.7,0.001,44.5,91.7,75.2,1
Mizoram,25.82,1129.8,2,4.12,0.635,23.4,77.8,181.0,83.0,116.3,2.313,0.026,61.5,57.6,59.0,0
Nagaland,37.43,2003.1,1,0.83,0.425,29.8,8.6,12.1,13.6,23.3,0.003,0.004,53.8,8.3,24.2,0
Arunachal Pradesh,28.79,2545.0,2,0.14,0.675,73.8,7.1,11.3,17.3,26.2,0.01,0.02,69.9,11.1,31.6,0
Assam,17.88,277.3,1,1.55,0.517,7.1,87.5,135.9,68.7,93.2,0.011,0.015,34.5,45.4,41.6,0
Manipur,24.97,396.7,2,11.83,0.396,84.1,7.9,15.6,9.3,11.3,0.037,0.011,57.5,5.8,23.9,0
Sikkim,24.44,3316.8,1,12.2,0.696,58.2,161.0,288.1,99.0,154.0,0.728,0.009,26.3,84.6,64.2,0
Nagaland,41.19,1131.7,3,1.68,0.771,72.7,4.8,13.2,29.9,52.7,0.012,0.002,69.3,9.4,30.4,0
Meghalaya,25.0,1438.2,2,8.13,0.818,34.4,102.3,167.5,79.6,119.6,0.021,0.0,50.4,60.8,57.2,1
Meghalaya,41.22,1580.8,2,2.62,0.75,22.3,31.0,72.3,40.5,61.7,0.015,0.041,72.1,23.0,40.2,0
Sikkim,28.78,3757.1,2,4.78,0.769,80.5,190.5,310.2,99.0,134.8,0.435,0.025,64.2,93.2,83.0,1
Mizoram,37.41,1810.6,2,1.83,0.575,10.2,10.7,23.0,32.4,51.7,0.001,0.0,70.4,19.5,37.3,0
Nagaland,27.98,1020.5,1,3.27,0.636,16.6,90.8,130.3,60.8,91.5,0.04,0.003,45.7,40.1,42.1,1
Sikkim,54.89,2939.7,2,1.57,0.735,28.5,79.2,116.3,40.7,66.3,0.044,0.001,83.8,37.8,53.9,0
Mizoram,30.23,1372.2,2,0.28,0.715,35.1,1.6,2.3,39.5,50.3,0.056,0.003,65.9,12.1,30.9,0
Mizoram,23.58,1807.9,3,0.68,0.704,20.4,133.3,215.8,89.1,119.3,0.661,0.02,44.6,72.0,62.4,0
Mizoram,35.45,1256.6,1,1.55,0.677,91.3,9.2,12.9,29.8,50.6,0.029,0.001,52.7,13.4,27.2,0
Arunachal Pradesh,34.0,2698.8,3,16.83,0.538,2.7,36.5,76.3,47.4,84.4,0.003,0.014,41.0,32.7,35.6,0
Manipur,23.59,377.2,1,15.17,0.729,80.3,92.0,178.7,99.0,167.4,0.132,0.019,26.3,60.5,48.5,0
Meghalaya,41.09,1340.7,1,7.91,0.711,41.1,215.1,319.9,99.0,145.3,0.043,0.001,40.2,92.6,74.3,1
Sikkim,44.83,2398.1,1,1.19,0.363,83.6,9.2,13.8,36.3,45.1,0.005,0.018,63.2,12.4,30.2,0
Sikkim,24.01,3459.4,1,2.62,0.811,79.6,126.3,313.7,99.0,170.8,0.448,0.014,36.8,77.9,63.5,1
Meghalaya,24.28,1234.4,2,2.61,0.648,12.1,144.5,207.3,74.4,125.4,0.008,0.002,56.8,64.0,61.5,0
Manipur,21.49,299.3,3,2.2,0.553,66.6,108.0,290.4,99.0,175.8,1.31,0.014,51.9,69.6,63.4,1
Sikkim,41.01,2868.3,1,0.21,0.719,37.8,66.6,127.8,78.1,112.9,0.002,0.007,55.6,46.8,49.9,1
Nagaland,15.0,1856.3,2,3.44,0.692,82.1,110.3,176.6,72.1,116.4,0.028,0.011,58.1,59.3,58.9,0
Arunachal Pradesh,27.01,3350.0,2,0.34,0.631,85.1,143.2,373.2,99.0,128.2,0.441,0.014,76.2,83.8,81.2,1
Meghalaya,24.88,1927.7,2,7.29,0.695,18.9,127.2,241.2,82.1,143.6,1.109,0.001,54.6,73.0,66.6,1
Tripura,28.32,895.4,2,5.29,0.585,47.9,76.8,168.9,83.5,135.2,2.274,0.025,66.9,62.8,64.2,0
Nagaland,27.22,1873.5,3,1.96,0.833,59.4,17.9,37.4,38.1,62.2,0.047,0.02,53.9,19.6,31.6,0
Arunachal Pradesh,43.91,3552.1,1,4.69,0.45,54.4,18.6,41.7,30.3,48.7,0.051,0.003,53.1,19.1,31.0,0
Meghalaya,39.89,2171.2,3,1.19,0.481,25.2,19.9,32.8,23.8,38.8,0.188,0.005,72.1,12.0,33.0,0
Sikkim,31.9,2744.4,2,1.39,0.583,27.2,40.0,78.2,42.9,55.4,0.016,0.001,71.2,30.5,44.8,0
Sikkim,37.03,1625.4,2,1.7,0.664,85.8,71.3,129.4,54.8,88.0,0.005,0.009,75.8,35.2,49.4,0
Nagaland,36.89,1233.5,2,7.18,0.778,3.3,25.6,63.6,44.8,64.4,0.093,0.026,67.0,16.8,34.4,0
Nagaland,20.42,1759.6,2,1.06,0.644,26.2,3.2,7.9,33.6,47.1,0.177,0.014,60.5,9.7,27.5,0
Sikkim,35.39,3930.4,1,3.72,0.459,22.3,20.0,55.7,48.9,66.2,0.042,0.019,42.6,26.0,31.8,0
Assam,27.46,171.9,1,1.01,0.8,37.1,49.4,138.3,82.5,141.7,0.068,0.011,40.2,50.4,46.9,0
Mizoram,34.3,1250.8,2,1.51,0.593,68.6,162.1,249.0,99.0,162.7,1.794,0.015,79.9,85.6,83.6,1
Sikkim,40.89,2306.5,3,1.21,0.683,53.2,17.1,35.1,20.7,28.6,0.094,0.01,66.1,11.3,30.5,0
Meghalaya,38.59,1964.3,1,4.66,0.317,54.1,13.4,32.7,12.8,16.2,0.112,0.0,45.3,8.7,21.5,0
Mizoram,27.88,1261.6,3,3.37,0.654,73.1,158.5,370.9,99.0,144.1,1.195,0.034,52.9,88.9,76.3,1
Meghalaya,24.65,1456.3,2,5.75,0.684,81.2,3.2,6.7,11.9,18.7,0.016,0.054,69.5,4.2,27.1,0
Meghalaya,33.88,2198.3,3,1.12,0.831,16.0,13.4,20.6,19.4,23.4,0.002,0.028,53.4,8.0,23.9,0
Meghalaya,28.37,823.6,2,0.1,0.618,10.8,156.2,321.2,99.0,149.7,1.78,0.063,63.4,91.0,81.3,1
Arunachal Pradesh,33.07,3456.7,1,5.13,0.752,30.1,8.9,24.3,33.0,41.6,0.169,0.017,35.3,13.4,21.1,0
Nagaland,24.45,1907.6,3,0.55,0.702,82.8,6.7,13.5,21.3,35.9,0.018,0.04,55.4,12.7,27.6,0
Meghalaya,35.38,1218.9,1,1.27,0.679,54.2,84.2,121.2,64.9,104.0,0.052,0.015,53.5,47.7,49.8,1
Arunachal Pradesh,36.09,1745.6,2,1.64,0.652,14.3,12.1,23.8,39.8,56.8,0.011,0.027,66.7,17.6,34.8,0
Nagaland,24.59,1168.5,2,6.18,0.733,16.4,13.0,26.7,37.0,49.3,0.002,0.008,52.0,13.0,26.7,0
Assam,26.05,813.3,2,4.42,0.719,89.8,28.0,68.1,36.8,52.7,0.015,0.016,65.0,18.7,34.9,0
Assam,17.79,498.5,3,0.92,0.609,36.7,168.8,290.3,99.0,172.0,0.345,0.018,50.9,87.3,74.6,1
Sikkim,42.32,2420.3,3,4.1,0.656,25.5,9.3,20.5,25.7,31.8,0.159,0.05,63.2,16.5,32.9,0
Arunachal Pradesh,52.13,3459.9,3,5.54,0.43,69.4,36.6,60.0,31.9,55.9,0.013,0.005,71.3,26.2,42.0,0
Meghalaya,38.93,1665.1,3,2.22,0.776,86.1,53.5,121.1,71.2,88.6,0.028,0.065,68.1,43.6,52.2,1
Arunachal Pradesh,50.97,3344.1,2,1.27,0.772,44.2,186.7,397.8,99.0,121.0,1.417,0.05,85.8,95.4,92.0,1
Assam,25.81,246.1,1,5.11,0.546,79.1,101.6,264.5,92.0,121.4,0.53,0.009,36.9,71.7,59.5,1
Arunachal Pradesh,35.43,3886.5,3,4.25,0.531,43.0,280.0,573.2,99.0,127.5,0.341,0.003,56.6,88.9,77.6,1
Sikkim,30.88,3120.1,2,0.37,0.666,69.1,33.8,60.9,28.5,50.1,0.081,0.01,65.0,25.9,39.6,1
Sikkim,35.01,2515.2,1,4.94,0.824,57.5,162.0,347.3,99.0,133.3,0.127,0.016,39.0,85.7,69.3,1
Sikkim,35.59,3305.1,2,3.02,0.719,89.4,46.8,102.2,55.7,94.3,0.027,0.017,75.7,37.1,50.6,1
Nagaland,41.04,1231.6,3,6.3,0.586,32.5,33.9,51.8,20.9,29.1,0.017,0.074,54.2,23.1,34.0,0
Meghalaya,28.54,1649.5,1,0.95,0.438,77.0,91.8,201.9,93.9,121.0,1.092,0.008,45.4,59.5,54.6,0
Arunachal Pradesh,27.08,3273.8,3,1.34,0.474,68.4,152.8,362.5,99.0,143.8,0.754,0.003,59.0,85.4,76.2,1
Sikkim,39.8,3365.9,2,3.53,0.585,83.9,280.0,738.7,99.0,124.6,1.376,0.007,74.8,92.3,86.2,1
Meghalaya,32.24,2104.1,1,2.96,0.669,60.8,64.1,108.8,59.4,92.8,0.005,0.001,43.2,39.0,40.5,0
Arunachal Pradesh,31.27,2919.8,3,2.2,0.562,46.0,29.9,60.9,35.0,45.3,0.061,0.035,61.3,23.6,36.8,0
Mizoram,29.12,1526.6,3,6.17,0.523,4.9,108.4,160.6,68.1,104.6,0.052,0.022,50.5,52.8,52.0,0
Meghalaya,42.94,2159.9,2,3.74,0.84,84.0,36.7,59.9,34.2,45.8,0.048,0.013,72.9,25.2,41.9,0
Mizoram,35.35,2029.6,2,5.57,0.505,91.0,67.6,182.3,60.1,105.3,0.132,0.008,73.3,44.5,54.6,1
Assam,17.97,330.2,2,0.75,0.735,45.0,132.1,358.5,99.0,131.7,0.49,0.012,58.8,82.5,74.2,1
Manipur,15.21,259.1,3,5.88,0.433,22.2,14.0,20.4,33.7,50.0,0.064,0.118,42.3,14.1,24.0,0
Assam,32.91,304.5,1,2.79,0.616,64.7,19.7,42.3,24.9,30.1,0.021,0.0,50.1,11.1,24.8,0
Sikkim,53.35,3422.1,1,0.15,0.608,12.2,213.0,339.2,99.0,126.0,2.37,0.002,55.2,96.4,82.0,1
Arunachal Pradesh,45.59,2904.9,3,1.2,0.739,4.1,42.8,102.1,52.4,67.9,0.08,0.005,63.2,31.7,42.7,0
Sikkim,35.97,2438.6,2,0.12,0.693,29.0,25.0,56.7,40.4,68.6,0.031,0.034,68.9,20.2,37.2,0
Manipur,14.95,189.8,2,2.75,0.774,68.0,113.2,240.4,95.8,150.9,0.605,0.004,58.5,71.9,67.2,1
Tripura,15.15,835.5,3,1.77,0.537,81.4,144.0,306.3,99.0,121.2,0.295,0.083,50.9,82.9,71.7,1
Manipur,18.5,141.1,3,19.7,0.518,15.7,159.3,360.5,99.0,129.5,0.912,0.001,29.9,90.6,69.4,1
Arunachal Pradesh,33.76,3609.7,3,9.13,0.656,94.6,48.0,96.7,51.1,88.0,0.02,0.023,51.2,34.4,40.3,0
Assam,19.79,616.0,2,7.86,0.547,55.2,88.0,213.4,92.5,128.0,0.137,0.006,45.7,62.9,56.9,1
Meghalaya,31.42,1373.4,3,3.13,0.382,92.5,75.3,180.5,87.5,115.9,2.156,0.053,61.5,65.8,64.3,1
Arunachal Pradesh,29.64,3654.0,3,7.4,0.789,15.0,203.1,380.3,99.0,166.1,0.009,0.006,37.3,92.8,73.4,1
Meghalaya,25.33,2163.6,1,1.4,0.751,45.8,21.5,51.7,44.8,64.5,0.071,0.055,37.5,24.7,29.2,0
Arunachal Pradesh,35.21,1598.7,2,3.7,0.451,43.1,116.6,219.2,82.8,123.4,0.947,0.005,68.5,65.3,66.4,1
Meghalaya,31.24,1862.9,1,2.25,0.833,41.2,64.2,142.7,61.9,100.5,0.065,0.012,39.8,41.4,40.8,0
Sikkim,50.4,3383.2,3,0.85,0.377,93.1,93.5,158.5,79.9,139.4,0.019,0.004,83.2,57.5,66.5,1
Meghalaya,33.89,2070.5,3,0.34,0.468,84.9,2.5,4.6,27.4,44.4,0.025,0.003,65.9,10.8,30.1,0
Mizoram,33.62,1465.3,3,3.68,0.729,79.4,78.6,134.0,67.7,97.2,0.022,0.008,59.5,45.3,50.3,0
Manipur,21.86,377.3,1,0.46,0.559,28.6,74.1,206.3,91.7,163.1,0.07,0.004,40.2,59.3,52.6,0
Mizoram,40.14,1654.4,2,5.7,0.717,33.9,51.8,116.8,56.2,85.9,0.023,0.011,67.3,34.3,45.8,0
Meghalaya,59.6,1060.5,1,11.45,0.501,25.9,63.3,148.5,63.2,110.0,0.041,0.009,54.0,43.9,47.4,0
Nagaland,28.0,1668.3,3,0.8,0.666,79.3,35.3,80.8,64.8,112.3,0.012,0.013,62.3,35.0,44.6,0
Manipur,32.29,315.6,2,2.86,0.652,39.3,21.6,31.2,29.3,44.1,0.054,0.028,70.9,17.0,35.9,0
Arunachal Pradesh,26.04,3863.3,1,6.04,0.732,97.9,75.1,180.6,99.0,131.2,3.723,0.028,33.9,73.5,59.7,1
Meghalaya,29.77,1483.1,1,1.52,0.726,36.4,36.4,90.6,47.6,67.7,0.029,0.061,36.5,31.6,33.3,0
Sikkim,28.84,4171.9,2,11.41,0.559,17.0,32.6,61.1,27.1,35.3,0.006,0.002,50.2,15.4,27.6,0
Arunachal Pradesh,43.64,2941.0,2,9.87,0.541,93.0,59.7,132.7,50.4,65.3,0.048,0.007,67.9,39.4,49.4,1
Mizoram,38.71,1185.3,3,0.49,0.732,78.3,9.5,13.7,26.4,45.9,0.032,0.008,71.8,6.9,29.6,0
Manipur,12.3,838.2,2,0.13,0.797,58.3,163.1,276.8,99.0,127.2,0.232,0.013,56.2,82.4,73.3,1
Arunachal Pradesh,47.31,1696.6,2,16.87,0.658,85.8,16.3,27.3,37.7,67.3,0.027,0.014,74.3,16.7,36.9,0
Nagaland,34.34,1287.6,1,14.1,0.615,94.9,1.0,1.7,35.3,48.3,0.039,0.035,39.3,6.8,18.2,0
Manipur,24.94,274.8,2,2.47,0.675,86.1,62.2,120.3,56.6,83.5,0.057,0.016,62.2,41.2,48.6,0
Manipur,27.57,420.6,3,0.23,0.501,90.5,29.0,49.4,30.0,39.4,0.001,0.026,61.8,19.2,34.1,0
Sikkim,43.9,2430.3,2,4.34,0.647,27.1,105.1,180.8,91.5,130.3,1.447,0.017,73.3,64.7,67.7,0
Manipur,11.31,378.1,1,1.56,0.461,51.1,31.2,85.5,33.0,51.4,0.039,0.006,29.2,21.8,24.4,0
Sikkim,34.47,2027.9,3,12.42,0.697,79.5,0.5,0.8,5.0,8.7,0.176,0.1,50.5,7.1,22.3,0
Meghalaya,22.65,2147.6,1,7.12,0.562,52.6,23.6,51.9,41.2,72.7,0.007,0.03,29.8,27.0,28.0,0
Arunachal Pradesh,21.52,2124.6,3,4.72,0.661,64.2,8.4,19.4,19.0,23.5,0.022,0.011,47.3,10.7,23.5,0
Arunachal Pradesh,28.35,3216.5,2,1.51,0.603,92.3,114.3,209.6,81.2,123.3,1.232,0.016,72.8,63.9,67.0,0
Nagaland,29.62,878.0,2,5.44,0.435,29.5,26.6,39.7,35.1,45.0,0.024,0.011,62.2,15.0,31.5,0
Meghalaya,45.63,2085.9,1,1.54,0.713,53.9,138.8,286.3,99.0,127.4,0.347,0.0,53.3,79.8,70.5,1
Sikkim,37.58,3156.9,1,0.17,0.669,56.4,20.5,57.0,46.6,78.9,0.01,0.002,51.4,21.5,31.9,0
Arunachal Pradesh,40.91,2715.8,3,3.2,0.743,36.0,33.2,59.8,35.1,49.0,0.006,0.001,58.3,20.8,33.9,0
Mizoram,28.21,1438.5,3,3.02,0.728,36.8,3.9,5.5,6.9,12.4,0.043,0.008,53.3,1.0,19.3,0
Arunachal Pradesh,36.06,3709.6,2,6.48,0.353,76.9,27.6,69.5,30.7,51.5,0.045,0.043,69.3,21.0,37.9,0
Nagaland,32.34,2033.1,1,9.03,0.679,93.0,131.5,230.5,93.2,142.4,2.47,0.017,43.7,83.2,69.4,1
Arunachal Pradesh,35.61,2087.4,3,1.97,0.572,63.4,144.4,374.0,99.0,120.9,0.036,0.008,66.1,86.8,79.6,1
Arunachal Pradesh,42.7,2188.7,2,2.69,0.694,48.8,22.4,39.4,35.2,43.8,0.067,0.019,76.3,21.0,40.3,0
Sikkim,32.53,2018.4,2,2.86,0.753,75.0,224.1,587.1,99.0,154.8,0.102,0.005,68.2,87.6,80.8,0
Meghalaya,22.19,2023.7,2,1.76,0.665,99.8,34.6,92.8,71.5,121.9,0.009,0.007,67.9,38.7,48.9,0
Sikkim,24.48,3169.8,2,6.12,0.68,8.2,39.9,88.2,46.0,69.4,0.095,0.022,55.0,27.5,37.2,0
Sikkim,45.4,4075.7,2,3.32,0.402,65.2,15.8,40.7,31.8,54.7,0.101,0.005,83.3,14.6,38.6,0
Assam,5.71,201.9,2,11.04,0.496,55.6,29.7,77.6,39.6,57.0,0.03,0.023,39.1,26.5,30.9,0
Mizoram,30.28,869.6,2,4.73,0.767,61.0,2.5,4.7,18.6,32.5,0.006,0.036,66.6,9.3,29.3,0
Arunachal Pradesh,28.63,3268.2,3,1.07,0.466,2.3,96.5,224.1,95.5,165.6,0.584,0.003,56.3,64.0,61.3,1
Meghalaya,36.14,1397.5,2,0.81,0.751,95.6,175.5,394.2,99.0,156.1,0.057,0.004,73.5,86.1,81.7,1
Manipur,19.89,420.8,2,2.1,0.73,8.5,7.9,15.8,15.8,27.5,0.035,0.009,56.9,9.0,25.8,0
Sikkim,38.05,2513.2,2,1.92,0.63,30.7,65.1,160.0,58.0,88.2,0.074,0.002,79.3,42.0,55.0,0
Arunachal Pradesh,38.77,2541.8,3,2.35,0.75,29.8,100.6,207.2,88.6,111.8,0.643,0.016,61.1,63.0,62.3,1
Nagaland,32.39,1414.4,1,0.91,0.478,73.3,1.2,2.2,31.2,51.3,0.004,0.026,55.5,11.2,26.7,0
Mizoram,22.17,1179.1,1,17.22,0.64,67.1,250.5,448.0,99.0,157.0,0.302,0.007,26.6,88.5,66.8,1
Meghalaya,28.58,1512.2,3,0.71,0.626,6.2,9.0,12.6,21.6,34.7,0.028,0.028,55.9,13.6,28.4,0
Arunachal Pradesh,30.53,1657.5,1,4.76,0.66,15.0,18.3,27.6,37.3,45.7,0.031,0.009,35.3,15.7,22.6,0
Arunachal Pradesh,31.88,3371.3,2,0.1,0.732,31.9,29.5,47.1,32.1,40.5,0.001,0.014,66.6,20.9,36.9,1
Mizoram,32.49,886.5,3,2.35,0.447,70.4,134.3,321.3,99.0,178.1,0.359,0.01,61.0,82.2,74.8,1
Arunachal Pradesh,45.46,3257.9,2,1.66,0.6,92.9,39.2,61.2,26.7,44.4,0.022,0.04,83.5,24.3,45.0,0
Meghalaya,37.87,1825.1,1,2.17,0.69,31.5,106.1,181.2,84.0,124.4,1.525,0.039,40.1,67.4,57.9,1
Meghalaya,33.67,991.4,2,3.1,0.419,52.6,187.4,387.2,99.0,158.6,0.305,0.051,74.2,95.1,87.8,1
Sikkim,34.32,2416.7,3,4.13,0.747,37.3,143.5,268.2,99.0,168.3,0.209,0.004,56.9,74.7,68.5,1
Assam,20.03,970.7,2,3.94,0.518,57.7,37.4,93.3,48.1,83.9,0.02,0.014,55.8,29.8,38.9,0
Manipur,24.18,180.0,3,4.48,0.516,62.8,4.8,7.3,38.3,65.6,0.081,0.026,49.8,14.7,27.0,0
Nagaland,26.92,1682.3,3,8.38,0.476,51.8,5.6,15.5,30.6,46.6,0.013,0.014,49.9,11.4,24.9,0
Arunachal Pradesh,37.68,1712.5,2,9.8,0.495,38.9,5.5,14.1,30.4,53.1,0.035,0.027,62.9,18.7,34.2,0
Arunachal Pradesh,33.33,3521.6,3,6.01,0.67,88.0,128.9,270.4,93.3,156.2,0.132,0.014,60.7,77.6,71.7,1
Meghalaya,26.82,1029.5,2,0.37,0.657,80.2,7.4,11.6,34.2,42.5,0.033,0.029,70.9,11.9,32.6,0
Arunachal Pradesh,37.18,4144.5,2,14.63,0.538,99.8,19.6,30.1,35.3,44.5,0.364,0.008,64.8,20.8,36.2,0
Tripura,17.43,199.3,2,13.25,0.727,41.3,3.4,5.5,12.6,20.6,0.038,0.013,45.6,8.2,21.3,0
Arunachal Pradesh,40.22,2342.8,1,5.6,0.667,3.9,0.3,0.5,16.8,28.7,0.011,0.011,39.4,8.2,19.1,0
Meghalaya,29.1,1804.2,2,3.28,0.838,65.1,5.4,13.2,5.0,7.3,0.067,0.003,62.6,3.0,23.8,0
Sikkim,36.41,2216.3,2,1.3,0.614,78.3,123.7,341.7,99.0,164.2,2.12,0.054,73.1,89.1,83.5,1
Mizoram,22.17,1432.1,2,6.35,0.781,93.7,33.6,82.5,42.9,70.7,0.049,0.005,55.3,28.2,37.7,0
Arunachal Pradesh,44.34,2892.6,2,9.46,0.616,1.0,25.7,63.6,52.4,77.7,0.022,0.0,59.1,24.8,36.8,0
Meghalaya,37.37,2099.7,3,4.92,0.574,88.0,30.1,81.9,52.6,75.9,0.015,0.023,60.9,28.8,40.0,0
Sikkim,30.52,3157.3,2,4.46,0.472,51.7,36.4,56.0,38.2,47.6,0.012,0.008,66.8,18.8,35.6,0
Manipur,15.2,659.2,3,0.96,0.796,37.5,5.1,7.9,36.8,65.8,0.004,0.009,44.1,11.3,22.8,0
Arunachal Pradesh,39.04,2511.0,3,1.99,0.751,22.2,39.6,105.0,55.1,72.9,0.021,0.059,63.8,34.1,44.5,0
Manipur,16.91,772.7,2,5.78,0.574,81.4,80.9,175.6,68.4,88.2,0.004,0.078,58.7,50.1,53.1,0
Nagaland,33.6,802.4,2,0.1,0.504,36.4,190.1,332.2,99.0,123.6,0.279,0.001,77.5,90.0,85.7,1
Sikkim,49.49,3218.2,2,4.61,0.791,60.5,96.6,162.2,60.2,90.7,0.012,0.001,80.1,49.2,60.0,1
Nagaland,26.15,1450.5,3,6.55,0.668,51.2,144.0,324.0,99.0,122.8,0.246,0.028,53.0,85.7,74.3,1
Arunachal Pradesh,45.05,4107.5,1,1.83,0.731,26.3,78.7,180.3,85.1,146.9,0.026,0.062,49.5,57.1,54.4,1
Assam,14.04,289.8,2,0.36,0.63,78.8,48.9,120.4,62.6,82.7,0.041,0.004,61.2,39.3,47.0,0
Meghalaya,26.93,1582.3,1,7.69,0.705,29.8,41.6,96.0,45.6,79.8,0.075,0.06,28.9,34.1,32.3,0
Sikkim,39.11,2319.0,2,0.69,0.623,78.7,40.0,96.3,37.9,65.0,0.02,0.005,79.9,26.2,45.0,0
Sikkim,42.6,3224.1,2,2.08,0.597,41.0,5.7,13.7,28.9,35.4,0.017,0.025,74.9,13.7,35.1,0
Arunachal Pradesh,49.19,1930.5,1,5.53,0.628,3.0,46.2,68.0,47.2,72.9,0.006,0.001,49.8,29.6,36.7,0
Tripura,30.17,671.1,2,7.64,0.649,76.7,22.9,54.9,27.7,36.2,0.001,0.006,63.6,16.7,33.1,0
Arunachal Pradesh,35.21,2957.4,3,8.92,0.613,89.9,2.9,4.8,32.1,41.1,0.04,0.01,61.1,8.8,27.1,0
Mizoram,31.67,2185.0,3,3.4,0.556,12.0,115.8,243.4,74.7,112.7,0.042,0.018,52.3,65.1,60.6,1
Meghalaya,33.97,934.7,1,2.91,0.716,58.5,26.3,46.1,13.0,17.1,0.024,0.048,46.0,10.4,22.9,0
Assam,19.46,759.2,3,8.49,0.71,7.2,280.0,658.8,99.0,145.6,0.666,0.036,37.8,98.1,77.0,1
Sikkim,35.13,3041.3,3,3.73,0.561,83.0,87.1,158.7,75.5,93.0,0.18,0.01,60.1,55.3,57.0,0
Meghalaya,27.97,1629.9,1,3.89,0.509,98.8,7.3,19.5,27.9,41.4,0.004,0.015,46.0,9.0,21.9,0
Meghalaya,35.89,1631.1,2,2.56,0.524,49.5,104.4,153.1,47.6,62.0,0.011,0.023,76.9,49.5,59.1,0
Mizoram,41.28,2077.3,3,2.1,0.67,31.3,1.6,3.3,24.4,31.0,0.07,0.001,63.5,6.7,26.6,0
Arunachal Pradesh,25.2,1936.8,1,2.95,0.829,84.6,6.1,12.2,29.7,37.2,0.012,0.012,39.6,6.3,18.0,0
Arunachal Pradesh,35.77,2580.0,3,2.04,0.578,52.1,28.9,48.2,43.8,69.4,0.062,0.021,62.6,24.8,38.0,0
Arunachal Pradesh,25.37,1948.9,2,1.89,0.585,44.9,4.4,6.6,44.7,55.4,0.139,0.061,64.4,14.6,32.0,0
Nagaland,35.45,1629.9,1,22.78,0.594,22.8,38.1,65.5,10.6,16.4,0.064,0.034,33.6,13.8,20.7,0
Arunachal Pradesh,31.66,3061.2,2,1.84,0.563,61.6,7.7,12.2,28.4,35.5,0.082,0.004,73.7,7.2,30.4,0
Meghalaya,40.13,937.4,2,1.33,0.64,60.6,47.4,78.6,56.0,83.8,0.078,0.026,71.9,32.8,46.5,1
Arunachal Pradesh,36.39,4193.3,2,1.97,0.583,26.3,5.6,14.7,14.5,19.4,0.026,0.003,72.1,1.4,26.1,0
Manipur,23.04,980.7,2,4.02,0.5,21.1,155.2,374.7,99.0,127.2,0.196,0.012,60.6,85.5,76.8,1
Assam,14.86,905.6,2,10.89,0.797,43.9,147.3,235.5,99.0,175.9,4.597,0.023,40.2,89.1,72.0,0
Meghalaya,32.63,1905.5,2,6.98,0.814,45.1,116.8,310.9,99.0,139.5,0.873,0.01,62.6,79.9,73.9,1
Sikkim,38.67,2909.9,1,8.31,0.781,12.8,3.2,8.4,33.1,46.2,0.004,0.02,30.9,14.9,20.5,0
Sikkim,40.93,2901.2,3,8.82,0.733,27.6,36.5,63.9,48.1,85.7,0.023,0.057,58.3,28.2,38.7,0
Arunachal Pradesh,32.57,3215.6,2,11.4,0.592,16.0,55.5,81.5,43.7,72.2,0.049,0.013,51.0,33.9,39.9,0
Sikkim,18.29,4019.0,3,1.21,0.719,90.1,104.8,248.5,99.0,154.2,0.063,0.031,49.4,70.5,63.1,0
Mizoram,39.43,2007.9,3,2.76,0.587,7.4,29.6,65.6,46.5,61.3,0.007,0.004,60.1,22.7,35.8,0
Meghalaya,33.99,1526.4,2,2.19,0.791,87.9,136.0,261.8,97.7,153.9,0.068,0.064,74.4,80.8,78.5,1
Assam,27.61,501.3,1,2.16,0.55,52.8,5.9,8.6,8.3,13.8,0.103,0.021,41.5,4.9,17.7,0
Sikkim,26.21,1719.9,3,4.75,0.762,66.5,25.6,40.4,21.0,36.1,0.126,0.024,47.9,15.3,26.7,0
Mizoram,32.69,1977.7,3,2.31,0.753,92.3,13.1,29.4,35.8,61.6,0.058,0.077,54.1,22.2,33.4,0
Meghalaya,30.42,1708.2,1,4.31,0.792,36.5,7.6,17.8,8.6,10.8,0.063,0.01,36.1,9.0,18.5,0
Meghalaya,44.06,1401.1,3,2.17,0.686,70.3,15.2,25.7,11.7,16.1,0.139,0.011,64.7,11.2,29.9,0
Sikkim,42.92,1746.7,1,1.68,0.677,67.2,49.2,99.7,55.6,82.8,0.025,0.017,52.3,36.7,42.1,0
Meghalaya,31.47,1731.5,1,1.96,0.761,98.8,151.0,396.4,99.0,147.0,1.046,0.009,48.6,85.3,72.5,1
Meghalaya,35.6,1543.8,2,7.33,0.759,4.6,9.0,15.7,17.3,25.9,0.018,0.001,53.8,9.2,24.8,0
Mizoram,28.77,2174.3,1,4.14,0.722,45.5,1.5,3.8,24.8,43.7,0.023,0.015,36.8,10.0,19.3,0
Assam,22.31,763.2,3,16.42,0.684,99.0,115.7,208.7,99.0,142.5,0.035,0.001,47.5,69.4,61.7,1
Sikkim,58.02,1788.2,3,8.04,0.584,32.8,17.0,44.1,48.5,81.8,0.063,0.014,69.8,24.4,40.3,0
Arunachal Pradesh,33.03,3013.1,2,2.99,0.652,96.6,6.1,13.6,14.9,22.2,0.023,0.002,73.2,7.1,30.2,0
Meghalaya,32.57,1573.8,1,1.25,0.807,81.7,7.1,17.5,26.4,38.5,0.002,0.033,51.8,11.9,25.9,0
Meghalaya,26.54,2024.2,2,5.04,0.743,33.9,13.2,24.7,30.4,53.7,0.05,0.006,58.9,10.5,27.4,0
Arunachal Pradesh,30.05,3898.8,2,5.84,0.762,2.9,11.8,18.8,41.3,57.0,0.046,0.022,54.9,16.3,29.8,0
Nagaland,37.88,1602.5,2,2.81,0.658,28.0,14.8,23.7,39.3,54.3,0.108,0.021,74.2,19.6,38.7,0
Tripura,13.11,872.0,1,1.18,0.763,12.4,11.5,18.8,27.4,46.8,0.018,0.008,24.5,13.3,17.2,0
Assam,22.21,937.9,2,3.67,0.619,42.8,110.4,185.7,79.8,117.2,0.121,0.014,52.4,56.4,55.0,0
Arunachal Pradesh,44.57,2820.0,2,1.32,0.673,94.0,65.3,172.1,58.7,92.0,0.043,0.039,86.0,49.3,62.1,0
Manipur,17.46,247.5,3,12.66,0.598,51.3,1.2,2.6,24.6,30.5,0.012,0.044,34.7,9.5,18.3,0
Mizoram,40.6,1201.7,3,4.46,0.638,44.8,9.5,16.2,27.4,41.5,0.025,0.006,58.6,11.6,28.0,0
Meghalaya,39.88,838.5,2,1.55,0.669,21.6,169.5,386.3,99.0,151.1,1.53,0.015,73.8,95.7,88.0,1
Meghalaya,29.0,1034.6,2,1.09,0.271,62.1,7.3,11.0,29.0,45.6,0.031,0.017,75.6,9.8,32.9,0
Manipur,12.3,274.6,1,5.68,0.43,45.5,60.8,100.9,48.5,60.7,0.032,0.04,26.5,33.5,31.1,0
Meghalaya,35.13,1869.9,1,5.54,0.664,77.3,96.6,210.2,93.3,160.3,0.139,0.002,38.1,64.4,55.2,0
Sikkim,37.11,2363.3,3,4.09,0.735,51.6,96.0,199.6,87.6,127.2,1.511,0.005,57.0,66.5,63.2,1
Meghalaya,32.98,1437.6,2,4.29,0.73,88.7,0.5,0.8,19.8,27.3,0.044,0.004,75.4,5.4,29.9,0
Meghalaya,35.05,1455.6,1,4.17,0.755,78.3,228.2,334.5,99.0,153.0,2.785,0.025,46.2,100.0,81.2,1
Arunachal Pradesh,25.78,2543.9,2,2.01,0.746,14.5,173.4,388.9,99.0,151.1,0.167,0.003,58.2,89.3,78.4,1
Manipur,17.12,575.1,3,12.47,0.578,13.6,28.5,75.2,45.3,59.5,0.008,0.011,35.7,26.7,29.9,0
Mizoram,43.15,1302.3,2,2.94,0.674,2.4,7.1,17.6,31.1,43.0,0.044,0.052,70.0,20.6,37.9,0
Mizoram,33.19,1803.5,1,0.1,0.625,36.9,97.9,164.6,70.0,113.1,0.121,0.084,49.7,56.1,53.9,1
Arunachal Pradesh,42.28,2540.3,3,1.93,0.616,5.5,69.4,164.9,81.5,108.1,0.419,0.015,67.4,49.3,55.6,0
Mizoram,32.6,2061.7,2,0.63,0.622,45.0,7.3,12.5,11.3,16.7,0.001,0.087,72.0,7.1,29.8,0
Arunachal Pradesh,42.02,3267.2,2,2.03,0.391,24.1,33.7,83.3,60.0,103.5,0.0,0.004,79.5,29.3,46.9,1
Arunachal Pradesh,47.37,1728.6,2,4.22,0.48,49.8,10.5,25.7,28.5,34.6,0.002,0.009,79.3,9.8,34.2,0
Meghalaya,18.78,1401.8,3,0.1,0.833,15.8,134.0,229.0,95.4,162.4,1.297,0.029,44.4,76.5,65.3,1
Sikkim,43.97,3147.5,3,9.19,0.707,54.9,13.2,18.9,15.7,26.9,0.1,0.016,56.6,8.4,25.3,0
Mizoram,31.36,2182.8,2,4.24,0.357,96.6,19.5,41.5,44.3,72.3,0.0,0.012,77.2,24.3,42.8,0
Arunachal Pradesh,45.48,3100.6,1,1.58,0.502,63.7,73.0,166.7,69.6,108.7,0.059,0.063,59.2,48.0,51.9,0
Meghalaya,29.26,1802.6,2,1.68,0.592,56.4,103.6,184.6,93.9,138.7,1.926,0.007,68.5,70.7,69.9,1
Arunachal Pradesh,34.36,1636.1,1,2.82,0.792,78.8,116.1,230.6,94.8,151.8,4.14,0.032,44.3,77.5,65.9,1
Tripura,12.91,489.9,1,1.28,0.614,0.6,17.3,35.4,40.5,68.2,0.128,0.003,24.4,22.2,23.0,0
Meghalaya,31.54,1849.9,2,0.1,0.735,28.2,40.8,98.7,63.0,84.5,0.058,0.041,67.6,38.0,48.3,0
Mizoram,23.34,1152.7,1,0.12,0.632,98.7,162.2,271.3,99.0,172.8,0.806,0.006,47.5,88.1,73.9,1
Sikkim,36.71,2492.4,3,1.99,0.581,78.3,20.0,30.6,43.1,59.1,0.033,0.007,68.8,20.9,37.7,0
Arunachal Pradesh,39.18,3140.3,1,0.6,0.768,9.0,27.7,49.2,40.6,49.0,0.041,0.014,40.7,22.4,28.8,0
Tripura,15.74,155.9,2,0.1,0.465,32.6,52.5,110.1,52.8,85.2,0.013,0.001,57.8,28.1,38.5,0
Sikkim,24.97,2401.3,1,8.82,0.69,44.0,92.9,148.1,86.2,150.9,0.058,0.001,29.3,61.3,50.1,1
Meghalaya,19.81,1580.8,2,1.44,0.621,93.5,90.5,155.7,81.9,141.0,3.424,0.044,65.0,70.6,68.6,1
Mizoram,25.16,1916.5,1,3.15,0.806,58.6,18.5,38.7,39.8,52.3,0.079,0.012,41.5,20.4,27.8,0
Arunachal Pradesh,22.7,1937.7,2,0.89,0.562,7.7,4.2,10.1,12.6,22.3,0.014,0.0,61.7,4.7,24.6,0
Nagaland,32.79,1227.1,3,0.22,0.665,50.9,191.3,274.9,99.0,174.7,0.432,0.016,65.0,88.6,80.3,1
Meghalaya,48.74,1818.5,3,6.15,0.664,28.9,1.4,3.1,26.3,41.9,0.068,0.016,61.6,10.5,28.4,0
Sikkim,27.83,3302.7,2,0.6,0.747,33.9,95.8,185.6,78.2,105.8,0.089,0.025,62.2,59.2,60.2,1
Arunachal Pradesh,61.01,3666.2,1,0.12,0.674,11.4,1.2,2.6,30.4,44.1,0.071,0.048,63.2,12.6,30.3,0
Arunachal Pradesh,38.64,3861.0,1,3.98,0.761,45.9,169.0,388.2,99.0,150.6,0.394,0.032,48.2,91.3,76.2,1
Manipur,21.64,101.0,3,0.1,0.431,66.9,62.9,91.3,45.1,68.3,0.009,0.029,58.0,33.7,42.2,0
Mizoram,21.63,931.9,1,2.58,0.607,76.0,0.8,1.7,8.4,13.1,0.001,0.006,39.7,2.7,15.6,0
Sikkim,39.33,2936.3,2,1.53,0.428,69.5,32.0,87.1,59.0,79.9,0.004,0.008,82.6,32.9,50.3,0
Arunachal Pradesh,33.42,3309.3,3,1.73,0.611,66.1,49.5,98.5,35.9,47.2,0.024,0.036,62.0,27.9,39.8,0
Mizoram,42.61,1485.6,3,0.1,0.563,86.9,167.0,447.3,99.0,176.7,0.223,0.001,75.7,87.7,83.5,1
Meghalaya,19.82,1335.6,3,15.0,0.523,33.2,41.9,115.6,60.3,76.8,0.128,0.002,37.9,33.1,34.8,0
Sikkim,33.56,2444.4,3,3.27,0.634,21.5,84.1,190.8,85.7,119.5,0.179,0.01,54.3,58.1,56.7,1
Sikkim,30.96,1750.1,2,3.82,0.356,8.9,71.4,151.7,61.3,109.2,0.037,0.012,61.7,47.5,52.5,0
Arunachal Pradesh,40.68,3282.0,3,4.94,0.589,16.6,97.0,240.7,93.9,153.3,0.201,0.014,57.7,64.6,62.2,0
Mizoram,16.41,1013.4,2,7.19,0.499,14.9,7.8,19.5,35.1,53.9,0.028,0.04,51.5,20.8,31.5,0
Tripura,28.87,469.9,3,4.21,0.651,91.2,11.4,26.0,36.9,44.5,0.115,0.015,57.5,18.7,32.3,0
Arunachal Pradesh,40.34,3397.0,2,6.46,0.835,18.1,39.9,55.8,51.9,89.4,0.075,0.002,60.8,30.5,41.1,0
Mizoram,33.43,883.9,2,2.68,0.788,9.4,57.9,133.9,60.1,99.7,0.021,0.005,59.9,42.2,48.4,0
Meghalaya,23.91,1241.4,2,2.09,0.713,40.0,5.1,13.5,18.4,23.2,0.056,0.032,62.1,7.7,26.7,0
Meghalaya,37.32,1074.2,1,7.8,0.449,17.0,8.7,13.0,43.5,73.3,0.017,0.057,35.4,22.1,26.8,0
Sikkim,43.51,3152.0,2,9.02,0.411,13.1,115.3,209.7,99.0,134.4,0.982,0.01,68.6,70.5,69.8,1
Nagaland,40.43,1735.2,2,0.67,0.689,36.2,148.2,385.4,99.0,166.9,0.131,0.011,78.0,83.9,81.8,1
Meghalaya,29.73,1686.6,2,3.52,0.656,91.9,23.1,52.6,19.3,32.9,0.039,0.063,70.3,12.6,32.8,0
Meghalaya,21.21,1691.2,2,5.18,0.789,3.0,10.7,16.6,28.3,41.3,0.0,0.024,52.8,8.1,23.7,0
Sikkim,32.29,3579.9,2,0.39,0.579,20.8,67.0,149.7,59.0,73.6,0.086,0.001,70.4,40.6,51.0,0
Arunachal Pradesh,45.83,2688.5,1,11.94,0.799,82.4,174.1,394.4,99.0,152.1,2.046,0.022,48.2,98.1,80.6,1
Arunachal Pradesh,33.62,4061.2,2,3.3,0.529,24.5,12.8,19.8,28.0,42.9,0.051,0.018,69.2,13.9,33.3,0
Mizoram,45.85,1051.0,3,4.67,0.62,44.1,40.1,65.8,53.1,89.4,0.05,0.002,72.0,27.7,43.2,0
Arunachal Pradesh,44.68,1966.4,2,0.88,0.705,9.9,182.6,404.9,99.0,124.3,0.211,0.009,73.7,93.2,86.4,1
Mizoram,44.58,892.4,2,1.38,0.803,79.5,41.1,81.2,65.4,106.0,0.0,0.004,81.5,36.9,52.5,1
Sikkim,34.06,2003.6,2,0.58,0.624,73.6,41.3,71.2,38.0,64.8,0.059,0.007,72.5,25.5,41.9,1
Sikkim,41.44,4141.8,3,1.38,0.755,12.8,24.0,54.6,22.2,33.7,0.233,0.006,64.2,17.6,33.9,0
Meghalaya,25.22,1627.3,2,3.05,0.534,94.8,47.6,74.0,23.2,32.1,0.04,0.015,69.8,24.8,40.5,0
Sikkim,45.17,2942.1,1,8.07,0.771,59.1,145.2,226.3,95.4,128.5,0.921,0.008,44.7,77.0,65.7,1
Arunachal Pradesh,42.1,3745.6,3,3.43,0.49,79.8,16.0,22.7,24.7,34.3,0.077,0.019,70.1,10.8,31.5,0
Sikkim,44.15,2071.1,3,1.26,0.484,76.4,10.1,23.3,25.6,44.4,0.031,0.019,69.2,10.3,30.9,0
Mizoram,29.34,896.5,3,0.21,0.627,51.9,142.8,386.1,99.0,160.2,1.68,0.002,55.9,90.0,78.1,1
Mizoram,32.81,1798.9,2,4.38,0.662,74.7,2.8,4.0,10.4,16.6,0.057,0.044,70.3,8.1,29.9,0
Sikkim,38.54,3769.1,3,2.45,0.77,23.8,82.4,161.8,68.2,84.7,0.072,0.012,63.9,53.1,56.9,1
Meghalaya,29.37,1331.9,2,18.71,0.435,2.1,108.3,178.1,87.3,136.9,0.458,0.001,48.3,64.6,58.9,0
Arunachal Pradesh,39.49,3061.8,3,6.81,0.736,34.2,11.1,25.7,22.2,38.1,0.023,0.004,57.8,14.4,29.6,0
Arunachal Pradesh,40.95,2121.1,3,7.43,0.785,15.3,171.4,347.4,99.0,130.2,0.172,0.032,55.1,91.7,78.9,1
Arunachal Pradesh,42.51,2759.2,3,0.1,0.821,98.1,5.9,13.1,20.2,27.4,0.028,0.071,76.5,5.1,30.1,0
Manipur,17.61,577.6,2,6.77,0.6,92.4,20.6,53.0,32.9,58.7,0.04,0.037,55.8,20.2,32.7,0
Arunachal Pradesh,44.67,3235.2,3,0.97,0.808,14.4,27.5,60.4,48.6,74.2,0.065,0.029,62.0,28.3,40.1,0
Sikkim,44.06,4033.8,1,3.97,0.675,34.4,32.1,68.9,42.3,68.8,0.004,0.056,50.6,21.4,31.6,0
Sikkim,42.68,3291.0,1,2.67,0.838,50.9,149.9,240.0,98.2,137.7,0.514,0.016,49.2,77.4,67.6,1
Arunachal Pradesh,45.38,1780.1,2,3.81,0.562,39.9,23.3,47.6,27.5,37.4,0.073,0.004,73.2,13.4,34.3,0
Mizoram,30.72,1005.2,2,0.64,0.355,70.0,44.2,100.6,48.9,60.2,0.019,0.025,75.8,30.2,46.2,1
Arunachal Pradesh,28.7,3934.5,1,2.75,0.532,50.4,146.6,350.3,99.0,131.1,1.481,0.002,37.8,86.4,69.4,1
Arunachal Pradesh,44.1,3668.2,2,0.17,0.279,56.5,82.9,125.5,55.7,88.3,0.018,0.003,90.8,41.1,58.5,0
Mizoram,28.05,2123.6,1,0.19,0.527,67.8,135.8,320.3,99.0,137.3,2.625,0.021,46.2,84.8,71.3,1
Sikkim,25.27,3547.7,2,4.82,0.574,2.4,76.4,127.9,69.6,89.8,0.032,0.005,53.3,45.5,48.2,1
Mizoram,28.23,1219.0,3,13.64,0.694,1.2,2.2,5.1,8.5,10.7,0.03,0.022,39.6,2.8,15.7,0
Meghalaya,33.07,1911.5,3,6.76,0.46,17.8,10.9,19.5,15.1,25.8,0.043,0.001,49.0,11.6,24.7,0
Sikkim,49.75,2244.9,2,2.85,0.292,71.8,4.1,9.2,6.3,9.4,0.137,0.001,88.6,0.0,31.0,0
Mizoram,51.88,2120.4,3,0.26,0.643,24.0,25.6,41.4,44.9,64.3,0.204,0.008,78.4,27.1,45.1,0
Arunachal Pradesh,41.03,2219.8,2,0.21,0.638,92.0,57.9,158.9,74.4,97.9,0.013,0.036,82.8,42.0,56.3,0
Meghalaya,38.03,1647.6,3,0.77,0.641,7.8,104.6,249.2,89.7,133.6,1.503,0.003,68.8,72.8,71.4,1
Meghalaya,36.85,1141.7,2,16.75,0.517,58.0,77.8,136.6,79.9,140.0,0.026,0.01,64.5,51.9,56.3,0
Sikkim,40.6,3457.9,3,2.29,0.631,2.6,4.4,11.4,24.1,34.6,0.088,0.061,59.4,13.4,29.5,0
Mizoram,30.18,1098.5,3,8.34,0.623,97.2,23.8,65.1,46.9,58.3,0.05,0.005,57.4,25.2,36.5,0
Manipur,14.17,242.8,2,5.5,0.716,21.4,116.8,252.2,96.6,160.0,0.652,0.001,44.7,75.3,64.6,1
Tripura,32.8,578.7,2,4.18,0.603,58.8,24.0,45.2,49.4,66.1,0.037,0.013,69.6,22.4,38.9,0
Mizoram,28.4,1453.7,2,13.29,0.439,95.3,45.3,75.4,29.8,48.5,0.091,0.002,62.5,22.7,36.7,0
Sikkim,35.64,3093.3,2,1.18,0.616,3.0,22.0,49.9,18.4,30.3,0.001,0.002,68.3,13.8,32.9,0
Sikkim,37.01,2195.7,2,2.73,0.661,51.3,59.2,103.5,54.4,91.6,0.028,0.005,76.7,36.0,50.2,0
Sikkim,33.43,1582.8,2,9.0,0.482,52.7,61.1,161.5,63.9,85.0,0.006,0.004,61.2,42.3,48.9,0
Meghalaya,35.49,1415.3,2,3.61,0.845,35.1,6.7,11.9,21.9,28.3,0.032,0.022,66.2,11.5,30.6,0
Sikkim,33.56,1897.1,2,1.27,0.574,65.5,180.7,279.8,99.0,138.1,0.515,0.019,74.2,87.6,82.9,1
Manipur,18.2,818.2,3,1.05,0.57,54.3,22.0,61.2,27.4,44.1,0.038,0.05,52.9,23.9,34.0,0
Sikkim,32.97,2484.0,3,6.29,0.692,24.9,219.7,426.9,99.0,175.2,0.876,0.054,48.2,92.0,76.7,1
Sikkim,35.28,2999.3,1,0.1,0.627,70.5,132.7,307.7,92.6,148.4,0.596,0.004,54.2,81.8,72.2,1
Sikkim,28.36,1579.9,1,11.05,0.42,46.6,102.5,181.6,76.9,137.5,0.018,0.025,34.6,59.9,51.0,0
Nagaland,22.65,813.6,1,0.1,0.539,47.0,32.2,56.4,42.5,66.9,0.086,0.068,42.0,30.3,34.4,0
Mizoram,43.38,1743.4,1,4.49,0.612,95.2,13.3,26.6,28.5,50.6,0.011,0.019,55.1,14.1,28.4,0
Mizoram,38.07,1278.7,1,4.18,0.671,53.5,146.8,379.7,99.0,161.8,1.984,0.039,42.6,89.9,73.4,1
Sikkim,50.16,2929.9,3,3.89,0.307,78.5,124.2,271.8,99.0,139.1,0.395,0.053,78.6,81.4,80.5,1
Nagaland,42.75,1617.0,3,2.89,0.592,86.7,134.7,287.5,99.0,159.2,0.154,0.005,66.3,80.5,75.6,1
Arunachal Pradesh,30.66,1720.9,2,8.61,0.696,58.1,11.5,22.2,20.9,27.3,0.057,0.061,61.7,14.9,31.3,0
Manipur,28.27,433.6,2,4.85,0.655,78.6,108.2,189.0,83.4,120.9,1.34,0.028,63.9,66.6,65.7,0
Meghalaya,39.37,2026.1,3,6.85,0.711,31.0,86.3,212.7,67.6,95.2,0.004,0.01,51.9,51.9,51.9,1
Sikkim,35.22,3941.5,3,0.55,0.74,18.2,157.1,223.3,95.7,160.6,2.474,0.008,62.4,86.0,77.7,1
Meghalaya,34.42,1417.2,3,0.23,0.81,69.6,10.7,28.9,23.5,40.2,0.082,0.012,63.9,13.1,30.9,0
Mizoram,37.81,1507.2,1,0.13,0.662,92.6,25.0,62.0,37.4,61.8,0.065,0.042,53.6,21.9,33.0,0
Arunachal Pradesh,43.03,2577.6,1,0.72,0.715,4.2,122.0,225.4,97.4,165.9,0.413,0.015,48.7,70.7,63.0,0
Manipur,19.35,331.3,1,4.95,0.659,76.3,86.9,223.7,99.0,123.4,0.156,0.005,37.0,59.6,51.7,0
Meghalaya,33.18,1306.3,2,3.07,0.62,2.8,30.2,56.6,41.1,69.9,0.008,0.028,59.8,24.9,37.1,0
Sikkim,41.94,2197.1,3,6.28,0.734,45.9,35.5,65.5,40.3,53.6,0.065,0.012,61.4,24.1,37.2,0
Arunachal Pradesh,34.97,4120.7,2,0.96,0.709,67.7,150.4,275.4,99.0,164.0,0.158,0.016,77.5,82.1,80.5,0
Meghalaya,36.02,1111.9,3,2.06,0.437,40.5,130.3,255.7,99.0,147.6,0.023,0.007,63.7,75.2,71.2,1
Meghalaya,27.3,2156.8,2,9.87,0.76,30.1,202.6,518.2,99.0,133.5,0.97,0.004,53.8,90.5,77.7,1
Sikkim,50.04,2088.1,3,12.35,0.599,18.7,15.4,27.1,27.8,46.5,0.024,0.016,58.5,13.7,29.4,0
Mizoram,39.01,2049.8,1,11.46,0.441,97.8,264.6,599.8,99.0,120.3,0.601,0.0,47.5,88.9,74.4,1
Meghalaya,37.97,2139.1,1,7.67,0.756,57.0,135.2,220.5,95.0,170.4,1.89,0.012,43.7,79.6,67.0,0
Assam,22.36,213.1,2,5.24,0.546,12.8,91.6,255.1,99.0,149.3,0.622,0.005,54.1,70.8,64.9,0
Mizoram,33.67,1312.4,1,11.02,0.547,4.8,24.1,41.3,24.2,35.2,0.012,0.018,31.1,15.0,20.6,0
Nagaland,39.3,1713.7,3,5.64,0.566,24.3,191.5,491.2,99.0,152.2,0.992,0.057,56.6,94.7,81.4,1
Arunachal Pradesh,29.07,2818.0,1,13.85,0.563,53.9,197.0,340.5,99.0,171.4,2.744,0.049,33.1,95.7,73.8,0
Sikkim,31.37,2083.6,3,0.11,0.383,75.2,23.2,46.9,39.1,53.6,0.107,0.014,65.3,19.2,35.3,0
Sikkim,43.1,3767.4,1,11.46,0.72,98.1,30.5,53.8,43.9,59.3,0.072,0.014,47.6,21.8,30.9,0
Meghalaya,31.85,2118.3,2,3.65,0.396,83.4,18.3,44.6,48.6,79.6,0.094,0.001,72.8,27.0,43.0,0
Manipur,16.8,830.8,3,0.53,0.573,61.2,10.5,24.6,29.8,43.6,0.023,0.007,55.3,15.7,29.5,0
Arunachal Pradesh,47.57,3991.9,3,1.09,0.758,66.6,250.9,392.6,99.0,148.3,1.791,0.015,74.0,97.9,89.5,1
Arunachal Pradesh,39.19,2070.7,2,8.6,0.696,52.2,9.4,23.8,37.3,55.7,0.012,0.015,63.2,15.0,31.8,0
Manipur,22.06,135.8,3,3.17,0.646,43.5,75.7,201.3,87.7,147.6,0.073,0.011,54.3,59.8,57.8,1
Arunachal Pradesh,47.81,2755.6,2,18.29,0.721,78.5,24.6,36.7,35.6,47.5,0.026,0.017,71.1,17.2,36.1,0
Mizoram,31.14,1725.1,2,0.56,0.682,17.7,3.9,6.0,15.6,21.7,0.087,0.041,68.9,8.2,29.4,0
